{
  "dataSources": [
    {
      "autoLoad": false,
      "customQuery": "",
      "key": "pwiJzcvvFXAsK3Elqj6eRuJsY9t0qEgI_default",
      "modelKey": "pwiJzcvvFXAsK3Elqj6eRuJsY9t0qEgI",
      "name": "Audience",
      "parameters": {
        "name": "QueryParameters",
        "properties": [{
          "name": "Active",
          "value": true
        }],
        "type": "PropertyMap[QueryParameters]"
      },
      "type": "QUERY",
      "where": "Active \u003d :Active",
      "wherePathMappings": [{
        "keyPath": "Active",
        "namePath": "REJREr5EsMCYbi3h"
      }]
    },
    {
      "autoLoad": false,
      "key": "2RcIqvXWKL7tBhIXsNoyQp2FHaBEQy4i",
      "modelKey": "pwiJzcvvFXAsK3Elqj6eRuJsY9t0qEgI",
      "name": "AudienceAll",
      "type": "QUERY"
    },
    {
      "autoLoad": false,
      "customProperties": [{
        "category": "Custom Properties",
        "deprecated": false,
        "designTime": false,
        "experimental": false,
        "hidden": false,
        "key": "rDAoLZMv",
        "name": "Ou",
        "persisted": true,
        "readonly": false,
        "type": "String"
      }],
      "customQuery": "query.filters.Name._equals \u003d query.parameters.Ou;\nreturn query.run();",
      "key": "2O1vQqDRCDIa9Fq6pzlTVy7y1BWvNGN3",
      "modelKey": "pwiJzcvvFXAsK3Elqj6eRuJsY9t0qEgI",
      "name": "GetAudience",
      "pageSize": 100,
      "type": "QUERY"
    },
    {
      "customQuery": "query.filters.Active._equals \u003d true;\nreturn query.run().slice(1);",
      "key": "ORLMPukSXInrdI9fFDUrXvp3BHTzA6sq",
      "modelKey": "pwiJzcvvFXAsK3Elqj6eRuJsY9t0qEgI",
      "name": "AvailableAudiences",
      "type": "QUERY",
      "wherePathMappings": []
    }
  ],
  "defaultDataSourceKey": "pwiJzcvvFXAsK3Elqj6eRuJsY9t0qEgI_default",
  "displayNameField": "Fnsl93qKdiR9OeDF",
  "eventPermissions": [
    {
      "name": "ON_CREATE",
      "permissions": [
        {"type": "nobody"},
        {
          "groupKeys": ["Admins"],
          "type": "groups"
        }
      ],
      "type": "compound"
    },
    {
      "name": "ON_LOAD",
      "type": "inherited"
    },
    {
      "name": "ON_SAVE",
      "permissions": [
        {"type": "nobody"},
        {
          "groupKeys": ["Admins"],
          "type": "groups"
        }
      ],
      "type": "compound"
    },
    {
      "name": "ON_DELETE",
      "permissions": [
        {"type": "nobody"},
        {
          "groupKeys": ["Admins"],
          "type": "groups"
        }
      ],
      "type": "compound"
    }
  ],
  "events": [],
  "fields": [
    {
      "allowedFilterOperators": [
        "eq",
        "gt",
        "gte",
        "in",
        "lt",
        "lte",
        "ne",
        "notIn"
      ],
      "autoIncrement": true,
      "columnName": "Id",
      "integer": false,
      "key": "DQsc7vNmgkuQCj0z",
      "name": "Id",
      "required": false,
      "sqlType": "INT",
      "type": "Number",
      "unsigned": false,
      "writableAfterSave": false
    },
    {
      "allowedFilterOperators": [
        "contains",
        "eq",
        "gt",
        "gte",
        "in",
        "lt",
        "lte",
        "ne",
        "notContains",
        "notIn",
        "notStartsWith",
        "startsWith"
      ],
      "columnName": "Name",
      "key": "Fnsl93qKdiR9OeDF",
      "minLength": 0,
      "name": "Name",
      "required": false,
      "sqlType": "VARCHAR",
      "sqlTypeColumnSize": "255",
      "type": "String",
      "unsigned": false
    },
    {
      "allowedFilterOperators": [
        "contains",
        "eq",
        "gt",
        "gte",
        "in",
        "lt",
        "lte",
        "ne",
        "notContains",
        "notIn",
        "notStartsWith",
        "startsWith"
      ],
      "columnName": "MaterialIcon",
      "key": "lxMpuWYnvcvP7C64",
      "minLength": 0,
      "name": "MaterialIcon",
      "required": false,
      "sqlType": "VARCHAR",
      "sqlTypeColumnSize": "255",
      "type": "String",
      "unsigned": false
    },
    {
      "allowedFilterOperators": [
        "contains",
        "eq",
        "gt",
        "gte",
        "in",
        "lt",
        "lte",
        "ne",
        "notContains",
        "notIn",
        "notStartsWith",
        "startsWith"
      ],
      "columnName": "orgUnitId",
      "key": "554yitVrdhoAWiLT",
      "minLength": 0,
      "name": "orgUnitId",
      "required": false,
      "sqlType": "VARCHAR",
      "sqlTypeColumnSize": "255",
      "type": "String",
      "unsigned": false
    },
    {
      "allowedFilterOperators": [
        "eq",
        "in",
        "ne",
        "notIn"
      ],
      "columnName": "Active",
      "defaultValue": false,
      "key": "REJREr5EsMCYbi3h",
      "name": "Active",
      "required": false,
      "sqlType": "TINYINT",
      "sqlTypeColumnSize": "1",
      "type": "Boolean",
      "unsigned": false
    },
    {
      "allowedFilterOperators": [
        "contains",
        "eq",
        "gt",
        "gte",
        "in",
        "lt",
        "lte",
        "ne",
        "notContains",
        "notIn",
        "notStartsWith",
        "startsWith"
      ],
      "columnName": "Allowed",
      "key": "uQntcpXZItixpsl1",
      "minLength": 0,
      "name": "Allowed",
      "required": false,
      "sqlType": "VARCHAR",
      "sqlTypeColumnSize": "255",
      "type": "String",
      "unsigned": false
    }
  ],
  "key": "pwiJzcvvFXAsK3Elqj6eRuJsY9t0qEgI",
  "modelPermission": {
    "name": "model permission",
    "type": "compoundEveryone"
  },
  "name": "Audience",
  "primaryKeyColumns": ["DQsc7vNmgkuQCj0z"],
  "table": "Audience",
  "type": "SPECKLE",
  "userIdFieldType": "USER_ID",
  "view": false
}