{
  "dataSources": [
    {
      "autoLoad": false,
      "customProperties": [
        {
          "category": "Custom Properties",
          "deprecated": false,
          "designTime": false,
          "experimental": false,
          "hidden": false,
          "key": "nl7RcmFt",
          "name": "selectedCategoryKey",
          "persisted": true,
          "readonly": false,
          "type": "String"
        },
        {
          "category": "Custom Properties",
          "deprecated": false,
          "designTime": false,
          "experimental": false,
          "hidden": false,
          "key": "L478WUFV",
          "name": "currentUserOU",
          "persisted": true,
          "readonly": false,
          "type": "String"
        },
        {
          "category": "Custom Properties",
          "deprecated": false,
          "designTime": false,
          "experimental": false,
          "hidden": false,
          "key": "iaiQNaxv",
          "name": "SettingsKey",
          "persisted": true,
          "readonly": false,
          "type": "String"
        }
      ],
      "customQuery": "var settings;\nsettings \u003d app.models.Settings.getRecord(query.parameters.SettingsKey);\n\nif (query.parameters.currentUserOU !\u003d\u003d \"Super Admin\") {\n  query.filters.Audience.Name._in \u003d [query.parameters.currentUserOU];\n}\nif (settings.SortAlpha) {\n  query.sorting.DisplayName._ascending();\n} else {\n  query.sorting.Position._ascending();\n}\nquery.filters.Categories._key._equals \u003d query.parameters.selectedCategoryKey;\nreturn query.run();",
      "isDraft": true,
      "key": "wLPKz9QQjLX2R7BUmSxri7uzCzbZZHE2_default",
      "modelKey": "wLPKz9QQjLX2R7BUmSxri7uzCzbZZHE2",
      "name": "Buttons",
      "onLoad": "",
      "onRecordChanged": "",
      "pageSize": 100,
      "prefetch": [
        "pWEsEyzRCoU2rxajyPTpNmkiTDjrfyN5",
        "_mLmqcTYu0HdenOzEJzsRaQpJ29zpZcOs"
      ],
      "type": "QUERY"
    },
    {
      "key": "NfIdloxrUhKEeYTTbHxH9AoekFhktfvl",
      "modelKey": "wLPKz9QQjLX2R7BUmSxri7uzCzbZZHE2",
      "name": "AllButtons",
      "onLoad": "",
      "onRecordChanged": "",
      "prefetch": [
        "_mLmqcTYu0HdenOzEJzsRaQpJ29zpZcOs",
        "pWEsEyzRCoU2rxajyPTpNmkiTDjrfyN5"
      ],
      "type": "QUERY",
      "wherePathMappings": []
    },
    {
      "autoLoad": false,
      "customProperties": [
        {
          "category": "Custom Properties",
          "deprecated": false,
          "designTime": false,
          "experimental": false,
          "hidden": false,
          "key": "HZErJV0F",
          "name": "currentUser",
          "persisted": true,
          "readonly": false,
          "type": "String"
        },
        {
          "category": "Custom Properties",
          "deprecated": false,
          "designTime": false,
          "experimental": false,
          "hidden": false,
          "key": "RuQgOAJJ",
          "name": "selectedCategoryKey",
          "persisted": true,
          "readonly": false,
          "type": "String"
        },
        {
          "category": "Custom Properties",
          "deprecated": false,
          "designTime": false,
          "experimental": false,
          "hidden": false,
          "key": "layYOEgZ",
          "name": "SettingsKey",
          "persisted": true,
          "readonly": false,
          "type": "String"
        }
      ],
      "customQuery": "var settings;\nsettings \u003d app.models.Settings.getRecord(query.parameters.SettingsKey);\n\nquery.filters.Categories._key._equals \u003d query.parameters.selectedCategoryKey;\nif (settings.SortAlpha) {\n  query.sorting.DisplayName._ascending();\n} else {\n  query.sorting.Position._ascending();\n}\nreturn query.run();",
      "isDraft": true,
      "key": "WOywUArnvb32DspB3iaRBu9FfudTG0sN",
      "modelKey": "wLPKz9QQjLX2R7BUmSxri7uzCzbZZHE2",
      "name": "MyButtons",
      "onLoad": "",
      "onRecordChanged": "",
      "prefetch": ["_mLmqcTYu0HdenOzEJzsRaQpJ29zpZcOs"],
      "type": "QUERY",
      "wherePathMappings": []
    },
    {
      "autoLoad": false,
      "bindings": [{
        "sourceExpression": "query.parameters.StringFilter",
        "targetExpression": "@datasources.oJkwILdWAOANxjiiGTREZoH3D1hn52Oq.query.parameters.dypwR0ap",
        "targetLiteralExpression": "@datasources.StarredList.query.parameters.StringFilter",
        "type": "BindingInfo"
      }],
      "customQuery": "",
      "key": "NfIWQygt6DlQ4ttfecGFXXSvThUBhiP4",
      "modelKey": "wLPKz9QQjLX2R7BUmSxri7uzCzbZZHE2",
      "name": "ListButtons",
      "parameters": {
        "name": "QueryParameters",
        "properties": [
          {
            "name": "MainCategory",
            "value": "Main"
          },
          {
            "name": "SelectedAudience",
            "value": {
              "list": [],
              "type": "List[String]"
            }
          },
          {
            "name": "UserEmail",
            "value": {
              "isNull": true,
              "type": "String"
            }
          },
          {
            "name": "StringFilter",
            "value": {
              "isNull": true,
              "type": "String"
            }
          }
        ],
        "type": "PropertyMap[QueryParameters]"
      },
      "prefetch": [
        "_mLmqcTYu0HdenOzEJzsRaQpJ29zpZcOs",
        "pWEsEyzRCoU2rxajyPTpNmkiTDjrfyN5"
      ],
      "type": "QUERY",
      "where": "(DisplayName contains? :StringFilter) and ((Categories.Owner \u003d :MainCategory and Audience.Name in :SelectedAudience) or (Categories.Owner \u003d :UserEmail))",
      "wherePathMappings": [
        {
          "keyPath": "DisplayName",
          "namePath": "hXDX1vcfZkRxIHzN"
        },
        {
          "keyPath": "Categories.Owner",
          "namePath": "_mLmqcTYu0HdenOzEJzsRaQpJ29zpZcOs.miek6bnmMoRNeMJo"
        },
        {
          "keyPath": "Audience.Name",
          "namePath": "pWEsEyzRCoU2rxajyPTpNmkiTDjrfyN5.Fnsl93qKdiR9OeDF"
        }
      ]
    }
  ],
  "defaultDataSourceKey": "wLPKz9QQjLX2R7BUmSxri7uzCzbZZHE2_default",
  "eventPermissions": [
    {
      "name": "ON_CREATE",
      "type": "compoundEveryone"
    },
    {
      "name": "ON_LOAD",
      "type": "inherited"
    },
    {
      "name": "ON_SAVE",
      "type": "compoundEveryone"
    },
    {
      "name": "ON_DELETE",
      "type": "compoundEveryone"
    }
  ],
  "events": [
    {
      "action": "",
      "type": "ON_SAVE"
    },
    {
      "action": "",
      "type": "ON_AFTER_CREATE"
    },
    {
      "action": "",
      "type": "ON_CREATE"
    }
  ],
  "fields": [
    {
      "allowedFilterOperators": [
        "eq",
        "gt",
        "gte",
        "in",
        "lt",
        "lte",
        "ne",
        "notIn"
      ],
      "autoIncrement": true,
      "columnName": "Id",
      "integer": false,
      "key": "cfoQHD8Xwd0vs7PX",
      "name": "Id",
      "required": false,
      "sqlType": "INT",
      "type": "Number",
      "unsigned": false,
      "writableAfterSave": false
    },
    {
      "allowedFilterOperators": [
        "contains",
        "eq",
        "gt",
        "gte",
        "in",
        "lt",
        "lte",
        "ne",
        "notContains",
        "notIn",
        "notStartsWith",
        "startsWith"
      ],
      "columnName": "DisplayName",
      "key": "hXDX1vcfZkRxIHzN",
      "minLength": 0,
      "name": "DisplayName",
      "required": false,
      "sqlType": "VARCHAR",
      "sqlTypeColumnSize": "255",
      "type": "String",
      "unsigned": false
    },
    {
      "allowedFilterOperators": [
        "contains",
        "eq",
        "gt",
        "gte",
        "in",
        "lt",
        "lte",
        "ne",
        "notContains",
        "notIn",
        "notStartsWith",
        "startsWith"
      ],
      "columnName": "Link",
      "key": "jd8gYoA0G4Bx3yyj",
      "minLength": 0,
      "name": "Link",
      "required": false,
      "sqlType": "VARCHAR",
      "sqlTypeColumnSize": "255",
      "type": "String",
      "unsigned": false
    },
    {
      "allowedFilterOperators": [
        "eq",
        "gt",
        "gte",
        "in",
        "lt",
        "lte",
        "ne",
        "notIn"
      ],
      "columnName": "Position",
      "integer": true,
      "key": "RQXcvp7AhU1o8NKM",
      "name": "Position",
      "required": false,
      "sqlType": "INT",
      "type": "Number",
      "unsigned": false
    },
    {
      "allowedFilterOperators": [
        "eq",
        "gt",
        "gte",
        "in",
        "lt",
        "lte",
        "ne",
        "notIn"
      ],
      "columnName": "Categories_fk",
      "foreignKey": true,
      "integer": false,
      "key": "kNTFjt1QFqcoIJeT",
      "name": "Categories_fk",
      "required": false,
      "sortable": false,
      "sqlType": "INT",
      "type": "Number",
      "unsigned": false
    },
    {
      "allowedFilterOperators": [
        "contains",
        "eq",
        "gt",
        "gte",
        "in",
        "lt",
        "lte",
        "ne",
        "notContains",
        "notIn",
        "notStartsWith",
        "startsWith"
      ],
      "columnName": "IconValue",
      "key": "JszwxbYCzdt2p5jw",
      "minLength": 0,
      "name": "IconValue",
      "required": false,
      "sqlType": "VARCHAR",
      "sqlTypeColumnSize": "255",
      "type": "String",
      "unsigned": false
    },
    {
      "allowedFilterOperators": [
        "contains",
        "eq",
        "gt",
        "gte",
        "in",
        "lt",
        "lte",
        "ne",
        "notContains",
        "notIn",
        "notStartsWith",
        "startsWith"
      ],
      "columnName": "ColorValue",
      "key": "VeeLuvHBqRdu6yEI",
      "minLength": 0,
      "name": "ColorValue",
      "required": false,
      "sqlType": "VARCHAR",
      "sqlTypeColumnSize": "255",
      "type": "String",
      "unsigned": false
    },
    {
      "allowedFilterOperators": [
        "contains",
        "eq",
        "gt",
        "gte",
        "in",
        "lt",
        "lte",
        "ne",
        "notContains",
        "notIn",
        "notStartsWith",
        "startsWith"
      ],
      "columnName": "TitleValue",
      "key": "1ik1iTWIpIWSbXij",
      "minLength": 0,
      "name": "TitleValue",
      "required": false,
      "sqlType": "VARCHAR",
      "sqlTypeColumnSize": "255",
      "type": "String",
      "unsigned": false
    },
    {
      "allowedFilterOperators": [
        "contains",
        "eq",
        "gt",
        "gte",
        "in",
        "lt",
        "lte",
        "ne",
        "notContains",
        "notIn",
        "notStartsWith",
        "startsWith"
      ],
      "columnName": "Kind",
      "key": "ZLJ0JCeiOsDVPYf9",
      "minLength": 0,
      "name": "Kind",
      "required": false,
      "sqlType": "VARCHAR",
      "sqlTypeColumnSize": "255",
      "type": "String",
      "unsigned": false
    },
    {
      "allowedFilterOperators": [
        "contains",
        "eq",
        "gt",
        "gte",
        "in",
        "lt",
        "lte",
        "ne",
        "notContains",
        "notIn",
        "notStartsWith",
        "startsWith"
      ],
      "columnName": "MimeType",
      "key": "9zArveO1FGVYWAsr",
      "minLength": 0,
      "name": "MimeType",
      "required": false,
      "sqlType": "VARCHAR",
      "sqlTypeColumnSize": "255",
      "type": "String",
      "unsigned": false
    },
    {
      "allowedFilterOperators": [
        "contains",
        "eq",
        "gt",
        "gte",
        "in",
        "lt",
        "lte",
        "ne",
        "notContains",
        "notIn",
        "notStartsWith",
        "startsWith"
      ],
      "columnName": "FaPrefix",
      "defaultValue": "fas",
      "key": "PkQFtwpHYUCbdOtT",
      "minLength": 0,
      "name": "FaPrefix",
      "required": false,
      "sqlType": "VARCHAR",
      "sqlTypeColumnSize": "255",
      "type": "String",
      "unsigned": false
    }
  ],
  "key": "wLPKz9QQjLX2R7BUmSxri7uzCzbZZHE2",
  "modelPermission": {
    "name": "model permission",
    "type": "compoundEveryone"
  },
  "name": "Buttons",
  "primaryKeyColumns": ["cfoQHD8Xwd0vs7PX"],
  "table": "Buttons",
  "type": "SPECKLE",
  "userIdFieldType": "USER_ID",
  "view": false
}