{
  "dataSources": [
    {
      "autoLoad": false,
      "customProperties": [{
        "category": "Custom Properties",
        "deprecated": false,
        "designTime": false,
        "experimental": false,
        "hidden": false,
        "key": "1mFvUOZl",
        "name": "currentUserOU",
        "persisted": true,
        "readonly": false,
        "type": "String"
      }],
      "customQuery": "query.filters.Owner._equals \u003d \u0027Main\u0027;\nif (query.parameters.currentUserOU !\u003d\u003d \"Super Admin\") {\n  query.filters.Audience.Name._in \u003d [query.parameters.currentUserOU];\n}\nquery.sorting.Position._ascending();\nreturn query.run();",
      "key": "dhv6ujpg5XIU4JVElBmDRqYkr2Gmt44J_default",
      "modelKey": "dhv6ujpg5XIU4JVElBmDRqYkr2Gmt44J",
      "name": "Categories",
      "type": "QUERY"
    },
    {
      "autoLoad": false,
      "customQuery": "",
      "key": "oKObr28MXpAR1sK8AZ8kItZfa4ZyoohD",
      "modelKey": "dhv6ujpg5XIU4JVElBmDRqYkr2Gmt44J",
      "name": "MyCategories",
      "parameters": {
        "name": "QueryParameters",
        "properties": [{
          "name": "currentUser",
          "value": {
            "isNull": true,
            "type": "String"
          }
        }],
        "type": "PropertyMap[QueryParameters]"
      },
      "sortFieldKeyPath": "PzU6Jp63m4Z3B7kh",
      "type": "QUERY",
      "where": "Owner \u003d :currentUser",
      "wherePathMappings": [{
        "keyPath": "Owner",
        "namePath": "miek6bnmMoRNeMJo"
      }]
    },
    {
      "key": "raQzN4SOtC6JHw8DlHJW2Z5kizCF1Rze",
      "modelKey": "dhv6ujpg5XIU4JVElBmDRqYkr2Gmt44J",
      "name": "AllCategories",
      "type": "QUERY"
    },
    {
      "autoLoad": false,
      "key": "mbNxB2GjJiQIluc1D8RDtmyur4tcUkRf",
      "modelKey": "dhv6ujpg5XIU4JVElBmDRqYkr2Gmt44J",
      "name": "DefaultCategory",
      "pageSize": 1,
      "parameters": {
        "name": "QueryParameters",
        "properties": [
          {
            "name": "main",
            "value": "Main"
          },
          {
            "name": "position",
            "value": 1
          }
        ],
        "type": "PropertyMap[QueryParameters]"
      },
      "type": "QUERY",
      "where": "Owner \u003d :main and Position \u003d :position  ",
      "wherePathMappings": [
        {
          "keyPath": "Position",
          "namePath": "PzU6Jp63m4Z3B7kh"
        },
        {
          "keyPath": "Owner",
          "namePath": "miek6bnmMoRNeMJo"
        }
      ]
    }
  ],
  "defaultDataSourceKey": "dhv6ujpg5XIU4JVElBmDRqYkr2Gmt44J_default",
  "displayNameField": "oHb1Fn2b6aoEvWGS",
  "eventPermissions": [
    {
      "name": "ON_CREATE",
      "type": "compoundEveryone"
    },
    {
      "name": "ON_LOAD",
      "type": "compoundEveryone"
    },
    {
      "name": "ON_SAVE",
      "type": "compoundEveryone"
    },
    {
      "name": "ON_DELETE",
      "type": "compoundEveryone"
    }
  ],
  "events": [],
  "fields": [
    {
      "allowedFilterOperators": [
        "eq",
        "gt",
        "gte",
        "in",
        "lt",
        "lte",
        "ne",
        "notIn"
      ],
      "autoIncrement": true,
      "columnName": "Id",
      "integer": false,
      "key": "644xfCos5ixXmIxT",
      "name": "Id",
      "required": false,
      "sqlType": "INT",
      "type": "Number",
      "unsigned": false,
      "writableAfterSave": false
    },
    {
      "allowedFilterOperators": [
        "contains",
        "eq",
        "gt",
        "gte",
        "in",
        "lt",
        "lte",
        "ne",
        "notContains",
        "notIn",
        "notStartsWith",
        "startsWith"
      ],
      "columnName": "Name",
      "key": "oHb1Fn2b6aoEvWGS",
      "minLength": 0,
      "name": "Name",
      "required": false,
      "sqlType": "VARCHAR",
      "sqlTypeColumnSize": "255",
      "type": "String",
      "unsigned": false
    },
    {
      "allowedFilterOperators": [
        "contains",
        "eq",
        "gt",
        "gte",
        "in",
        "lt",
        "lte",
        "ne",
        "notContains",
        "notIn",
        "notStartsWith",
        "startsWith"
      ],
      "columnName": "Owner",
      "key": "miek6bnmMoRNeMJo",
      "minLength": 0,
      "name": "Owner",
      "required": false,
      "sqlType": "VARCHAR",
      "sqlTypeColumnSize": "255",
      "type": "String",
      "unsigned": false
    },
    {
      "allowedFilterOperators": [
        "eq",
        "gt",
        "gte",
        "in",
        "lt",
        "lte",
        "ne",
        "notIn"
      ],
      "columnName": "Position",
      "integer": false,
      "key": "PzU6Jp63m4Z3B7kh",
      "name": "Position",
      "required": false,
      "sqlType": "DOUBLE",
      "type": "Number",
      "unsigned": false
    },
    {
      "allowedFilterOperators": [
        "contains",
        "eq",
        "gt",
        "gte",
        "in",
        "lt",
        "lte",
        "ne",
        "notContains",
        "notIn",
        "notStartsWith",
        "startsWith"
      ],
      "columnName": "Admins",
      "key": "sq93tOa2lGdu7YFa",
      "minLength": 0,
      "name": "Admins",
      "required": false,
      "sqlType": "VARCHAR",
      "sqlTypeColumnSize": "255",
      "type": "String",
      "unsigned": false
    },
    {
      "allowedFilterOperators": [
        "eq",
        "in",
        "ne",
        "notIn"
      ],
      "columnName": "UseIcon",
      "defaultValue": false,
      "key": "sRs2T06HjwYe8Pd5",
      "name": "UseIcon",
      "required": false,
      "sqlType": "TINYINT",
      "sqlTypeColumnSize": "1",
      "type": "Boolean",
      "unsigned": false
    }
  ],
  "key": "dhv6ujpg5XIU4JVElBmDRqYkr2Gmt44J",
  "modelPermission": {
    "name": "model permission",
    "permissions": [
      {"type": "nobody"},
      {
        "groupKeys": ["Admins"],
        "type": "groups"
      }
    ],
    "type": "compound"
  },
  "name": "Categories",
  "primaryKeyColumns": ["644xfCos5ixXmIxT"],
  "table": "Categories",
  "type": "SPECKLE",
  "userIdFieldType": "USER_ID",
  "view": false
}