{
  "dataSources": [{
    "customQuery": "return [\n  {Color: \u0027#EEEEEE\u0027, Name: \u0027Greyish\u0027},\n  {Color: \"#DDDDDD\", Name: \"Silver\"},\n  {Color: \u0027#8F8F8F\u0027, Name: \u0027Dark Grey\u0027},\n  {Color: \u0027#7D9D8D\u0027, Name: \u0027Granny Smith\u0027},\n  {Color: \u0027#003F1F\u0027, Name: \u0027Racing Green\u0027},\n  {Color: \u0027#3F001F\u0027, Name: \u0027Blackberry\u0027},\n  {Color: \u0027#001f3f\u0027, Name: \u0027Navy\u0027},\n  {Color: \u0027#85144b\u0027, Name: \u0027Maroon\u0027},  \n  {Color: \u0027#F012BE\u0027, Name: \u0027Fuchsia\u0027},\n  {Color: \u0027#B10DC9\u0027, Name: \u0027Bright Purple\u0027},\n  {Color: \u0027#5A46AA\u0027, Name: \u0027Purple\u0027},\n  {Color: \u0027#0074D9\u0027, Name: \u0027Blue\u0027},\n  {Color: \u0027#7FDBFF\u0027, Name: \u0027Aqua\u0027},\n  {Color: \u0027#39CCCC\u0027, Name: \u0027Teal\u0027},\n  {Color: \u0027#3D9970\u0027, Name: \u0027Olive\u0027},\n//  {Color: \u0027#4688F1\u0027, Name: \u0027Light Blue\u0027},\n//  {Color: \u0027#479A5F\u0027, Name: \u0027Green\u0027},  \n  {Color: \u0027#00CC59\u0027, Name: \u0027Lime\u0027},\n  {Color: \u0027#b7b74c\u0027, Name: \u0027Olive\u0027},\n  {Color: \u0027#FFDC00\u0027, Name: \u0027Yellow\u0027},\n  {Color: \u0027#EBB53E\u0027, Name: \u0027Brown\u0027},\n  {Color: \u0027#FF851B\u0027, Name: \u0027Orange\u0027},\n  {Color: \u0027#FFCCFF\u0027, Name: \u0027Pink\u0027},\n  {Color: \u0027#E06666\u0027, Name: \"Roman\"},\n  {Color: \u0027#C94031\u0027, Name: \u0027Dull red\u0027},\n\n  ].map(function (item) {\n    var record;\n    record \u003d app.models.ColorsCalc.newRecord();\n    record.Name \u003d item.Name;\n    record.Value \u003d item.Color;\n    return record;\n  });",
    "key": "9i6L8Fqli65luwtjE2jHjAOBTx8gmWZV_default",
    "modelKey": "9i6L8Fqli65luwtjE2jHjAOBTx8gmWZV",
    "name": "ColorsCalc",
    "onRecordChanged": "",
    "type": "QUERY"
  }],
  "defaultDataSourceKey": "9i6L8Fqli65luwtjE2jHjAOBTx8gmWZV_default",
  "eventPermissions": [
    {
      "name": "ON_CREATE",
      "type": "inherited"
    },
    {
      "name": "ON_LOAD",
      "type": "inherited"
    },
    {
      "name": "ON_SAVE",
      "type": "inherited"
    },
    {
      "name": "ON_DELETE",
      "type": "inherited"
    }
  ],
  "events": [],
  "fields": [
    {
      "allowedFilterOperators": [
        "contains",
        "eq",
        "gt",
        "gte",
        "in",
        "lt",
        "lte",
        "ne",
        "notContains",
        "notIn",
        "notStartsWith",
        "startsWith"
      ],
      "columnName": "Name",
      "key": "5Yztxs4SE2UeCiD8",
      "minLength": 0,
      "name": "Name",
      "required": false,
      "type": "String"
    },
    {
      "allowedFilterOperators": [
        "contains",
        "eq",
        "gt",
        "gte",
        "in",
        "lt",
        "lte",
        "ne",
        "notContains",
        "notIn",
        "notStartsWith",
        "startsWith"
      ],
      "columnName": "Value",
      "key": "ovNtk9bxwZ2l46wn",
      "minLength": 0,
      "name": "Value",
      "required": false,
      "type": "String"
    }
  ],
  "key": "9i6L8Fqli65luwtjE2jHjAOBTx8gmWZV",
  "modelPermission": {
    "name": "model permission",
    "type": "compoundEveryone"
  },
  "name": "ColorsCalc",
  "type": "CALCULATED",
  "userIdFieldType": "USER_ID"
}