{
  "dataSources": [
    {
      "autoLoad": false,
      "customQuery": "",
      "key": "PS66vfekCYziINYWvTVdhAswGBCgcRaV_default",
      "modelKey": "PS66vfekCYziINYWvTVdhAswGBCgcRaV",
      "name": "DefaultButtons",
      "pageSize": 1,
      "parameters": {
        "name": "QueryParameters",
        "properties": [{
          "name": "currentUserEmail",
          "value": {
            "isNull": true,
            "type": "String"
          }
        }],
        "type": "PropertyMap[QueryParameters]"
      },
      "type": "QUERY",
      "where": "UserEmail \u003d :currentUserEmail",
      "wherePathMappings": [{
        "keyPath": "UserEmail",
        "namePath": "ifZDVpY3FXLiBxB5"
      }]
    },
    {
      "key": "k4ca61lMCzIJraLQKrXc5CSgcm1LEK0j",
      "modelKey": "PS66vfekCYziINYWvTVdhAswGBCgcRaV",
      "name": "AllDefaultButtons",
      "pageSize": 100,
      "type": "QUERY"
    }
  ],
  "defaultDataSourceKey": "PS66vfekCYziINYWvTVdhAswGBCgcRaV_default",
  "eventPermissions": [
    {
      "name": "ON_CREATE",
      "type": "inherited"
    },
    {
      "name": "ON_LOAD",
      "type": "inherited"
    },
    {
      "name": "ON_SAVE",
      "type": "inherited"
    },
    {
      "name": "ON_DELETE",
      "type": "inherited"
    }
  ],
  "events": [],
  "fields": [
    {
      "allowedFilterOperators": [
        "eq",
        "gt",
        "gte",
        "in",
        "lt",
        "lte",
        "ne",
        "notIn"
      ],
      "autoIncrement": true,
      "columnName": "Id",
      "integer": false,
      "key": "bKB4PHTPcMru7dDO",
      "name": "Id",
      "required": false,
      "sqlType": "INT",
      "type": "Number",
      "unsigned": false,
      "writableAfterSave": false
    },
    {
      "allowedFilterOperators": [
        "contains",
        "eq",
        "gt",
        "gte",
        "in",
        "lt",
        "lte",
        "ne",
        "notContains",
        "notIn",
        "notStartsWith",
        "startsWith"
      ],
      "columnName": "UserEmail",
      "key": "ifZDVpY3FXLiBxB5",
      "minLength": 0,
      "name": "UserEmail",
      "required": false,
      "sqlType": "VARCHAR",
      "sqlTypeColumnSize": "255",
      "type": "String",
      "unique": true,
      "unsigned": false
    },
    {
      "allowedFilterOperators": [
        "contains",
        "eq",
        "gt",
        "gte",
        "in",
        "lt",
        "lte",
        "ne",
        "notContains",
        "notIn",
        "notStartsWith",
        "startsWith"
      ],
      "columnName": "WhichButtonArea",
      "key": "fbicxoHyqApKnqXu",
      "minLength": 0,
      "name": "WhichButtonArea",
      "required": false,
      "sqlType": "VARCHAR",
      "sqlTypeColumnSize": "255",
      "type": "String",
      "unsigned": false
    },
    {
      "allowedFilterOperators": [
        "contains",
        "eq",
        "gt",
        "gte",
        "in",
        "lt",
        "lte",
        "ne",
        "notContains",
        "notIn",
        "notStartsWith",
        "startsWith"
      ],
      "columnName": "CategoryKey",
      "key": "QQqZlNugQVyz7ueL",
      "minLength": 0,
      "name": "CategoryKey",
      "required": false,
      "sqlType": "VARCHAR",
      "sqlTypeColumnSize": "255",
      "type": "String",
      "unsigned": false
    }
  ],
  "key": "PS66vfekCYziINYWvTVdhAswGBCgcRaV",
  "modelPermission": {
    "name": "model permission",
    "type": "compoundEveryone"
  },
  "name": "DefaultButtons",
  "primaryKeyColumns": ["bKB4PHTPcMru7dDO"],
  "table": "DefaultButtons",
  "type": "SPECKLE",
  "userIdFieldType": "USER_ID",
  "view": false
}