{
  "dataSources": [
    {
      "customQuery": "return SearchStarred(query);",
      "key": "1iDJOz5fTJvBdgCHf11JCNfEvUXN51Cu_default",
      "modelKey": "1iDJOz5fTJvBdgCHf11JCNfEvUXN51Cu",
      "name": "Search",
      "type": "QUERY"
    },
    {
      "customProperties": [
        {
          "category": "Custom Properties",
          "deprecated": false,
          "designTime": false,
          "experimental": false,
          "hidden": false,
          "key": "Gg32NayL",
          "name": "StringFilter",
          "persisted": true,
          "readonly": false,
          "type": "String"
        },
        {
          "category": "Custom Properties",
          "deprecated": false,
          "designTime": false,
          "experimental": false,
          "hidden": false,
          "key": "ztpq2TvR",
          "name": "Query",
          "persisted": true,
          "readonly": false,
          "type": "String"
        }
      ],
      "customQuery": "return SearchStarred_(query);",
      "key": "9bztnwF88EyJZ5ARvMn8HJyT7us7JLcb",
      "modelKey": "1iDJOz5fTJvBdgCHf11JCNfEvUXN51Cu",
      "name": "Starred",
      "type": "QUERY"
    },
    {
      "autoLoad": false,
      "customProperties": [{
        "category": "Custom Properties",
        "deprecated": false,
        "designTime": false,
        "experimental": false,
        "hidden": false,
        "key": "dypwR0ap",
        "name": "StringFilter",
        "persisted": true,
        "readonly": false,
        "type": "String"
      }],
      "customQuery": "console.log(query.parameters.StringFilter);\nreturn SearchStarred_(query);",
      "key": "oJkwILdWAOANxjiiGTREZoH3D1hn52Oq",
      "modelKey": "1iDJOz5fTJvBdgCHf11JCNfEvUXN51Cu",
      "name": "StarredList",
      "type": "QUERY"
    }
  ],
  "defaultDataSourceKey": "1iDJOz5fTJvBdgCHf11JCNfEvUXN51Cu_default",
  "eventPermissions": [
    {
      "name": "ON_CREATE",
      "type": "inherited"
    },
    {
      "name": "ON_LOAD",
      "type": "inherited"
    },
    {
      "name": "ON_SAVE",
      "type": "inherited"
    },
    {
      "name": "ON_DELETE",
      "type": "inherited"
    }
  ],
  "events": [],
  "fields": [
    {
      "allowedFilterOperators": [
        "contains",
        "eq",
        "gt",
        "gte",
        "in",
        "lt",
        "lte",
        "ne",
        "notContains",
        "notIn",
        "notStartsWith",
        "startsWith"
      ],
      "columnName": "DriveId",
      "key": "kempdH8RCrZzd4VC",
      "minLength": 0,
      "name": "DriveId",
      "required": false,
      "type": "String"
    },
    {
      "allowedFilterOperators": [
        "contains",
        "eq",
        "gt",
        "gte",
        "in",
        "lt",
        "lte",
        "ne",
        "notContains",
        "notIn",
        "notStartsWith",
        "startsWith"
      ],
      "columnName": "DisplayName",
      "key": "nILLkZq1L80Bk15p",
      "minLength": 0,
      "name": "DisplayName",
      "required": false,
      "type": "String"
    },
    {
      "allowedFilterOperators": [
        "contains",
        "eq",
        "gt",
        "gte",
        "in",
        "lt",
        "lte",
        "ne",
        "notContains",
        "notIn",
        "notStartsWith",
        "startsWith"
      ],
      "columnName": "Link",
      "key": "iylT0ajzjnt5LX3y",
      "minLength": 0,
      "name": "Link",
      "required": false,
      "type": "String"
    },
    {
      "allowedFilterOperators": [
        "contains",
        "eq",
        "gt",
        "gte",
        "in",
        "lt",
        "lte",
        "ne",
        "notContains",
        "notIn",
        "notStartsWith",
        "startsWith"
      ],
      "columnName": "ColorValue",
      "key": "zpAiZX8ojhy1cQP0",
      "minLength": 0,
      "name": "ColorValue",
      "required": false,
      "type": "String"
    },
    {
      "allowedFilterOperators": [
        "contains",
        "eq",
        "gt",
        "gte",
        "in",
        "lt",
        "lte",
        "ne",
        "notContains",
        "notIn",
        "notStartsWith",
        "startsWith"
      ],
      "columnName": "IconValue",
      "key": "P6QLsj1jRDkB7vZM",
      "minLength": 0,
      "name": "IconValue",
      "required": false,
      "type": "String"
    },
    {
      "allowedFilterOperators": [
        "eq",
        "in",
        "ne",
        "notIn"
      ],
      "columnName": "IsStarred",
      "defaultValue": false,
      "key": "moIORSuokjXgIXQZ",
      "name": "IsStarred",
      "required": false,
      "type": "Boolean"
    },
    {
      "allowedFilterOperators": [
        "eq",
        "gt",
        "gte",
        "in",
        "lt",
        "lte",
        "ne",
        "notIn"
      ],
      "columnName": "ViewedByMeTime",
      "key": "pJ2vm6pI7fEKMjPu",
      "name": "ViewedByMeTime",
      "required": false,
      "type": "Date"
    },
    {
      "allowedFilterOperators": [
        "contains",
        "eq",
        "gt",
        "gte",
        "in",
        "lt",
        "lte",
        "ne",
        "notContains",
        "notIn",
        "notStartsWith",
        "startsWith"
      ],
      "columnName": "TitleValue",
      "key": "XpYSKvtHsFR3a6XM",
      "minLength": 0,
      "name": "TitleValue",
      "required": false,
      "type": "String"
    }
  ],
  "key": "1iDJOz5fTJvBdgCHf11JCNfEvUXN51Cu",
  "modelPermission": {
    "name": "model permission",
    "type": "compoundEveryone"
  },
  "name": "Drive",
  "type": "CALCULATED",
  "userIdFieldType": "USER_ID"
}