{
  "dataSources": [{
    "customProperties": [{
      "category": "Custom Properties",
      "deprecated": false,
      "designTime": false,
      "experimental": false,
      "hidden": false,
      "key": "xg2J6gVV",
      "name": "Filter",
      "persisted": true,
      "readonly": false,
      "type": "String"
    }],
    "customQuery": "return IconsQuery_(query);",
    "key": "w9QRj504E6gmLJV33hj3rVEKLZgaPazm_default",
    "modelKey": "w9QRj504E6gmLJV33hj3rVEKLZgaPazm",
    "name": "IconsCalc",
    "type": "QUERY"
  }],
  "defaultDataSourceKey": "w9QRj504E6gmLJV33hj3rVEKLZgaPazm_default",
  "eventPermissions": [
    {
      "name": "ON_CREATE",
      "type": "inherited"
    },
    {
      "name": "ON_LOAD",
      "type": "inherited"
    },
    {
      "name": "ON_SAVE",
      "type": "inherited"
    },
    {
      "name": "ON_DELETE",
      "type": "inherited"
    }
  ],
  "events": [],
  "fields": [
    {
      "allowedFilterOperators": [
        "contains",
        "eq",
        "gt",
        "gte",
        "in",
        "lt",
        "lte",
        "ne",
        "notContains",
        "notIn",
        "notStartsWith",
        "startsWith"
      ],
      "columnName": "Name",
      "key": "jQyFpDxNmwwnKanG",
      "minLength": 0,
      "name": "Name",
      "required": false,
      "type": "String"
    },
    {
      "allowedFilterOperators": [
        "contains",
        "eq",
        "gt",
        "gte",
        "in",
        "lt",
        "lte",
        "ne",
        "notContains",
        "notIn",
        "notStartsWith",
        "startsWith"
      ],
      "columnName": "Icon",
      "key": "yV4LDAvUsZIggdwt",
      "minLength": 0,
      "name": "Icon",
      "required": false,
      "type": "String"
    }
  ],
  "key": "w9QRj504E6gmLJV33hj3rVEKLZgaPazm",
  "modelPermission": {
    "name": "model permission",
    "type": "compoundEveryone"
  },
  "name": "IconsCalc",
  "type": "CALCULATED",
  "userIdFieldType": "USER_ID"
}