{
  "dataSources": [{
    "autoLoad": false,
    "key": "4MRlo2EZ5R52YHKBOfGKaY91uMsBMO49_default",
    "modelKey": "4MRlo2EZ5R52YHKBOfGKaY91uMsBMO49",
    "name": "Icons",
    "onLoad": "",
    "onRecordChanged": "",
    "pageSize": 100,
    "type": "QUERY"
  }],
  "defaultDataSourceKey": "4MRlo2EZ5R52YHKBOfGKaY91uMsBMO49_default",
  "displayNameField": "xZmQZRg5OCNrzYEc",
  "eventPermissions": [
    {
      "name": "ON_CREATE",
      "permissions": [
        {"type": "nobody"},
        {
          "groupKeys": ["Admins"],
          "type": "groups"
        }
      ],
      "type": "compound"
    },
    {
      "name": "ON_LOAD",
      "type": "inherited"
    },
    {
      "name": "ON_SAVE",
      "permissions": [
        {"type": "nobody"},
        {
          "groupKeys": ["Admins"],
          "type": "groups"
        }
      ],
      "type": "compound"
    },
    {
      "name": "ON_DELETE",
      "permissions": [
        {"type": "nobody"},
        {
          "groupKeys": ["Admins"],
          "type": "groups"
        }
      ],
      "type": "compound"
    }
  ],
  "events": [],
  "fields": [
    {
      "allowedFilterOperators": [
        "eq",
        "gt",
        "gte",
        "in",
        "lt",
        "lte",
        "ne",
        "notIn"
      ],
      "autoIncrement": true,
      "columnName": "Id",
      "integer": false,
      "key": "MiTMoryesmgOKx3s",
      "name": "Id",
      "required": false,
      "sqlType": "INT",
      "type": "Number",
      "unsigned": false,
      "writableAfterSave": false
    },
    {
      "allowedFilterOperators": [
        "contains",
        "eq",
        "gt",
        "gte",
        "in",
        "lt",
        "lte",
        "ne",
        "notContains",
        "notIn",
        "notStartsWith",
        "startsWith"
      ],
      "columnName": "Name",
      "key": "xZmQZRg5OCNrzYEc",
      "minLength": 0,
      "name": "Name",
      "required": false,
      "sqlType": "VARCHAR",
      "sqlTypeColumnSize": "255",
      "type": "String",
      "unsigned": false
    },
    {
      "allowedFilterOperators": [
        "contains",
        "eq",
        "gt",
        "gte",
        "in",
        "lt",
        "lte",
        "ne",
        "notContains",
        "notIn",
        "notStartsWith",
        "startsWith"
      ],
      "columnName": "Value",
      "key": "VhnSelqeFUxQs6o5",
      "minLength": 0,
      "name": "Value",
      "required": false,
      "sqlType": "VARCHAR",
      "sqlTypeColumnSize": "255",
      "type": "String",
      "unsigned": false
    },
    {
      "allowedFilterOperators": [
        "contains",
        "eq",
        "gt",
        "gte",
        "in",
        "lt",
        "lte",
        "ne",
        "notContains",
        "notIn",
        "notStartsWith",
        "startsWith"
      ],
      "columnName": "Html",
      "key": "ylGveXTOaRwQBYEF",
      "minLength": 0,
      "name": "Html",
      "required": false,
      "sqlType": "VARCHAR",
      "sqlTypeColumnSize": "255",
      "type": "String",
      "unsigned": false
    },
    {
      "allowedFilterOperators": [
        "contains",
        "eq",
        "gt",
        "gte",
        "in",
        "lt",
        "lte",
        "ne",
        "notContains",
        "notIn",
        "notStartsWith",
        "startsWith"
      ],
      "columnName": "InternalId",
      "key": "nrqgBReWTPBmGdkt",
      "minLength": 0,
      "name": "InternalId",
      "required": false,
      "sqlType": "VARCHAR",
      "sqlTypeColumnSize": "255",
      "type": "String",
      "unsigned": false
    }
  ],
  "key": "4MRlo2EZ5R52YHKBOfGKaY91uMsBMO49",
  "modelPermission": {
    "name": "model permission",
    "type": "compoundEveryone"
  },
  "name": "Icons",
  "primaryKeyColumns": ["MiTMoryesmgOKx3s"],
  "table": "Icons",
  "type": "SPECKLE",
  "userIdFieldType": "USER_ID",
  "view": false
}