{
  "dataSources": [{
    "autoLoad": false,
    "customProperties": [{
      "category": "Custom Properties",
      "deprecated": false,
      "designTime": false,
      "experimental": false,
      "hidden": false,
      "key": "JNnwsics",
      "name": "StringFilter",
      "persisted": true,
      "readonly": false,
      "type": "String"
    }],
    "customQuery": "return handleListView(query, recordFactory, callback);",
    "key": "BCmWkzZAPb378eNCq0eZmWjgRsfdBV0u_default",
    "modelKey": "BCmWkzZAPb378eNCq0eZmWjgRsfdBV0u",
    "name": "ListView",
    "type": "QUERY"
  }],
  "defaultDataSourceKey": "BCmWkzZAPb378eNCq0eZmWjgRsfdBV0u_default",
  "eventPermissions": [
    {
      "name": "ON_CREATE",
      "type": "inherited"
    },
    {
      "name": "ON_LOAD",
      "type": "inherited"
    },
    {
      "name": "ON_SAVE",
      "type": "inherited"
    },
    {
      "name": "ON_DELETE",
      "type": "inherited"
    }
  ],
  "events": [],
  "fields": [
    {
      "allowedFilterOperators": [
        "contains",
        "eq",
        "gt",
        "gte",
        "in",
        "lt",
        "lte",
        "ne",
        "notContains",
        "notIn",
        "notStartsWith",
        "startsWith"
      ],
      "columnName": "Display",
      "key": "wIOJGphVSh2cKJ0O",
      "minLength": 0,
      "name": "Display",
      "required": false,
      "type": "String"
    },
    {
      "allowedFilterOperators": [
        "contains",
        "eq",
        "gt",
        "gte",
        "in",
        "lt",
        "lte",
        "ne",
        "notContains",
        "notIn",
        "notStartsWith",
        "startsWith"
      ],
      "columnName": "Link",
      "key": "seeMgtraCIu6m4Ly",
      "minLength": 0,
      "name": "Link",
      "required": false,
      "type": "String"
    },
    {
      "allowedFilterOperators": [
        "contains",
        "eq",
        "gt",
        "gte",
        "in",
        "lt",
        "lte",
        "ne",
        "notContains",
        "notIn",
        "notStartsWith",
        "startsWith"
      ],
      "columnName": "Location",
      "key": "BKvkUz83n0nMzsys",
      "minLength": 0,
      "name": "Location",
      "required": false,
      "type": "String"
    },
    {
      "allowedFilterOperators": [
        "contains",
        "eq",
        "gt",
        "gte",
        "in",
        "lt",
        "lte",
        "ne",
        "notContains",
        "notIn",
        "notStartsWith",
        "startsWith"
      ],
      "columnName": "Icon",
      "key": "CySo81Cp12DpYwaQ",
      "minLength": 0,
      "name": "Icon",
      "required": false,
      "type": "String"
    },
    {
      "allowedFilterOperators": [
        "eq",
        "gt",
        "gte",
        "in",
        "lt",
        "lte",
        "ne",
        "notIn"
      ],
      "columnName": "Position",
      "integer": false,
      "key": "sQqP9PUTdYMIudUg",
      "name": "Position",
      "required": false,
      "type": "Number"
    }
  ],
  "key": "BCmWkzZAPb378eNCq0eZmWjgRsfdBV0u",
  "modelPermission": {
    "name": "model permission",
    "permissions": [
      {"type": "nobody"},
      {
        "groupKeys": ["Admins"],
        "type": "groups"
      }
    ],
    "type": "compound"
  },
  "name": "ListView",
  "type": "CALCULATED_CLIENT",
  "userIdFieldType": "USER_ID"
}