{
  "dataSources": [{
    "autoLoad": false,
    "customQuery": "// will only be loaded when user is Superadmin\nvar response;\ntry {\n  response \u003d AdminDirectory.Orgunits.list(\u0027my_customer\u0027);\n} catch (e) {\n  return [];\n}\nreturn (response.organizationUnits || []).reduce(\n  function (acc, unit) {\n    var record;\n    record \u003d app.models.OUs.newRecord();\n    Object.keys(unit).forEach(function (key) {\n      record[key] \u003d unit[key];\n    });\n    acc.push(record);\n    return acc;\n  }, []\n);",
    "key": "pN3DqS9DbDxo5vjnbGPoH4rSRpjhcmdq_default",
    "modelKey": "pN3DqS9DbDxo5vjnbGPoH4rSRpjhcmdq",
    "name": "OUs",
    "type": "QUERY"
  }],
  "defaultDataSourceKey": "pN3DqS9DbDxo5vjnbGPoH4rSRpjhcmdq_default",
  "eventPermissions": [
    {
      "name": "ON_CREATE",
      "type": "inherited"
    },
    {
      "name": "ON_LOAD",
      "type": "inherited"
    },
    {
      "name": "ON_SAVE",
      "type": "inherited"
    },
    {
      "name": "ON_DELETE",
      "type": "inherited"
    }
  ],
  "events": [],
  "fields": [
    {
      "allowedFilterOperators": [
        "contains",
        "eq",
        "gt",
        "gte",
        "in",
        "lt",
        "lte",
        "ne",
        "notContains",
        "notIn",
        "notStartsWith",
        "startsWith"
      ],
      "columnName": "orgUnitId",
      "key": "GsUhweRzmhjeWkMI",
      "minLength": 0,
      "name": "orgUnitId",
      "required": false,
      "type": "String"
    },
    {
      "allowedFilterOperators": [
        "contains",
        "eq",
        "gt",
        "gte",
        "in",
        "lt",
        "lte",
        "ne",
        "notContains",
        "notIn",
        "notStartsWith",
        "startsWith"
      ],
      "columnName": "orgUnitPath",
      "key": "p8HF5qWFQXy4oTg5",
      "minLength": 0,
      "name": "orgUnitPath",
      "required": false,
      "type": "String"
    },
    {
      "allowedFilterOperators": [
        "contains",
        "eq",
        "gt",
        "gte",
        "in",
        "lt",
        "lte",
        "ne",
        "notContains",
        "notIn",
        "notStartsWith",
        "startsWith"
      ],
      "columnName": "description",
      "key": "9F1v3U1XivpaL5RA",
      "minLength": 0,
      "name": "description",
      "required": false,
      "type": "String"
    },
    {
      "allowedFilterOperators": [
        "contains",
        "eq",
        "gt",
        "gte",
        "in",
        "lt",
        "lte",
        "ne",
        "notContains",
        "notIn",
        "notStartsWith",
        "startsWith"
      ],
      "columnName": "parentOrgUnitPath",
      "key": "LfTt5yv0wcxXmEsX",
      "minLength": 0,
      "name": "parentOrgUnitPath",
      "required": false,
      "type": "String"
    },
    {
      "allowedFilterOperators": [
        "contains",
        "eq",
        "gt",
        "gte",
        "in",
        "lt",
        "lte",
        "ne",
        "notContains",
        "notIn",
        "notStartsWith",
        "startsWith"
      ],
      "columnName": "name",
      "key": "OXGW2xYyc1TfHnXt",
      "minLength": 0,
      "name": "name",
      "required": false,
      "type": "String"
    }
  ],
  "key": "pN3DqS9DbDxo5vjnbGPoH4rSRpjhcmdq",
  "modelPermission": {
    "name": "model permission",
    "type": "compoundEveryone"
  },
  "name": "OUs",
  "type": "CALCULATED",
  "userIdFieldType": "USER_ID"
}