{
  "dataSources": [{
    "key": "r31bAxW9VhMGCQzWH2qANJtr3H9pj6ma_default",
    "modelKey": "r31bAxW9VhMGCQzWH2qANJtr3H9pj6ma",
    "name": "UserButtonSets",
    "pageSize": 100,
    "type": "QUERY"
  }],
  "defaultDataSourceKey": "r31bAxW9VhMGCQzWH2qANJtr3H9pj6ma_default",
  "displayNameField": "5WXFHeiFdfwZQRed",
  "eventPermissions": [
    {
      "name": "ON_CREATE",
      "type": "inherited"
    },
    {
      "name": "ON_LOAD",
      "type": "compoundEveryone"
    },
    {
      "name": "ON_SAVE",
      "type": "inherited"
    },
    {
      "name": "ON_DELETE",
      "type": "inherited"
    }
  ],
  "events": [],
  "fields": [
    {
      "allowedFilterOperators": [
        "eq",
        "gt",
        "gte",
        "in",
        "lt",
        "lte",
        "ne",
        "notIn"
      ],
      "autoIncrement": true,
      "columnName": "Id",
      "integer": false,
      "key": "iAD71ea0mpDtE86o",
      "name": "Id",
      "required": false,
      "sqlType": "INT",
      "type": "Number",
      "unsigned": false,
      "writableAfterSave": false
    },
    {
      "allowedFilterOperators": [
        "contains",
        "eq",
        "gt",
        "gte",
        "in",
        "lt",
        "lte",
        "ne",
        "notContains",
        "notIn",
        "notStartsWith",
        "startsWith"
      ],
      "columnName": "Owner",
      "key": "3AcRnMnPlATYk9XY",
      "minLength": 0,
      "name": "Owner",
      "required": false,
      "sqlType": "VARCHAR",
      "sqlTypeColumnSize": "255",
      "type": "String",
      "unsigned": false
    },
    {
      "allowedFilterOperators": [
        "contains",
        "eq",
        "gt",
        "gte",
        "in",
        "lt",
        "lte",
        "ne",
        "notContains",
        "notIn",
        "notStartsWith",
        "startsWith"
      ],
      "columnName": "Title",
      "key": "5WXFHeiFdfwZQRed",
      "minLength": 0,
      "name": "Title",
      "required": false,
      "sqlType": "VARCHAR",
      "sqlTypeColumnSize": "255",
      "type": "String",
      "unsigned": false
    }
  ],
  "key": "r31bAxW9VhMGCQzWH2qANJtr3H9pj6ma",
  "modelPermission": {
    "name": "model permission",
    "permissions": [
      {"type": "nobody"},
      {
        "groupKeys": ["Admins"],
        "type": "groups"
      }
    ],
    "type": "compound"
  },
  "name": "UserButtonSets",
  "primaryKeyColumns": ["iAD71ea0mpDtE86o"],
  "table": "UserButtonSets",
  "type": "SPECKLE",
  "userIdFieldType": "USER_ID",
  "view": false
}