{
  "databaseId": "SPECKLE",
  "events": [],
  "joinTableName": "Notices_Has_Hashtags",
  "joinTablePkColumns": [],
  "key": "ac5I8rb0brOrIGBpFt9HyZgIyrNv7MkD",
  "owner": "NONE",
  "permission": {
    "name": "CanModifyAssociations",
    "type": "inherited"
  },
  "relationSubtype": "joinTableRelation",
  "sourceArity": "MANY",
  "sourceForeignKeyColumn": "Notices_fk",
  "sourceModelKey": "OX97XxpFhd2bE5vYSjDEoI3heIt2Rcdg",
  "sourceName": "Notices",
  "sourceSortAscending": true,
  "targetArity": "MANY",
  "targetForeignKeyColumn": "Hashtags_fk",
  "targetModelKey": "87iLKj7IxuGaYVxvihtQss31xnBfe5RL",
  "targetName": "Hashtags",
  "targetSortAscending": true
}