{
  "databaseId": "SPECKLE",
  "events": [],
  "joinTableName": "Notice_Has_Audience",
  "joinTablePkColumns": [],
  "key": "cDu1i8xjF91HZnAC5GPLkZAQyX28OmmI",
  "owner": "NONE",
  "permission": {
    "name": "CanModifyAssociations",
    "type": "inherited"
  },
  "relationSubtype": "joinTableRelation",
  "sourceArity": "MANY",
  "sourceForeignKeyColumn": "Notice_fk",
  "sourceModelKey": "OX97XxpFhd2bE5vYSjDEoI3heIt2Rcdg",
  "sourceName": "Notice",
  "sourceSortAscending": true,
  "targetArity": "MANY",
  "targetForeignKeyColumn": "Audience_fk",
  "targetModelKey": "CIeYkibFuO6EmRWDvA7j1aIqMQZ8shPq",
  "targetName": "Audience",
  "targetSortAscending": true
}