{
  "dataSources": [{
    "key": "CIeYkibFuO6EmRWDvA7j1aIqMQZ8shPq_default",
    "modelKey": "CIeYkibFuO6EmRWDvA7j1aIqMQZ8shPq",
    "name": "Audience",
    "pageSize": 100,
    "type": "QUERY"
  }],
  "defaultDataSourceKey": "CIeYkibFuO6EmRWDvA7j1aIqMQZ8shPq_default",
  "displayNameField": "s7GSQ9btIIo1Tmzk",
  "eventPermissions": [
    {
      "name": "ON_CREATE",
      "type": "inherited"
    },
    {
      "name": "ON_LOAD",
      "type": "inherited"
    },
    {
      "name": "ON_SAVE",
      "type": "inherited"
    },
    {
      "name": "ON_DELETE",
      "type": "inherited"
    }
  ],
  "events": [],
  "fields": [
    {
      "allowedFilterOperators": [
        "eq",
        "gt",
        "gte",
        "in",
        "lt",
        "lte",
        "ne",
        "notIn"
      ],
      "autoIncrement": true,
      "columnName": "Id",
      "integer": false,
      "key": "9NaJUVyLyrtu6D0H",
      "name": "Id",
      "required": false,
      "sqlType": "INT",
      "type": "Number",
      "unsigned": false,
      "writableAfterSave": false
    },
    {
      "allowedFilterOperators": [
        "contains",
        "eq",
        "gt",
        "gte",
        "in",
        "lt",
        "lte",
        "ne",
        "notContains",
        "notIn",
        "notStartsWith",
        "startsWith"
      ],
      "columnName": "Name",
      "key": "s7GSQ9btIIo1Tmzk",
      "minLength": 0,
      "name": "Name",
      "required": false,
      "sqlType": "VARCHAR",
      "sqlTypeColumnSize": "255",
      "type": "String",
      "unsigned": false
    }
  ],
  "key": "CIeYkibFuO6EmRWDvA7j1aIqMQZ8shPq",
  "modelPermission": {
    "name": "model permission",
    "type": "compoundEveryone"
  },
  "name": "Audience",
  "primaryKeyColumns": ["9NaJUVyLyrtu6D0H"],
  "table": "Audience",
  "type": "SPECKLE",
  "userIdFieldType": "USER_ID",
  "view": false
}