{
  "dataSources": [
    {
      "autoLoad": false,
      "customProperties": [
        {
          "category": "Custom Properties",
          "deprecated": false,
          "designTime": false,
          "experimental": false,
          "hidden": false,
          "key": "yE6gf7bJ",
          "name": "SearchField",
          "persisted": true,
          "readonly": false,
          "type": "String"
        },
        {
          "category": "Custom Properties",
          "deprecated": false,
          "designTime": false,
          "experimental": false,
          "hidden": false,
          "key": "7rSc4sYS",
          "name": "SettingsKey",
          "persisted": true,
          "readonly": false,
          "type": "String"
        },
        {
          "category": "Custom Properties",
          "deprecated": false,
          "designTime": false,
          "experimental": false,
          "hidden": false,
          "key": "Wf406rHY",
          "name": "SelectField",
          "persisted": true,
          "readonly": false,
          "type": "String"
        },
        {
          "category": "Custom Properties",
          "deprecated": false,
          "designTime": false,
          "experimental": false,
          "hidden": false,
          "key": "37Nm4uBP",
          "name": "SelectedDate",
          "persisted": true,
          "readonly": false,
          "sqlType": "DATETIME",
          "type": "Date"
        },
        {
          "category": "Custom Properties",
          "deprecated": false,
          "designTime": false,
          "experimental": false,
          "hidden": false,
          "key": "5i0v6Aiu",
          "name": "SearchMode",
          "persisted": true,
          "readonly": false,
          "type": "Boolean"
        },
        {
          "category": "Custom Properties",
          "deprecated": false,
          "designTime": false,
          "experimental": false,
          "hidden": false,
          "key": "JZzEH9BQ",
          "name": "Audience",
          "persisted": true,
          "readonly": false,
          "type": "String"
        }
      ],
      "customQuery": "var when, what, mode, which;\nwhat \u003d query.parameters.SearchField;\nwhen \u003d query.parameters.SelectedDate;\nmode \u003d query.parameters.SearchMode;\nwhich \u003d query.parameters.SelectField;\n\nquery.filters.Audience.Name._equals \u003d query.parameters.Audience;\nquery.sorting.StartsOn._descending();\n\n\nif (mode) {\n  if (!what) return [];\n  switch (which) {\n    case \u0027Content\u0027:  \n      query.filters.SearchTitleContent._contains \u003d what.toLowerCase();\n      break;\n    case \u0027Author\u0027:\n      query.filters.Owner._contains \u003d what;\n      break;\n    case \u0027Title\u0027:\n      query.filters.Title._contains \u003d what;\n      break;\n  }\n} else {\n  if (!when) return [];\n  query.filters.StartsOn._lessThanOrEquals \u003d when;\n  query.filters.EndsOn._greaterThanOrEquals \u003d when;\n  query.filters.Cancelled._equals \u003d false;\n}\nreturn query.run().map(function (item) {\n  var thisTime;\n  thisTime \u003d item.StartsOn;\n  item.IsNew \u003d thisTime.getDay() \u003d\u003d when.getDay() \u0026\u0026 thisTime.getMonth() \u003d\u003d when.getMonth() \u0026\u0026 thisTime.getFullYear() \u003d\u003d when.getFullYear();\n  return item;\n});",
      "key": "OX97XxpFhd2bE5vYSjDEoI3heIt2Rcdg_default",
      "modelKey": "OX97XxpFhd2bE5vYSjDEoI3heIt2Rcdg",
      "name": "TheseNotices",
      "pageSize": 100,
      "prefetch": [
        "_cDu1i8xjF91HZnAC5GPLkZAQyX28OmmI",
        "_ac5I8rb0brOrIGBpFt9HyZgIyrNv7MkD"
      ],
      "type": "QUERY"
    },
    {
      "customQuery": "",
      "key": "mNW5nozmHT6GaDimLhS8GFhYQLKiDu8G",
      "modelKey": "OX97XxpFhd2bE5vYSjDEoI3heIt2Rcdg",
      "name": "WholeSchoolNotices",
      "onLoad": "// determine the priority of these items by assessing its age\n// and who are more important",
      "pageSize": 100,
      "prefetch": ["_cDu1i8xjF91HZnAC5GPLkZAQyX28OmmI"],
      "type": "QUERY"
    },
    {
      "autoLoad": false,
      "customProperties": [{
        "category": "Custom Properties",
        "deprecated": false,
        "designTime": false,
        "experimental": false,
        "hidden": false,
        "key": "0adxbsmg",
        "name": "UserEmail",
        "persisted": true,
        "readonly": false,
        "type": "String"
      }],
      "customQuery": "query.filters.Owner._equals \u003d query.parameters.UserEmail; // \u0027adam.morris@igbis.edu.my\u0027;\nquery.filters.EndsOn._greaterThanOrEquals \u003d new Date();\nquery.sorting.StartsOn._ascending();\nreturn query.run();",
      "isDraft": true,
      "key": "KZNHVPaRQtw94UfSsBFi4LCV8oeHbfnU",
      "modelKey": "OX97XxpFhd2bE5vYSjDEoI3heIt2Rcdg",
      "name": "MyNotices",
      "pageSize": 50,
      "prefetch": ["_cDu1i8xjF91HZnAC5GPLkZAQyX28OmmI"],
      "type": "QUERY"
    }
  ],
  "defaultDataSourceKey": "OX97XxpFhd2bE5vYSjDEoI3heIt2Rcdg_default",
  "displayNameField": "fdPBAckZXEwDMwuU",
  "eventPermissions": [
    {
      "name": "ON_CREATE",
      "type": "inherited"
    },
    {
      "name": "ON_LOAD",
      "type": "inherited"
    },
    {
      "name": "ON_SAVE",
      "type": "inherited"
    },
    {
      "name": "ON_DELETE",
      "type": "inherited"
    }
  ],
  "events": [{
    "action": "// maintain a field that allows us to search\nrecord.SearchTitleContent \u003d (record.Title + \u0027 \u0027 + getTextFromHtml(record.Content)).toLowerCase();\n\n// convert utc from browser into intended timezone\n",
    "type": "ON_SAVE"
  }],
  "fields": [
    {
      "allowedFilterOperators": [
        "eq",
        "gt",
        "gte",
        "in",
        "lt",
        "lte",
        "ne",
        "notIn"
      ],
      "autoIncrement": true,
      "columnName": "Id",
      "integer": false,
      "key": "o8fLSK6WxDp1yiUL",
      "name": "Id",
      "required": false,
      "sqlType": "INT",
      "type": "Number",
      "unsigned": false,
      "writableAfterSave": false
    },
    {
      "allowedFilterOperators": [
        "contains",
        "eq",
        "gt",
        "gte",
        "in",
        "lt",
        "lte",
        "ne",
        "notContains",
        "notIn",
        "notStartsWith",
        "startsWith"
      ],
      "columnName": "Title",
      "key": "fdPBAckZXEwDMwuU",
      "minLength": 0,
      "name": "Title",
      "required": false,
      "sqlType": "VARCHAR",
      "sqlTypeColumnSize": "255",
      "type": "String",
      "unsigned": false
    },
    {
      "allowedFilterOperators": [
        "contains",
        "eq",
        "gt",
        "gte",
        "in",
        "lt",
        "lte",
        "ne",
        "notContains",
        "notIn",
        "notStartsWith",
        "startsWith"
      ],
      "columnName": "Digest",
      "key": "LNhgjOtRM8I1pCwk",
      "minLength": 0,
      "name": "Digest",
      "required": false,
      "sqlType": "VARCHAR",
      "sqlTypeColumnSize": "255",
      "type": "String",
      "unsigned": false
    },
    {
      "allowedFilterOperators": [
        "contains",
        "eq",
        "gt",
        "gte",
        "in",
        "lt",
        "lte",
        "ne",
        "notContains",
        "notIn",
        "notStartsWith",
        "startsWith"
      ],
      "columnName": "Content",
      "key": "VSaUEGwfVkfCE3xt",
      "minLength": 0,
      "name": "Content",
      "required": false,
      "sqlType": "LONGTEXT",
      "type": "String",
      "unsigned": false
    },
    {
      "allowedFilterOperators": [
        "eq",
        "gt",
        "gte",
        "in",
        "lt",
        "lte",
        "ne",
        "notIn"
      ],
      "columnName": "StartsOn",
      "key": "pMOXYCtiYGyuC9aL",
      "name": "StartsOn",
      "required": false,
      "sqlType": "DATETIME",
      "type": "Date",
      "unsigned": false
    },
    {
      "allowedFilterOperators": [
        "eq",
        "gt",
        "gte",
        "in",
        "lt",
        "lte",
        "ne",
        "notIn"
      ],
      "columnName": "EndsOn",
      "key": "xW6nPMgI411JtpUF",
      "name": "EndsOn",
      "required": false,
      "sqlType": "DATETIME",
      "type": "Date",
      "unsigned": false
    },
    {
      "allowedFilterOperators": [
        "contains",
        "eq",
        "gt",
        "gte",
        "in",
        "lt",
        "lte",
        "ne",
        "notContains",
        "notIn",
        "notStartsWith",
        "startsWith"
      ],
      "columnName": "Owner",
      "key": "UKfacR75K1gCCENo",
      "minLength": 0,
      "name": "Owner",
      "required": false,
      "sqlType": "VARCHAR",
      "sqlTypeColumnSize": "255",
      "type": "String",
      "unsigned": false
    },
    {
      "allowedFilterOperators": [
        "eq",
        "in",
        "ne",
        "notIn"
      ],
      "columnName": "Cancelled",
      "defaultValue": false,
      "key": "0crneU2bN8tI0X2l",
      "name": "Cancelled",
      "required": false,
      "sqlType": "TINYINT",
      "sqlTypeColumnSize": "1",
      "type": "Boolean",
      "unsigned": false
    },
    {
      "allowedFilterOperators": [
        "eq",
        "in",
        "ne",
        "notIn"
      ],
      "columnName": "EditDigestManually",
      "defaultValue": false,
      "key": "B9LYbHJ27WLABA1R",
      "name": "EditDigestManually",
      "required": false,
      "sqlType": "TINYINT",
      "sqlTypeColumnSize": "1",
      "type": "Boolean",
      "unsigned": false
    },
    {
      "allowedFilterOperators": [
        "eq",
        "in",
        "ne",
        "notIn"
      ],
      "columnName": "IsNew",
      "defaultValue": false,
      "key": "pFyguNDfZkOfaRi7",
      "name": "IsNew",
      "required": false,
      "sqlType": "TINYINT",
      "sqlTypeColumnSize": "1",
      "type": "Boolean",
      "unsigned": false
    },
    {
      "allowedFilterOperators": [
        "contains",
        "eq",
        "gt",
        "gte",
        "in",
        "lt",
        "lte",
        "ne",
        "notContains",
        "notIn",
        "notStartsWith",
        "startsWith"
      ],
      "columnName": "SearchTitleContent",
      "key": "7ksVjidUnhwYifUZ",
      "minLength": 0,
      "name": "SearchTitleContent",
      "required": false,
      "sqlType": "LONGTEXT",
      "type": "String",
      "unsigned": false
    }
  ],
  "key": "OX97XxpFhd2bE5vYSjDEoI3heIt2Rcdg",
  "modelPermission": {
    "name": "model permission",
    "type": "compoundEveryone"
  },
  "name": "Notices",
  "primaryKeyColumns": ["o8fLSK6WxDp1yiUL"],
  "table": "Notices",
  "type": "SPECKLE",
  "userIdFieldType": "USER_ID",
  "view": false
}