{
  "class": "PopupOverlay",
  "key": "47_462191205",
  "permission": {
    "name": "canRead",
    "type": "compoundEveryone"
  },
  "propList": [
    {
      "k": "styleMap",
      "v": {
        "name": "styleMap",
        "properties": [],
        "type": "PropertyMap[styleMap]"
      }
    },
    {
      "k": "children",
      "v": {
        "list": [{
          "class": "PopupContent",
          "key": "48_1665021633",
          "propList": [
            {
              "k": "styleMap",
              "v": {
                "name": "styleMap",
                "properties": [
                  {
                    "name": "margin-right",
                    "value": "20px"
                  },
                  {
                    "name": "margin-top",
                    "value": "4px"
                  }
                ],
                "type": "PropertyMap[styleMap]"
              }
            },
            {
              "k": "width",
              "v": 260
            },
            {
              "k": "height",
              "v": 168
            },
            {
              "k": "name",
              "v": "Content"
            },
            {
              "k": "layout",
              "v": "vertical"
            },
            {
              "k": "children",
              "v": {
                "list": [
                  {
                    "class": "SimpleButton",
                    "key": "49_1325899141",
                    "propList": [
                      {
                        "k": "styleMap",
                        "v": {
                          "name": "styleMap",
                          "properties": [
                            {
                              "name": "margin-right",
                              "value": "3px"
                            },
                            {
                              "name": "margin-top",
                              "value": "3px"
                            },
                            {
                              "name": "margin-bottom",
                              "value": "3px"
                            },
                            {
                              "name": "margin-left",
                              "value": "3px"
                            }
                          ],
                          "type": "PropertyMap[styleMap]"
                        }
                      },
                      {
                        "k": "width",
                        "v": 92
                      },
                      {
                        "k": "height",
                        "v": 36
                      },
                      {
                        "k": "name",
                        "v": "Button1"
                      },
                      {
                        "k": "left",
                        "v": 0
                      },
                      {
                        "k": "top",
                        "v": 0
                      },
                      {
                        "k": "autoWidth",
                        "v": true
                      },
                      {
                        "k": "autoHeight",
                        "v": true
                      },
                      {
                        "k": "align",
                        "v": "stretch"
                      },
                      {
                        "k": "text",
                        "v": "New Button from Link"
                      },
                      {
                        "k": "variant",
                        "v": "FlatColorDark"
                      }
                    ],
                    "type": "ComponentInfo"
                  },
                  {
                    "class": "SimpleButton",
                    "key": "50_531655931",
                    "propList": [
                      {
                        "k": "styleMap",
                        "v": {
                          "name": "styleMap",
                          "properties": [
                            {
                              "name": "margin-right",
                              "value": "3px"
                            },
                            {
                              "name": "margin-top",
                              "value": "3px"
                            },
                            {
                              "name": "margin-bottom",
                              "value": "3px"
                            },
                            {
                              "name": "margin-left",
                              "value": "3px"
                            }
                          ],
                          "type": "PropertyMap[styleMap]"
                        }
                      },
                      {
                        "k": "width",
                        "v": 195
                      },
                      {
                        "k": "height",
                        "v": 36
                      },
                      {
                        "k": "name",
                        "v": "Button4"
                      },
                      {
                        "k": "left",
                        "v": 0
                      },
                      {
                        "k": "top",
                        "v": 0
                      },
                      {
                        "k": "autoWidth",
                        "v": true
                      },
                      {
                        "k": "autoHeight",
                        "v": true
                      },
                      {
                        "k": "align",
                        "v": "stretch"
                      },
                      {
                        "k": "text",
                        "v": "New Button From Google"
                      },
                      {
                        "k": "variant",
                        "v": "FlatColorDark"
                      },
                      {
                        "k": "constrain_left",
                        "v": true
                      },
                      {
                        "k": "constrain_right",
                        "v": false
                      },
                      {
                        "k": "constrain_width",
                        "v": true
                      },
                      {
                        "k": "constrain_minWidth",
                        "v": false
                      },
                      {
                        "k": "constrain_maxWidth",
                        "v": false
                      },
                      {
                        "k": "constrain_top",
                        "v": true
                      },
                      {
                        "k": "constrain_bottom",
                        "v": false
                      },
                      {
                        "k": "constrain_height",
                        "v": true
                      },
                      {
                        "k": "constrain_minHeight",
                        "v": false
                      },
                      {
                        "k": "constrain_maxHeight",
                        "v": false
                      }
                    ],
                    "type": "ComponentInfo"
                  },
                  {
                    "class": "SimpleButton",
                    "key": "51_528447160",
                    "propList": [
                      {
                        "k": "styleMap",
                        "v": {
                          "name": "styleMap",
                          "properties": [
                            {
                              "name": "margin-right",
                              "value": "3px"
                            },
                            {
                              "name": "margin-top",
                              "value": "3px"
                            },
                            {
                              "name": "margin-bottom",
                              "value": "3px"
                            },
                            {
                              "name": "margin-left",
                              "value": "3px"
                            }
                          ],
                          "type": "PropertyMap[styleMap]"
                        }
                      },
                      {
                        "k": "width",
                        "v": 195
                      },
                      {
                        "k": "height",
                        "v": 36
                      },
                      {
                        "k": "name",
                        "v": "Button2"
                      },
                      {
                        "k": "left",
                        "v": 0
                      },
                      {
                        "k": "top",
                        "v": 0
                      },
                      {
                        "k": "autoWidth",
                        "v": true
                      },
                      {
                        "k": "autoHeight",
                        "v": true
                      },
                      {
                        "k": "align",
                        "v": "stretch"
                      },
                      {
                        "k": "text",
                        "v": "Edit Buttons"
                      },
                      {
                        "k": "variant",
                        "v": "FlatColorDark"
                      },
                      {
                        "k": "constrain_left",
                        "v": true
                      },
                      {
                        "k": "constrain_right",
                        "v": false
                      },
                      {
                        "k": "constrain_width",
                        "v": true
                      },
                      {
                        "k": "constrain_minWidth",
                        "v": false
                      },
                      {
                        "k": "constrain_maxWidth",
                        "v": false
                      },
                      {
                        "k": "constrain_top",
                        "v": true
                      },
                      {
                        "k": "constrain_bottom",
                        "v": false
                      },
                      {
                        "k": "constrain_height",
                        "v": true
                      },
                      {
                        "k": "constrain_minHeight",
                        "v": false
                      },
                      {
                        "k": "constrain_maxHeight",
                        "v": false
                      }
                    ],
                    "type": "ComponentInfo"
                  }
                ],
                "type": "List[ComponentInfo]"
              }
            },
            {
              "k": "right",
              "v": 700
            },
            {
              "k": "bottom",
              "v": 792
            },
            {
              "k": "autoHeight",
              "v": true
            }
          ],
          "type": "ComponentInfo"
        }],
        "type": "List[ComponentInfo]"
      }
    },
    {
      "k": "name",
      "v": "AdminMakeNew"
    },
    {
      "k": "top",
      "v": 4
    },
    {
      "k": "left",
      "v": 4
    },
    {
      "k": "height",
      "v": 960
    },
    {
      "k": "width",
      "v": 960
    },
    {
      "k": "isRootComponent",
      "v": true
    },
    {
      "k": "vertical",
      "v": "top"
    },
    {
      "k": "horizontal",
      "v": "right"
    },
    {
      "k": "animation",
      "v": "fromTop"
    },
    {
      "k": "hasGlass",
      "v": true
    },
    {
      "k": "clickOutsideToClose",
      "v": true
    },
    {
      "k": "createChildrenOnInit",
      "v": "ON_LOAD"
    }
  ],
  "type": "ComponentInfo"
}