{
  "class": "Panel",
  "customPropertyDescriptions": [
    {
      "category": "Custom Properties",
      "deprecated": false,
      "designTime": false,
      "experimental": false,
      "hidden": false,
      "key": "fWof8jH5",
      "name": "Icon",
      "persisted": true,
      "readonly": false,
      "type": "String"
    },
    {
      "category": "Custom Properties",
      "deprecated": false,
      "designTime": false,
      "experimental": false,
      "hidden": false,
      "key": "RYbKYd3C",
      "name": "Name",
      "persisted": true,
      "readonly": false,
      "type": "String"
    },
    {
      "category": "Custom Properties",
      "deprecated": false,
      "designTime": false,
      "experimental": false,
      "hidden": false,
      "key": "mFOIfrNQ",
      "name": "Link",
      "persisted": true,
      "readonly": false,
      "type": "String"
    },
    {
      "category": "Custom Properties",
      "deprecated": false,
      "designTime": false,
      "experimental": false,
      "hidden": false,
      "key": "gufGE173",
      "name": "Color",
      "persisted": true,
      "readonly": false,
      "type": "String"
    },
    {
      "category": "Custom Properties",
      "deprecated": false,
      "designTime": false,
      "experimental": false,
      "hidden": false,
      "key": "kwfYSiSd",
      "name": "EditMode",
      "persisted": true,
      "readonly": false,
      "type": "Boolean"
    },
    {
      "category": "Custom Properties",
      "deprecated": false,
      "designTime": false,
      "experimental": false,
      "hidden": false,
      "key": "fhMDYltm",
      "name": "PresentationMode",
      "persisted": true,
      "readonly": false,
      "type": "Boolean"
    },
    {
      "category": "Custom Properties",
      "deprecated": false,
      "designTime": false,
      "experimental": false,
      "hidden": false,
      "key": "m92oR1Ph",
      "name": "Key",
      "persisted": true,
      "readonly": false,
      "type": "String"
    },
    {
      "category": "Custom Properties",
      "deprecated": false,
      "designTime": false,
      "experimental": false,
      "hidden": false,
      "key": "8n0ROXYw",
      "name": "TitleColor",
      "persisted": true,
      "readonly": false,
      "type": "String"
    },
    {
      "category": "Custom Properties",
      "deprecated": false,
      "designTime": false,
      "experimental": false,
      "hidden": false,
      "key": "DKKGTgau",
      "name": "Kind",
      "persisted": true,
      "readonly": false,
      "type": "String"
    },
    {
      "category": "Custom Properties",
      "deprecated": false,
      "designTime": false,
      "experimental": false,
      "hidden": false,
      "key": "rE1qCvof",
      "name": "IconPrefix",
      "persisted": true,
      "readonly": false,
      "type": "String"
    },
    {
      "category": "Custom Properties",
      "deprecated": false,
      "designTime": false,
      "experimental": false,
      "hidden": false,
      "key": "COB29AzR",
      "name": "Datasource",
      "persisted": true,
      "readonly": false,
      "type": "String"
    },
    {
      "category": "Custom Properties",
      "deprecated": false,
      "designTime": false,
      "experimental": false,
      "hidden": false,
      "key": "aOtlKnIx",
      "name": "DatasourceLength",
      "persisted": true,
      "readonly": false,
      "type": "Number"
    },
    {
      "category": "Custom Properties",
      "deprecated": false,
      "designTime": false,
      "experimental": false,
      "hidden": false,
      "key": "8cH56qZX",
      "name": "DatasourceIndex",
      "persisted": true,
      "readonly": false,
      "type": "Number"
    },
    {
      "category": "Custom Properties",
      "deprecated": false,
      "designTime": false,
      "experimental": false,
      "hidden": false,
      "key": "f2oxdm1o",
      "name": "Id",
      "persisted": true,
      "readonly": false,
      "type": "String"
    }
  ],
  "customPropertyValues": {
    "name": "CustomProperties",
    "properties": [
      {
        "name": "fWof8jH5",
        "value": {
          "isNull": true,
          "type": "String"
        }
      },
      {
        "name": "RYbKYd3C",
        "value": {
          "isNull": true,
          "type": "String"
        }
      },
      {
        "name": "mFOIfrNQ",
        "value": {
          "isNull": true,
          "type": "String"
        }
      },
      {
        "name": "gufGE173",
        "value": {
          "isNull": true,
          "type": "String"
        }
      },
      {
        "name": "kwfYSiSd",
        "value": {
          "isNull": true,
          "type": "Boolean"
        }
      },
      {
        "name": "fhMDYltm",
        "value": {
          "isNull": true,
          "type": "Boolean"
        }
      },
      {
        "name": "m92oR1Ph",
        "value": {
          "isNull": true,
          "type": "String"
        }
      },
      {
        "name": "8n0ROXYw",
        "value": {
          "isNull": true,
          "type": "String"
        }
      },
      {
        "name": "DKKGTgau",
        "value": {
          "isNull": true,
          "type": "String"
        }
      },
      {
        "name": "rE1qCvof",
        "value": {
          "isNull": true,
          "type": "String"
        }
      },
      {
        "name": "COB29AzR",
        "value": {
          "isNull": true,
          "type": "String"
        }
      },
      {
        "name": "aOtlKnIx",
        "value": {
          "isNull": true,
          "type": "Number"
        }
      },
      {
        "name": "8cH56qZX",
        "value": {
          "isNull": true,
          "type": "Number"
        }
      },
      {
        "name": "f2oxdm1o",
        "value": {
          "isNull": true,
          "type": "String"
        }
      }
    ],
    "type": "PropertyMap[CustomProperties]"
  },
  "key": "1_336635267",
  "permission": {
    "name": "canRead",
    "type": "compoundEveryone"
  },
  "propList": [
    {
      "k": "styleMap",
      "v": {
        "name": "styleMap",
        "properties": [],
        "type": "PropertyMap[styleMap]"
      }
    },
    {
      "k": "width",
      "v": 300
    },
    {
      "k": "height",
      "v": 100
    },
    {
      "k": "name",
      "v": "ButtonFaceStarred"
    },
    {
      "k": "isCustomWidget",
      "v": true
    },
    {
      "k": "top",
      "v": 4
    },
    {
      "k": "left",
      "v": 4
    },
    {
      "k": "children",
      "v": {
        "list": [
          {
            "class": "HtmlArea",
            "key": "2_585035606",
            "propList": [
              {
                "k": "styleMap",
                "v": {
                  "name": "styleMap",
                  "properties": [
                    {
                      "name": "padding-top",
                      "value": "0px"
                    },
                    {
                      "name": "padding-bottom",
                      "value": "0px"
                    },
                    {
                      "name": "padding-left",
                      "value": "0px"
                    },
                    {
                      "name": "padding-right",
                      "value": "0px"
                    },
                    {
                      "name": "margin-bottom",
                      "value": {
                        "isNull": true,
                        "type": "String"
                      }
                    }
                  ],
                  "type": "PropertyMap[styleMap]"
                }
              },
              {
                "k": "html",
                "v": "HTML"
              },
              {
                "k": "width",
                "v": 200
              },
              {
                "k": "height",
                "v": 45
              },
              {
                "k": "name",
                "v": "Html1"
              },
              {
                "k": "left",
                "v": 10
              },
              {
                "k": "top",
                "v": 10
              },
              {
                "k": "autoWidth",
                "v": false
              },
              {
                "k": "autoHeight",
                "v": true
              },
              {
                "k": "right",
                "v": -90
              },
              {
                "k": "bottom",
                "v": 10
              },
              {
                "k": "bindings",
                "v": {
                  "list": [{
                    "sourceExpression": "html",
                    "targetExpression": "app.sanitizer.sanitizeHtml((@properties.kwfYSiSd || @properties.fhMDYltm) ? \u0027\u0027 : \u0027\u003ca target\u003d\"_blank\" href\u003d\"\u0027 + (@properties.mFOIfrNQ || \u0027\u0027) + \u0027\"\u003e\u0027) + \u0027\u003cdiv data-mime\u003d\"\u0027+ @properties.DKKGTgau +\u0027\" class\u003d\"buttonFace\u0027+ ((@properties.DKKGTgau || \u0027application/splash\u0027)  !\u003d\u003d \u0027application/splash\u0027? \u0027 badge\u0027 : \u0027\u0027) +\u0027\" style\u003d\"background-color:\u0027 + (@properties.gufGE173 || \u0027#AAA\u0027) + \u0027;color:\u0027 + (@properties.8n0ROXYw || \u0027#efefef\u0027) + \u0027\"\u003e\u003cdiv class\u003d\"buttonIcon \u0027 + (@properties.rE1qCvof || \u0027fas\u0027) + \u0027 fa-\u0027 + (@properties.fWof8jH5 || \u0027question\u0027) + \u0027 fa-fw\"\u003e\u003c\/div\u003e\u003cdiv class\u003d\"buttonTitle\"\u003e\u0027 + (@properties.RYbKYd3C || \"Untitled\") + \u0027\u003c\/div\u003e\u003c\/div\u003e\u0027 + ((@properties.kwfYSiSd || @properties.fhMDYltm) ? \u0027\u0027 : \u0027\u003c\/a\u003e\u0027)",
                    "targetLiteralExpression": "app.sanitizer.sanitizeHtml((@properties.EditMode || @properties.PresentationMode) ? \u0027\u0027 : \u0027\u003ca target\u003d\"_blank\" href\u003d\"\u0027 + (@properties.Link || \u0027\u0027) + \u0027\"\u003e\u0027) + \u0027\u003cdiv data-mime\u003d\"\u0027+ @properties.Kind +\u0027\" class\u003d\"buttonFace\u0027+ ((@properties.Kind || \u0027application/splash\u0027)  !\u003d\u003d \u0027application/splash\u0027? \u0027 badge\u0027 : \u0027\u0027) +\u0027\" style\u003d\"background-color:\u0027 + (@properties.Color || \u0027#AAA\u0027) + \u0027;color:\u0027 + (@properties.TitleColor || \u0027#efefef\u0027) + \u0027\"\u003e\u003cdiv class\u003d\"buttonIcon \u0027 + (@properties.IconPrefix || \u0027fas\u0027) + \u0027 fa-\u0027 + (@properties.Icon || \u0027question\u0027) + \u0027 fa-fw\"\u003e\u003c\/div\u003e\u003cdiv class\u003d\"buttonTitle\"\u003e\u0027 + (@properties.Name || \"Untitled\") + \u0027\u003c\/div\u003e\u003c\/div\u003e\u0027 + ((@properties.EditMode || @properties.PresentationMode) ? \u0027\u0027 : \u0027\u003c\/a\u003e\u0027)",
                    "type": "BindingInfo"
                  }],
                  "type": "List[BindingInfo]"
                }
              },
              {
                "k": "allowUnsafeHtml",
                "v": true
              },
              {
                "k": "styles",
                "v": {
                  "list": [],
                  "type": "List[String]"
                }
              },
              {
                "k": "grow",
                "v": 0
              }
            ],
            "type": "ComponentInfo"
          },
          {
            "class": "Panel",
            "key": "3_141468301",
            "propList": [
              {
                "k": "styleMap",
                "v": {
                  "name": "styleMap",
                  "properties": [{
                    "name": "margin-top",
                    "value": "2px"
                  }],
                  "type": "PropertyMap[styleMap]"
                }
              },
              {
                "k": "width",
                "v": 400
              },
              {
                "k": "height",
                "v": 200
              },
              {
                "k": "layout",
                "v": "horizontal"
              },
              {
                "k": "name",
                "v": "EditPanel"
              },
              {
                "k": "left",
                "v": 0
              },
              {
                "k": "top",
                "v": 0
              },
              {
                "k": "autoWidth",
                "v": true
              },
              {
                "k": "align",
                "v": "stretch"
              },
              {
                "k": "autoHeight",
                "v": true
              },
              {
                "k": "children",
                "v": {
                  "list": [
                    {
                      "class": "LoadingIndicator",
                      "key": "0_1817922780",
                      "propList": [
                        {
                          "k": "styleMap",
                          "v": {
                            "name": "styleMap",
                            "properties": [],
                            "type": "PropertyMap[styleMap]"
                          }
                        },
                        {
                          "k": "bindings",
                          "v": {
                            "list": [],
                            "type": "List[BindingInfo]"
                          }
                        },
                        {
                          "k": "width",
                          "v": 22
                        },
                        {
                          "k": "height",
                          "v": 22
                        },
                        {
                          "k": "name",
                          "v": "Spinner1"
                        },
                        {
                          "k": "left",
                          "v": 0
                        },
                        {
                          "k": "top",
                          "v": 0
                        },
                        {
                          "k": "autoHeight",
                          "v": true
                        },
                        {
                          "k": "visible",
                          "v": false
                        }
                      ],
                      "type": "ComponentInfo"
                    },
                    {
                      "class": "SimpleButton",
                      "key": "5_639261438",
                      "propList": [
                        {
                          "k": "styleMap",
                          "v": {
                            "name": "styleMap",
                            "properties": [
                              {
                                "name": "padding-left",
                                "value": "0px"
                              },
                              {
                                "name": "padding-right",
                                "value": "0px"
                              },
                              {
                                "name": "margin-left",
                                "value": "5px"
                              },
                              {
                                "name": "margin-right",
                                "value": "5px"
                              }
                            ],
                            "type": "PropertyMap[styleMap]"
                          }
                        },
                        {
                          "k": "width",
                          "v": 50
                        },
                        {
                          "k": "height",
                          "v": 32
                        },
                        {
                          "k": "name",
                          "v": "UnstarButton"
                        },
                        {
                          "k": "left",
                          "v": 96
                        },
                        {
                          "k": "top",
                          "v": 0
                        },
                        {
                          "k": "autoWidth",
                          "v": true
                        },
                        {
                          "k": "autoHeight",
                          "v": true
                        },
                        {
                          "k": "text",
                          "v": "Unstar"
                        },
                        {
                          "k": "variant",
                          "v": "EditIcons"
                        },
                        {
                          "k": "bindings",
                          "v": {
                            "list": [{
                              "sourceExpression": "visible",
                              "targetExpression": "@properties.kwfYSiSd",
                              "targetLiteralExpression": "@properties.EditMode",
                              "type": "BindingInfo"
                            }],
                            "type": "List[BindingInfo]"
                          }
                        },
                        {
                          "k": "constrain_left",
                          "v": true
                        },
                        {
                          "k": "constrain_right",
                          "v": false
                        },
                        {
                          "k": "constrain_width",
                          "v": true
                        },
                        {
                          "k": "constrain_minWidth",
                          "v": false
                        },
                        {
                          "k": "constrain_maxWidth",
                          "v": false
                        },
                        {
                          "k": "constrain_top",
                          "v": true
                        },
                        {
                          "k": "constrain_bottom",
                          "v": false
                        },
                        {
                          "k": "constrain_height",
                          "v": true
                        },
                        {
                          "k": "constrain_minHeight",
                          "v": false
                        },
                        {
                          "k": "constrain_maxHeight",
                          "v": false
                        },
                        {
                          "k": "grow",
                          "v": 1
                        },
                        {
                          "k": "action",
                          "v": "unstarThis(widget);"
                        },
                        {
                          "k": "styles",
                          "v": {
                            "list": ["greyoutline"],
                            "type": "List[String]"
                          }
                        }
                      ],
                      "type": "ComponentInfo"
                    }
                  ],
                  "type": "List[ComponentInfo]"
                }
              },
              {
                "k": "justify",
                "v": "center"
              },
              {
                "k": "variant",
                "v": "Transparent"
              },
              {
                "k": "alignChildren",
                "v": "center"
              },
              {
                "k": "bindings",
                "v": {
                  "list": [],
                  "type": "List[BindingInfo]"
                }
              },
              {
                "k": "action",
                "v": "event.stopPropagation();"
              },
              {
                "k": "wrapAlign",
                "v": "stretch"
              }
            ],
            "type": "ComponentInfo"
          }
        ],
        "type": "List[ComponentInfo]"
      }
    },
    {
      "k": "layout",
      "v": "vertical"
    },
    {
      "k": "bindings",
      "v": {
        "list": [{
          "sourceExpression": "_dataSource",
          "targetExpression": "@datasources.wLPKz9QQjLX2R7BUmSxri7uzCzbZZHE2_default",
          "targetLiteralExpression": "@datasources.Buttons",
          "type": "BindingInfo"
        }],
        "type": "List[BindingInfo]"
      }
    },
    {
      "k": "justify",
      "v": "center"
    },
    {
      "k": "alignChildren",
      "v": "center"
    },
    {
      "k": "pageCss",
      "v": ".completed {\n  border: 1px solid green;\n}\n\n.incomplete {\n  border: 1px solid red;\n}\n\n.greyoutline {\n  border: 1px solid #eee;\n}\n\n.app-Button--EditIcons {\n  font-size: 10px;\n}\n\na {\n  text-decoration: none;\n  color: #111;\n}\n\n@media (max-width:1040px) {\n  .app-Panel--FlexChange {\n    flex-direction: column !important;\n  }\n}\n\n.buttonFace {\n  cursor: pointer;\n  -webkit-border-top-left-radius:9px;\n  -moz-border-radius-topleft:9px;\n  border-top-left-radius:9px;\n  -webkit-border-top-right-radius:9px;\n  -moz-border-radius-topright:9px;\n  border-top-right-radius:9px;\n  -webkit-border-bottom-right-radius:9px;\n  -moz-border-radius-bottomright:9px;\n  border-bottom-right-radius:9px;\n  -webkit-border-bottom-left-radius:9px;\n  -moz-border-radius-bottomleft:9px;\n  border-bottom-left-radius:9px;\n  text-indent:0;\n  text-decoration:none;\n  text-align:center;\n  padding: 5px;\n  display: table;\n  height: 90px;\n  color: inherit;\n  border: 1px solid #999;\n}\n\n.badge:after {\n  content: attr(data-mime);\n  position: absolute;\n  left: 30px;\n  top: 77%;\n  padding: 2px;\n  font-size: 10px;\n  background-color: transparent;\n  color: inherit;  \n  transform: translate(-50%, -50%);\n}\n\n.buttonTitle {\n  margin-top: 10px;\n  margin-left: 5px;\n  color: inherit;\n  background-color: inherit;\n  font-size: 1em;\n  line-height: 1.2em;\n  text-decoration: none;\n  text-align: center;\n  text-shadow: none;\n  min-height: 30px;\n  display: table-cell;\n  padding: 5px;\n  width: 100%;\n  display: table-cell;\n  vertical-align: middle;\n}\n\n.buttonIcon {\n  vertical-align: middle;\n  font-size: 3em;\n  display: table-cell;\n  min-width: 50px;\n}"
    },
    {
      "k": "action",
      "v": "if (!widget.root.properties.EditMode) window.open(widget.root.properties.Link, \u0027_blank\u0027);"
    },
    {
      "k": "isRootComponent",
      "v": true
    }
  ],
  "type": "ComponentInfo"
}