{
  "class": "Panel",
  "customPropertyDescriptions": [
    {
      "category": "Custom Properties",
      "deprecated": false,
      "designTime": false,
      "experimental": false,
      "hidden": false,
      "key": "6MxrZB03",
      "name": "Value",
      "persisted": true,
      "readonly": false,
      "type": "String"
    },
    {
      "category": "Custom Properties",
      "deprecated": false,
      "designTime": false,
      "experimental": false,
      "hidden": false,
      "key": "inGUFVSR",
      "name": "Datasource",
      "persisted": true,
      "readonly": false,
      "type": "String"
    }
  ],
  "customPropertyValues": {
    "name": "CustomProperties",
    "properties": [
      {
        "name": "6MxrZB03",
        "value": {
          "isNull": true,
          "type": "String"
        }
      },
      {
        "name": "inGUFVSR",
        "value": {
          "isNull": true,
          "type": "String"
        }
      }
    ],
    "type": "PropertyMap[CustomProperties]"
  },
  "key": "6_1875479431",
  "permission": {
    "name": "canRead",
    "type": "compoundEveryone"
  },
  "propList": [
    {
      "k": "styleMap",
      "v": {
        "name": "styleMap",
        "properties": [
          {
            "name": "padding-top",
            "value": "0px"
          },
          {
            "name": "padding-bottom",
            "value": "0px"
          },
          {
            "name": "padding-left",
            "value": "0px"
          },
          {
            "name": "padding-right",
            "value": "0px"
          }
        ],
        "type": "PropertyMap[styleMap]"
      }
    },
    {
      "k": "width",
      "v": 200
    },
    {
      "k": "height",
      "v": 200
    },
    {
      "k": "name",
      "v": "ColorPicker"
    },
    {
      "k": "isCustomWidget",
      "v": true
    },
    {
      "k": "top",
      "v": 4
    },
    {
      "k": "left",
      "v": 4
    },
    {
      "k": "layout",
      "v": "vertical"
    },
    {
      "k": "children",
      "v": {
        "list": [{
          "class": "Panel",
          "key": "8_577057755",
          "propList": [
            {
              "k": "styleMap",
              "v": {
                "name": "styleMap",
                "properties": [
                  {
                    "name": "padding-top",
                    "value": "0px"
                  },
                  {
                    "name": "padding-bottom",
                    "value": "0px"
                  },
                  {
                    "name": "padding-left",
                    "value": "0px"
                  },
                  {
                    "name": "padding-right",
                    "value": "0px"
                  }
                ],
                "type": "PropertyMap[styleMap]"
              }
            },
            {
              "k": "width",
              "v": 200
            },
            {
              "k": "height",
              "v": 50
            },
            {
              "k": "layout",
              "v": "vertical"
            },
            {
              "k": "name",
              "v": "Panel1"
            },
            {
              "k": "left",
              "v": 0
            },
            {
              "k": "top",
              "v": 0
            },
            {
              "k": "autoWidth",
              "v": true
            },
            {
              "k": "align",
              "v": "stretch"
            },
            {
              "k": "autoHeight",
              "v": true
            },
            {
              "k": "children",
              "v": {
                "list": [{
                  "class": "GridPanel",
                  "key": "9_46251029",
                  "propList": [
                    {
                      "k": "styleMap",
                      "v": {
                        "name": "styleMap",
                        "properties": [],
                        "type": "PropertyMap[styleMap]"
                      }
                    },
                    {
                      "k": "prototype",
                      "v": {
                        "appKey": "10_377690256",
                        "type": "AppChildKey"
                      }
                    },
                    {
                      "k": "children",
                      "v": {
                        "list": [{
                          "class": "Panel",
                          "key": "10_377690256",
                          "propList": [
                            {
                              "k": "styleMap",
                              "v": {
                                "name": "styleMap",
                                "properties": [
                                  {
                                    "name": "margin-left",
                                    "value": "0px"
                                  },
                                  {
                                    "name": "margin-right",
                                    "value": "0px"
                                  },
                                  {
                                    "name": "padding-top",
                                    "value": "2px"
                                  },
                                  {
                                    "name": "padding-bottom",
                                    "value": "2px"
                                  },
                                  {
                                    "name": "padding-left",
                                    "value": "2px"
                                  },
                                  {
                                    "name": "padding-right",
                                    "value": "2px"
                                  }
                                ],
                                "type": "PropertyMap[styleMap]"
                              }
                            },
                            {
                              "k": "height",
                              "v": 50
                            },
                            {
                              "k": "width",
                              "v": 50
                            },
                            {
                              "k": "name",
                              "v": "IconsGridCell"
                            },
                            {
                              "k": "styleDescriptorName",
                              "v": "GridPanelCell"
                            },
                            {
                              "k": "suffixName",
                              "v": "Cell"
                            },
                            {
                              "k": "right",
                              "v": 339
                            },
                            {
                              "k": "bottom",
                              "v": 249
                            },
                            {
                              "k": "children",
                              "v": {
                                "list": [{
                                  "class": "HtmlArea",
                                  "key": "11_2066637466",
                                  "propList": [
                                    {
                                      "k": "styleMap",
                                      "v": {
                                        "name": "styleMap",
                                        "properties": [
                                          {
                                            "name": "padding-top",
                                            "value": "3px"
                                          },
                                          {
                                            "name": "padding-bottom",
                                            "value": "3px"
                                          },
                                          {
                                            "name": "padding-left",
                                            "value": "3px"
                                          },
                                          {
                                            "name": "padding-right",
                                            "value": "3px"
                                          }
                                        ],
                                        "type": "PropertyMap[styleMap]"
                                      }
                                    },
                                    {
                                      "k": "html",
                                      "v": "\u003ci class\u003d\"fas fa-igloo\"\u003e\u003c\/i\u003e"
                                    },
                                    {
                                      "k": "width",
                                      "v": 30
                                    },
                                    {
                                      "k": "height",
                                      "v": 30
                                    },
                                    {
                                      "k": "name",
                                      "v": "Html1"
                                    },
                                    {
                                      "k": "left",
                                      "v": 16
                                    },
                                    {
                                      "k": "top",
                                      "v": 24
                                    },
                                    {
                                      "k": "autoWidth",
                                      "v": true
                                    },
                                    {
                                      "k": "autoHeight",
                                      "v": true
                                    },
                                    {
                                      "k": "right",
                                      "v": -166
                                    },
                                    {
                                      "k": "bottom",
                                      "v": -74
                                    },
                                    {
                                      "k": "allowUnsafeHtml",
                                      "v": true
                                    },
                                    {
                                      "k": "bindings",
                                      "v": {
                                        "list": [{
                                          "sourceExpression": "html",
                                          "targetExpression": "\u0027\u003cdiv data-name\u003d\"\u0027 + @datasource.item.5Yztxs4SE2UeCiD8 + \u0027\" data-value\u003d\"\u0027 + @datasource.item.ovNtk9bxwZ2l46wn + \u0027\" style\u003d\"height:40px;width:40px;background-color:\u0027 + @datasource.item.ovNtk9bxwZ2l46wn + \u0027\"\u003e\u003c\/div\u003e\u0027;",
                                          "targetLiteralExpression": "\u0027\u003cdiv data-name\u003d\"\u0027 + @datasource.item.Name + \u0027\" data-value\u003d\"\u0027 + @datasource.item.Value + \u0027\" style\u003d\"height:40px;width:40px;background-color:\u0027 + @datasource.item.Value + \u0027\"\u003e\u003c\/div\u003e\u0027;",
                                          "type": "BindingInfo"
                                        }],
                                        "type": "List[BindingInfo]"
                                      }
                                    }
                                  ],
                                  "type": "ComponentInfo"
                                }],
                                "type": "List[ComponentInfo]"
                              }
                            },
                            {
                              "k": "layout",
                              "v": "vertical"
                            },
                            {
                              "k": "autoWidth",
                              "v": true
                            },
                            {
                              "k": "autoHeight",
                              "v": true
                            },
                            {
                              "k": "action",
                              "v": "var klass, num, sel, value, ds, item;\nds \u003d app.datasources[widget.root.properties.Datasource];\n[klass, num] \u003d widget.name.split(\u0027$\u0027);\nsel \u003d \u0027.app-\u0027+widget.root.name + \u0027-\u0027 + klass+\u0027:nth-child(\u0027 +  (parseInt(num) + 1) + \u0027) \u003e div \u003e div\u0027;\nvalue \u003d $(sel).data(\u0027value\u0027);\nds.modes.create.item.ColorValue \u003d value;\nconsole.log(ds.name);\nitem \u003d ds.modes.create.item;\ngoogle.script.run\n  .withSuccessHandler(function (result, item) {\n    Object.keys(result).forEach(function (key) {\n      item[key] \u003d result[key];\n    });\n  })\n  .withUserObject(item)\n  .updateButtonRecord({\n    ColorValue: item.ColorValue,\n  }, \u0027TitleValue\u0027);\napp.popups.ColorPopup.visible \u003d false;"
                            }
                          ],
                          "type": "ComponentInfo"
                        }],
                        "type": "List[ComponentInfo]"
                      }
                    },
                    {
                      "k": "width",
                      "v": 400
                    },
                    {
                      "k": "height",
                      "v": 200
                    },
                    {
                      "k": "name",
                      "v": "IconsGrid"
                    },
                    {
                      "k": "top",
                      "v": 10
                    },
                    {
                      "k": "autoWidth",
                      "v": true
                    },
                    {
                      "k": "align",
                      "v": "stretch"
                    },
                    {
                      "k": "autoHeight",
                      "v": true
                    },
                    {
                      "k": "grow",
                      "v": 1
                    },
                    {
                      "k": "left",
                      "v": 10
                    }
                  ],
                  "type": "ComponentInfo"
                }],
                "type": "List[ComponentInfo]"
              }
            },
            {
              "k": "grow",
              "v": 1
            },
            {
              "k": "maxWidth",
              "v": 0
            },
            {
              "k": "maxHeight",
              "v": 0
            }
          ],
          "type": "ComponentInfo"
        }],
        "type": "List[ComponentInfo]"
      }
    },
    {
      "k": "bindings",
      "v": {
        "list": [{
          "sourceExpression": "_dataSource",
          "targetExpression": "@datasources.9i6L8Fqli65luwtjE2jHjAOBTx8gmWZV_default",
          "targetLiteralExpression": "@datasources.ColorsCalc",
          "type": "BindingInfo"
        }],
        "type": "List[BindingInfo]"
      }
    },
    {
      "k": "isRootComponent",
      "v": true
    },
    {
      "k": "onLoad",
      "v": {
        "isNull": true,
        "type": "String"
      }
    }
  ],
  "type": "ComponentInfo"
}