{
  "class": "PopupOverlay",
  "customPropertyDescriptions": [{
    "category": "Custom Properties",
    "deprecated": false,
    "designTime": false,
    "experimental": false,
    "hidden": false,
    "key": "Pfz3BOTy",
    "name": "Datasource",
    "persisted": true,
    "readonly": false,
    "type": "String"
  }],
  "customPropertyValues": {
    "name": "CustomProperties",
    "properties": [{
      "name": "Pfz3BOTy",
      "value": {
        "isNull": true,
        "type": "String"
      }
    }],
    "type": "PropertyMap[CustomProperties]"
  },
  "key": "39_1674057683",
  "permission": {
    "name": "canRead",
    "type": "compoundEveryone"
  },
  "propList": [
    {
      "k": "styleMap",
      "v": {
        "name": "styleMap",
        "properties": [],
        "type": "PropertyMap[styleMap]"
      }
    },
    {
      "k": "children",
      "v": {
        "list": [{
          "class": "PopupContent",
          "key": "40_1759294267",
          "propList": [
            {
              "k": "styleMap",
              "v": {
                "name": "styleMap",
                "properties": [
                  {
                    "name": "padding-top",
                    "value": "3px"
                  },
                  {
                    "name": "padding-bottom",
                    "value": "3px"
                  },
                  {
                    "name": "padding-left",
                    "value": "3px"
                  },
                  {
                    "name": "padding-right",
                    "value": "3px"
                  }
                ],
                "type": "PropertyMap[styleMap]"
              }
            },
            {
              "k": "width",
              "v": 300
            },
            {
              "k": "height",
              "v": 320
            },
            {
              "k": "name",
              "v": "Content"
            },
            {
              "k": "layout",
              "v": "vertical"
            },
            {
              "k": "children",
              "v": {
                "list": [
                  {
                    "class": "SimpleLabel",
                    "key": "41_1856823233",
                    "propList": [
                      {
                        "k": "styleMap",
                        "v": {
                          "name": "styleMap",
                          "properties": [],
                          "type": "PropertyMap[styleMap]"
                        }
                      },
                      {
                        "k": "width",
                        "v": 100
                      },
                      {
                        "k": "height",
                        "v": 20
                      },
                      {
                        "k": "name",
                        "v": "Label1"
                      },
                      {
                        "k": "left",
                        "v": 0
                      },
                      {
                        "k": "top",
                        "v": 0
                      },
                      {
                        "k": "autoWidth",
                        "v": true
                      },
                      {
                        "k": "autoHeight",
                        "v": true
                      },
                      {
                        "k": "right",
                        "v": 514
                      },
                      {
                        "k": "bottom",
                        "v": 561
                      },
                      {
                        "k": "text",
                        "v": "Click to Select:"
                      }
                    ],
                    "type": "ComponentInfo"
                  },
                  {
                    "class": "CustomComponent_34_1539785923",
                    "customPropertyDescriptions": [
                      {
                        "category": "Custom Properties",
                        "deprecated": false,
                        "designTime": false,
                        "experimental": false,
                        "hidden": false,
                        "key": "6MxrZB03",
                        "name": "Value",
                        "persisted": true,
                        "readonly": false,
                        "type": "String"
                      },
                      {
                        "category": "Custom Properties",
                        "deprecated": false,
                        "designTime": false,
                        "experimental": false,
                        "hidden": false,
                        "key": "5COiNA8F",
                        "name": "Datasource",
                        "persisted": true,
                        "readonly": false,
                        "type": "String"
                      }
                    ],
                    "customPropertyValues": {
                      "name": "CustomProperties",
                      "properties": [
                        {
                          "name": "6MxrZB03",
                          "value": "@datasource.item.ColorValue"
                        },
                        {
                          "name": "5COiNA8F",
                          "value": "@p"
                        }
                      ],
                      "type": "PropertyMap[CustomProperties]"
                    },
                    "key": "0_1130843417",
                    "propList": [
                      {
                        "k": "styleMap",
                        "v": {
                          "name": "styleMap",
                          "properties": [],
                          "type": "PropertyMap[styleMap]"
                        }
                      },
                      {
                        "k": "customWidgetKey",
                        "v": {
                          "appKey": "34_1539785923",
                          "type": "AppChildKey"
                        }
                      },
                      {
                        "k": "width",
                        "v": 200
                      },
                      {
                        "k": "height",
                        "v": 200
                      },
                      {
                        "k": "name",
                        "v": "ColorPickerEdit1"
                      },
                      {
                        "k": "left",
                        "v": 0
                      },
                      {
                        "k": "top",
                        "v": 0
                      },
                      {
                        "k": "right",
                        "v": 438
                      },
                      {
                        "k": "bottom",
                        "v": 319
                      },
                      {
                        "k": "autoWidth",
                        "v": true
                      },
                      {
                        "k": "align",
                        "v": "stretch"
                      },
                      {
                        "k": "autoHeight",
                        "v": true
                      },
                      {
                        "k": "grow",
                        "v": 1
                      },
                      {
                        "k": "bindings",
                        "v": {
                          "list": [
                            {
                              "sourceExpression": "properties.5COiNA8F",
                              "targetExpression": "@properties.Pfz3BOTy",
                              "targetLiteralExpression": "@properties.Datasource",
                              "type": "BindingInfo"
                            },
                            {
                              "sourceExpression": "properties.6MxrZB03",
                              "targetExpression": "@datasource.item.VeeLuvHBqRdu6yEI",
                              "targetLiteralExpression": "@datasource.item.ColorValue",
                              "type": "BindingInfo"
                            }
                          ],
                          "type": "List[BindingInfo]"
                        }
                      }
                    ],
                    "type": "ComponentInfo"
                  },
                  {
                    "class": "Panel",
                    "key": "43_367707842",
                    "propList": [
                      {
                        "k": "styleMap",
                        "v": {
                          "name": "styleMap",
                          "properties": [],
                          "type": "PropertyMap[styleMap]"
                        }
                      },
                      {
                        "k": "width",
                        "v": 400
                      },
                      {
                        "k": "height",
                        "v": 200
                      },
                      {
                        "k": "layout",
                        "v": "horizontal"
                      },
                      {
                        "k": "name",
                        "v": "Panel1"
                      },
                      {
                        "k": "left",
                        "v": 0
                      },
                      {
                        "k": "top",
                        "v": 0
                      },
                      {
                        "k": "right",
                        "v": 230
                      },
                      {
                        "k": "bottom",
                        "v": 351
                      },
                      {
                        "k": "autoWidth",
                        "v": true
                      },
                      {
                        "k": "align",
                        "v": "stretch"
                      },
                      {
                        "k": "autoHeight",
                        "v": true
                      },
                      {
                        "k": "children",
                        "v": {
                          "list": [{
                            "class": "LoadingIndicator",
                            "key": "44_483658609",
                            "propList": [
                              {
                                "k": "styleMap",
                                "v": {
                                  "name": "styleMap",
                                  "properties": [{
                                    "name": "margin-bottom",
                                    "value": "5px"
                                  }],
                                  "type": "PropertyMap[styleMap]"
                                }
                              },
                              {
                                "k": "bindings",
                                "v": {
                                  "list": [],
                                  "type": "List[BindingInfo]"
                                }
                              },
                              {
                                "k": "width",
                                "v": 132
                              },
                              {
                                "k": "height",
                                "v": 22
                              },
                              {
                                "k": "name",
                                "v": "Spinner1"
                              },
                              {
                                "k": "left",
                                "v": 80
                              },
                              {
                                "k": "top",
                                "v": 0
                              },
                              {
                                "k": "autoHeight",
                                "v": true
                              },
                              {
                                "k": "right",
                                "v": 0
                              },
                              {
                                "k": "bottom",
                                "v": 0
                              }
                            ],
                            "type": "ComponentInfo"
                          }],
                          "type": "List[ComponentInfo]"
                        }
                      },
                      {
                        "k": "justify",
                        "v": "center"
                      },
                      {
                        "k": "bindings",
                        "v": {
                          "list": [{
                            "sourceExpression": "visible",
                            "targetExpression": "@datasource.loading || @datasource.creating || @datasource.deleting",
                            "targetLiteralExpression": "@datasource.loading || @datasource.creating || @datasource.deleting",
                            "type": "BindingInfo"
                          }],
                          "type": "List[BindingInfo]"
                        }
                      }
                    ],
                    "type": "ComponentInfo"
                  }
                ],
                "type": "List[ComponentInfo]"
              }
            },
            {
              "k": "bindings",
              "v": {
                "list": [{
                  "sourceExpression": "_dataSource",
                  "targetExpression": "@datasources.WOywUArnvb32DspB3iaRBu9FfudTG0sN",
                  "targetLiteralExpression": "@datasources.MyButtons",
                  "type": "BindingInfo"
                }],
                "type": "List[BindingInfo]"
              }
            },
            {
              "k": "autoHeight",
              "v": false
            },
            {
              "k": "align",
              "v": "inherited"
            },
            {
              "k": "minHeight",
              "v": 200
            },
            {
              "k": "autoWidth",
              "v": false
            },
            {
              "k": "grow",
              "v": 0
            },
            {
              "k": "maxWidth",
              "v": 300
            },
            {
              "k": "variant",
              "v": "Thick"
            },
            {
              "k": "justify",
              "v": "center"
            }
          ],
          "type": "ComponentInfo"
        }],
        "type": "List[ComponentInfo]"
      }
    },
    {
      "k": "name",
      "v": "ColorPopupEdit"
    },
    {
      "k": "top",
      "v": 4
    },
    {
      "k": "left",
      "v": 4
    },
    {
      "k": "height",
      "v": 960
    },
    {
      "k": "width",
      "v": 960
    },
    {
      "k": "animation",
      "v": "fade"
    },
    {
      "k": "pageCss",
      "v": ".app-Popup--Thick {\n  border: 1px solid #999;\n  border-radius: 5px;\n}\n\n.app-Button {\n  top: -3px;\n  left: -12px;\n  color: red;\n  font-size: 1em;\n  display: float;\n  height: 12px !important;\n}\n\n"
    },
    {
      "k": "escapeToClose",
      "v": false
    },
    {
      "k": "clickOutsideToClose",
      "v": true
    },
    {
      "k": "hasGlass",
      "v": true
    },
    {
      "k": "isRootComponent",
      "v": true
    },
    {
      "k": "createChildrenOnInit",
      "v": "ON_LOAD"
    },
    {
      "k": "vertical",
      "v": "top"
    }
  ],
  "type": "ComponentInfo"
}