{
  "class": "PopupOverlay",
  "key": "0_1923539825",
  "permission": {
    "name": "canRead",
    "type": "compoundEveryone"
  },
  "propList": [
    {
      "k": "styleMap",
      "v": {
        "name": "styleMap",
        "properties": [],
        "type": "PropertyMap[styleMap]"
      }
    },
    {
      "k": "children",
      "v": {
        "list": [{
          "class": "PopupContent",
          "key": "1_137591248",
          "propList": [
            {
              "k": "styleMap",
              "v": {
                "name": "styleMap",
                "properties": [],
                "type": "PropertyMap[styleMap]"
              }
            },
            {
              "k": "width",
              "v": 400
            },
            {
              "k": "height",
              "v": 226
            },
            {
              "k": "name",
              "v": "Content"
            },
            {
              "k": "layout",
              "v": "vertical"
            },
            {
              "k": "children",
              "v": {
                "list": [{
                  "class": "Panel",
                  "key": "2_1656050088",
                  "propList": [
                    {
                      "k": "styleMap",
                      "v": {
                        "name": "styleMap",
                        "properties": [],
                        "type": "PropertyMap[styleMap]"
                      }
                    },
                    {
                      "k": "width",
                      "v": 440
                    },
                    {
                      "k": "height",
                      "v": 500
                    },
                    {
                      "k": "name",
                      "v": "Form1"
                    },
                    {
                      "k": "layout",
                      "v": "vertical"
                    },
                    {
                      "k": "autoHeight",
                      "v": true
                    },
                    {
                      "k": "bindings",
                      "v": {
                        "list": [{
                          "sourceExpression": "_dataSource",
                          "targetExpression": "@datasources.dhv6ujpg5XIU4JVElBmDRqYkr2Gmt44J_default.modes.create",
                          "targetLiteralExpression": "@datasources.Categories.modes.create",
                          "type": "BindingInfo"
                        }],
                        "type": "List[BindingInfo]"
                      }
                    },
                    {
                      "k": "variant",
                      "v": "Paper"
                    },
                    {
                      "k": "styles",
                      "v": {
                        "list": ["app-Form"],
                        "type": "List[String]"
                      }
                    },
                    {
                      "k": "children",
                      "v": {
                        "list": [
                          {
                            "class": "Panel",
                            "key": "3_206715490",
                            "propList": [
                              {
                                "k": "styleMap",
                                "v": {
                                  "name": "styleMap",
                                  "properties": [],
                                  "type": "PropertyMap[styleMap]"
                                }
                              },
                              {
                                "k": "width",
                                "v": 200
                              },
                              {
                                "k": "height",
                                "v": 200
                              },
                              {
                                "k": "name",
                                "v": "Form1Header"
                              },
                              {
                                "k": "suffixName",
                                "v": "Header"
                              },
                              {
                                "k": "layout",
                                "v": "horizontal"
                              },
                              {
                                "k": "variant",
                                "v": "Transparent"
                              },
                              {
                                "k": "styles",
                                "v": {
                                  "list": ["app-FormHeader"],
                                  "type": "List[String]"
                                }
                              },
                              {
                                "k": "autoWidth",
                                "v": true
                              },
                              {
                                "k": "align",
                                "v": "stretch"
                              },
                              {
                                "k": "autoHeight",
                                "v": true
                              },
                              {
                                "k": "children",
                                "v": {
                                  "list": [
                                    {
                                      "class": "SimpleLabel",
                                      "key": "4_1603193152",
                                      "propList": [
                                        {
                                          "k": "styleMap",
                                          "v": {
                                            "name": "styleMap",
                                            "properties": [],
                                            "type": "PropertyMap[styleMap]"
                                          }
                                        },
                                        {
                                          "k": "width",
                                          "v": 100
                                        },
                                        {
                                          "k": "height",
                                          "v": 20
                                        },
                                        {
                                          "k": "name",
                                          "v": "Title"
                                        },
                                        {
                                          "k": "text",
                                          "v": "Create New Global Tab"
                                        },
                                        {
                                          "k": "autoWidth",
                                          "v": true
                                        },
                                        {
                                          "k": "autoHeight",
                                          "v": true
                                        },
                                        {
                                          "k": "variant",
                                          "v": "Title"
                                        },
                                        {
                                          "k": "grow",
                                          "v": 1
                                        }
                                      ],
                                      "type": "ComponentInfo"
                                    },
                                    {
                                      "class": "LoadingIndicator",
                                      "key": "5_1222373148",
                                      "propList": [
                                        {
                                          "k": "styleMap",
                                          "v": {
                                            "name": "styleMap",
                                            "properties": [],
                                            "type": "PropertyMap[styleMap]"
                                          }
                                        },
                                        {
                                          "k": "bindings",
                                          "v": {
                                            "list": [{
                                              "sourceExpression": "visible",
                                              "targetExpression": "@datasource.loading || @datasource.creating || @datasource.deleting",
                                              "targetLiteralExpression": "@datasource.loading || @datasource.creating || @datasource.deleting",
                                              "type": "BindingInfo"
                                            }],
                                            "type": "List[BindingInfo]"
                                          }
                                        },
                                        {
                                          "k": "width",
                                          "v": 22
                                        },
                                        {
                                          "k": "height",
                                          "v": 22
                                        },
                                        {
                                          "k": "name",
                                          "v": "Form1Spinner"
                                        },
                                        {
                                          "k": "suffixName",
                                          "v": "Spinner"
                                        },
                                        {
                                          "k": "align",
                                          "v": "center"
                                        }
                                      ],
                                      "type": "ComponentInfo"
                                    }
                                  ],
                                  "type": "List[ComponentInfo]"
                                }
                              },
                              {
                                "k": "justify",
                                "v": "spaceBetween"
                              },
                              {
                                "k": "editorNonInheritedLocked",
                                "v": true
                              }
                            ],
                            "type": "ComponentInfo"
                          },
                          {
                            "class": "Panel",
                            "key": "6_815717873",
                            "propList": [
                              {
                                "k": "styleMap",
                                "v": {
                                  "name": "styleMap",
                                  "properties": [],
                                  "type": "PropertyMap[styleMap]"
                                }
                              },
                              {
                                "k": "width",
                                "v": 200
                              },
                              {
                                "k": "height",
                                "v": 200
                              },
                              {
                                "k": "name",
                                "v": "Form1Body"
                              },
                              {
                                "k": "suffixName",
                                "v": "Body"
                              },
                              {
                                "k": "layout",
                                "v": "vertical"
                              },
                              {
                                "k": "variant",
                                "v": "Transparent"
                              },
                              {
                                "k": "styles",
                                "v": {
                                  "list": ["app-FormBody"],
                                  "type": "List[String]"
                                }
                              },
                              {
                                "k": "autoWidth",
                                "v": true
                              },
                              {
                                "k": "align",
                                "v": "stretch"
                              },
                              {
                                "k": "autoHeight",
                                "v": true
                              },
                              {
                                "k": "editorNonInheritedLocked",
                                "v": true
                              },
                              {
                                "k": "children",
                                "v": {
                                  "list": [{
                                    "class": "TextField",
                                    "key": "7_740553455",
                                    "propList": [
                                      {
                                        "k": "styleMap",
                                        "v": {
                                          "name": "styleMap",
                                          "properties": [],
                                          "type": "PropertyMap[styleMap]"
                                        }
                                      },
                                      {
                                        "k": "width",
                                        "v": 100
                                      },
                                      {
                                        "k": "height",
                                        "v": 32
                                      },
                                      {
                                        "k": "name",
                                        "v": "Field"
                                      },
                                      {
                                        "k": "bindings",
                                        "v": {
                                          "list": [{
                                            "sourceExpression": "value",
                                            "targetExpression": "@datasource.item.oHb1Fn2b6aoEvWGS",
                                            "targetLiteralExpression": "@datasource.item.Name",
                                            "type": "BindingInfo"
                                          }],
                                          "type": "List[BindingInfo]"
                                        }
                                      },
                                      {
                                        "k": "autoWidth",
                                        "v": true
                                      },
                                      {
                                        "k": "align",
                                        "v": "stretch"
                                      },
                                      {
                                        "k": "autoHeight",
                                        "v": true
                                      },
                                      {
                                        "k": "required",
                                        "v": true
                                      },
                                      {
                                        "k": "minLength",
                                        "v": 1
                                      },
                                      {
                                        "k": "placeholder",
                                        "v": "Name of Your Own Category"
                                      }
                                    ],
                                    "type": "ComponentInfo"
                                  }],
                                  "type": "List[ComponentInfo]"
                                }
                              }
                            ],
                            "type": "ComponentInfo"
                          },
                          {
                            "class": "Panel",
                            "key": "8_2093161963",
                            "propList": [
                              {
                                "k": "styleMap",
                                "v": {
                                  "name": "styleMap",
                                  "properties": [],
                                  "type": "PropertyMap[styleMap]"
                                }
                              },
                              {
                                "k": "width",
                                "v": 200
                              },
                              {
                                "k": "height",
                                "v": 200
                              },
                              {
                                "k": "name",
                                "v": "Spring"
                              },
                              {
                                "k": "layout",
                                "v": "horizontal"
                              },
                              {
                                "k": "variant",
                                "v": "Transparent"
                              },
                              {
                                "k": "autoWidth",
                                "v": true
                              },
                              {
                                "k": "align",
                                "v": "stretch"
                              },
                              {
                                "k": "autoHeight",
                                "v": true
                              },
                              {
                                "k": "editorNonInheritedLocked",
                                "v": true
                              },
                              {
                                "k": "minHeight",
                                "v": 16
                              },
                              {
                                "k": "grow",
                                "v": 1
                              }
                            ],
                            "type": "ComponentInfo"
                          },
                          {
                            "class": "Panel",
                            "key": "9_396947090",
                            "propList": [
                              {
                                "k": "styleMap",
                                "v": {
                                  "name": "styleMap",
                                  "properties": [],
                                  "type": "PropertyMap[styleMap]"
                                }
                              },
                              {
                                "k": "width",
                                "v": 200
                              },
                              {
                                "k": "height",
                                "v": 200
                              },
                              {
                                "k": "name",
                                "v": "Form1Footer"
                              },
                              {
                                "k": "suffixName",
                                "v": "Footer"
                              },
                              {
                                "k": "layout",
                                "v": "horizontal"
                              },
                              {
                                "k": "variant",
                                "v": "Transparent"
                              },
                              {
                                "k": "styles",
                                "v": {
                                  "list": ["app-FormFooter"],
                                  "type": "List[String]"
                                }
                              },
                              {
                                "k": "autoWidth",
                                "v": true
                              },
                              {
                                "k": "align",
                                "v": "stretch"
                              },
                              {
                                "k": "autoHeight",
                                "v": true
                              },
                              {
                                "k": "justify",
                                "v": "end"
                              },
                              {
                                "k": "alignChildren",
                                "v": "center"
                              },
                              {
                                "k": "editorNonInheritedLocked",
                                "v": true
                              },
                              {
                                "k": "children",
                                "v": {
                                  "list": [
                                    {
                                      "class": "SimpleButton",
                                      "key": "10_459160075",
                                      "propList": [
                                        {
                                          "k": "styleMap",
                                          "v": {
                                            "name": "styleMap",
                                            "properties": [],
                                            "type": "PropertyMap[styleMap]"
                                          }
                                        },
                                        {
                                          "k": "width",
                                          "v": 92
                                        },
                                        {
                                          "k": "height",
                                          "v": 36
                                        },
                                        {
                                          "k": "name",
                                          "v": "Button1"
                                        },
                                        {
                                          "k": "left",
                                          "v": 0
                                        },
                                        {
                                          "k": "top",
                                          "v": 0
                                        },
                                        {
                                          "k": "autoWidth",
                                          "v": true
                                        },
                                        {
                                          "k": "autoHeight",
                                          "v": true
                                        },
                                        {
                                          "k": "text",
                                          "v": "Close"
                                        },
                                        {
                                          "k": "variant",
                                          "v": "FlatColor"
                                        },
                                        {
                                          "k": "action",
                                          "v": "app.popups.CreateNewGlobalCategory.visible \u003d false;"
                                        },
                                        {
                                          "k": "styles",
                                          "v": {
                                            "list": ["red"],
                                            "type": "List[String]"
                                          }
                                        }
                                      ],
                                      "type": "ComponentInfo"
                                    },
                                    {
                                      "class": "SimpleButton",
                                      "key": "11_943493229",
                                      "propList": [
                                        {
                                          "k": "styleMap",
                                          "v": {
                                            "name": "styleMap",
                                            "properties": [],
                                            "type": "PropertyMap[styleMap]"
                                          }
                                        },
                                        {
                                          "k": "width",
                                          "v": 92
                                        },
                                        {
                                          "k": "height",
                                          "v": 36
                                        },
                                        {
                                          "k": "name",
                                          "v": "Form1SubmitButton"
                                        },
                                        {
                                          "k": "suffixName",
                                          "v": "SubmitButton"
                                        },
                                        {
                                          "k": "variant",
                                          "v": "RaisedPrimary"
                                        },
                                        {
                                          "k": "text",
                                          "v": "Submit"
                                        },
                                        {
                                          "k": "action",
                                          "v": "app.popups.Snackbar.properties.informText \u003d \u0027Creating new tab\u2026\u0027;\napp.popups.Snackbar.visible \u003d true;\nwidget.datasource.item.Owner \u003d \u0027Main\u0027;\nwidget.datasource.createItem(function () {\n  app.popups.Snackbar.properties.informText \u003d \u0027Complete.\u0027;\n  setTimeout(function () {\n    app.popups.Snackbar.visible \u003d false;\n  }, 1000);\n  google.script.run.makeGlobalCategoriesDirty();\n});\napp.popups.CreateNewGlobalCategory.visible \u003d false;"
                                        },
                                        {
                                          "k": "bindings",
                                          "v": {
                                            "list": [{
                                              "sourceExpression": "enabled",
                                              "targetExpression": "@widget.parent.parent.valid",
                                              "targetLiteralExpression": "@widget.parent.parent.valid",
                                              "type": "BindingInfo"
                                            }],
                                            "type": "List[BindingInfo]"
                                          }
                                        },
                                        {
                                          "k": "title",
                                          "v": "Submit item"
                                        },
                                        {
                                          "k": "autoWidth",
                                          "v": true
                                        },
                                        {
                                          "k": "autoHeight",
                                          "v": true
                                        },
                                        {
                                          "k": "styles",
                                          "v": {
                                            "list": ["redBackground"],
                                            "type": "List[String]"
                                          }
                                        }
                                      ],
                                      "type": "ComponentInfo"
                                    }
                                  ],
                                  "type": "List[ComponentInfo]"
                                }
                              }
                            ],
                            "type": "ComponentInfo"
                          }
                        ],
                        "type": "List[ComponentInfo]"
                      }
                    },
                    {
                      "k": "top",
                      "v": 0
                    },
                    {
                      "k": "left",
                      "v": 0
                    },
                    {
                      "k": "autoWidth",
                      "v": true
                    },
                    {
                      "k": "align",
                      "v": "stretch"
                    }
                  ],
                  "type": "ComponentInfo"
                }],
                "type": "List[ComponentInfo]"
              }
            },
            {
              "k": "right",
              "v": 560
            },
            {
              "k": "bottom",
              "v": 734
            },
            {
              "k": "autoHeight",
              "v": true
            }
          ],
          "type": "ComponentInfo"
        }],
        "type": "List[ComponentInfo]"
      }
    },
    {
      "k": "name",
      "v": "CreateNewGlobalCategory"
    },
    {
      "k": "top",
      "v": 4
    },
    {
      "k": "left",
      "v": 4
    },
    {
      "k": "height",
      "v": 960
    },
    {
      "k": "width",
      "v": 960
    },
    {
      "k": "hasGlass",
      "v": true
    },
    {
      "k": "clickOutsideToClose",
      "v": true
    },
    {
      "k": "vertical",
      "v": "top"
    },
    {
      "k": "animation",
      "v": "fade"
    },
    {
      "k": "isRootComponent",
      "v": true
    },
    {
      "k": "createChildrenOnInit",
      "v": "ON_LOAD"
    }
  ],
  "type": "ComponentInfo"
}