{
  "class": "PopupOverlay",
  "customPropertyDescriptions": [
    {
      "category": "Custom Properties",
      "deprecated": false,
      "designTime": false,
      "experimental": false,
      "hidden": false,
      "key": "M98sShpk",
      "name": "Step",
      "persisted": true,
      "readonly": false,
      "type": "Number"
    },
    {
      "category": "Custom Properties",
      "deprecated": false,
      "designTime": false,
      "experimental": false,
      "hidden": false,
      "key": "io4kDow0",
      "name": "MaxSteps",
      "persisted": true,
      "readonly": false,
      "type": "Number"
    }
  ],
  "customPropertyValues": {
    "name": "CustomProperties",
    "properties": [
      {
        "name": "M98sShpk",
        "value": {
          "isNull": true,
          "type": "Number"
        }
      },
      {
        "name": "io4kDow0",
        "value": {
          "isNull": true,
          "type": "Number"
        }
      }
    ],
    "type": "PropertyMap[CustomProperties]"
  },
  "key": "0_960252318",
  "permission": {
    "name": "canRead",
    "type": "compoundEveryone"
  },
  "propList": [
    {
      "k": "styleMap",
      "v": {
        "name": "styleMap",
        "properties": [],
        "type": "PropertyMap[styleMap]"
      }
    },
    {
      "k": "children",
      "v": {
        "list": [{
          "class": "PopupContent",
          "key": "1_1614989946",
          "propList": [
            {
              "k": "styleMap",
              "v": {
                "name": "styleMap",
                "properties": [],
                "type": "PropertyMap[styleMap]"
              }
            },
            {
              "k": "width",
              "v": 320
            },
            {
              "k": "height",
              "v": 200
            },
            {
              "k": "name",
              "v": "Content"
            },
            {
              "k": "layout",
              "v": "vertical"
            },
            {
              "k": "children",
              "v": {
                "list": [
                  {
                    "class": "Panel",
                    "key": "2_1069563567",
                    "propList": [
                      {
                        "k": "styleMap",
                        "v": {
                          "name": "styleMap",
                          "properties": [],
                          "type": "PropertyMap[styleMap]"
                        }
                      },
                      {
                        "k": "width",
                        "v": 400
                      },
                      {
                        "k": "height",
                        "v": 200
                      },
                      {
                        "k": "layout",
                        "v": "horizontal"
                      },
                      {
                        "k": "name",
                        "v": "Panel1"
                      },
                      {
                        "k": "left",
                        "v": 0
                      },
                      {
                        "k": "top",
                        "v": 0
                      },
                      {
                        "k": "right",
                        "v": 245
                      },
                      {
                        "k": "bottom",
                        "v": 389
                      },
                      {
                        "k": "autoWidth",
                        "v": true
                      },
                      {
                        "k": "align",
                        "v": "stretch"
                      },
                      {
                        "k": "autoHeight",
                        "v": true
                      },
                      {
                        "k": "variant",
                        "v": "Primary"
                      },
                      {
                        "k": "children",
                        "v": {
                          "list": [
                            {
                              "class": "SimpleLabel",
                              "key": "3_1912597328",
                              "propList": [
                                {
                                  "k": "styleMap",
                                  "v": {
                                    "name": "styleMap",
                                    "properties": [{
                                      "name": "padding-left",
                                      "value": "20px"
                                    }],
                                    "type": "PropertyMap[styleMap]"
                                  }
                                },
                                {
                                  "k": "width",
                                  "v": 100
                                },
                                {
                                  "k": "height",
                                  "v": 20
                                },
                                {
                                  "k": "name",
                                  "v": "Title"
                                },
                                {
                                  "k": "text",
                                  "v": "Delete My Tab"
                                },
                                {
                                  "k": "autoWidth",
                                  "v": true
                                },
                                {
                                  "k": "autoHeight",
                                  "v": true
                                },
                                {
                                  "k": "variant",
                                  "v": "Title"
                                },
                                {
                                  "k": "grow",
                                  "v": 1
                                },
                                {
                                  "k": "left",
                                  "v": 0
                                },
                                {
                                  "k": "top",
                                  "v": 0
                                }
                              ],
                              "type": "ComponentInfo"
                            },
                            {
                              "class": "LoadingIndicator",
                              "key": "4_1795954280",
                              "propList": [
                                {
                                  "k": "styleMap",
                                  "v": {
                                    "name": "styleMap",
                                    "properties": [],
                                    "type": "PropertyMap[styleMap]"
                                  }
                                },
                                {
                                  "k": "bindings",
                                  "v": {
                                    "list": [{
                                      "sourceExpression": "visible",
                                      "targetExpression": "@datasource.loading || @datasource.creating || @datasource.deleting",
                                      "targetLiteralExpression": "@datasource.loading || @datasource.creating || @datasource.deleting",
                                      "type": "BindingInfo"
                                    }],
                                    "type": "List[BindingInfo]"
                                  }
                                },
                                {
                                  "k": "width",
                                  "v": 22
                                },
                                {
                                  "k": "height",
                                  "v": 25
                                },
                                {
                                  "k": "name",
                                  "v": "Form1Spinner"
                                },
                                {
                                  "k": "suffixName",
                                  "v": "Spinner"
                                },
                                {
                                  "k": "align",
                                  "v": "center"
                                },
                                {
                                  "k": "left",
                                  "v": 189
                                },
                                {
                                  "k": "top",
                                  "v": 5
                                },
                                {
                                  "k": "variant",
                                  "v": "Dark"
                                }
                              ],
                              "type": "ComponentInfo"
                            },
                            {
                              "class": "SimpleButton",
                              "key": "5_1748220374",
                              "propList": [
                                {
                                  "k": "styleMap",
                                  "v": {
                                    "name": "styleMap",
                                    "properties": [],
                                    "type": "PropertyMap[styleMap]"
                                  }
                                },
                                {
                                  "k": "width",
                                  "v": 92
                                },
                                {
                                  "k": "height",
                                  "v": 36
                                },
                                {
                                  "k": "name",
                                  "v": "Button2"
                                },
                                {
                                  "k": "left",
                                  "v": 0
                                },
                                {
                                  "k": "top",
                                  "v": 0
                                },
                                {
                                  "k": "autoWidth",
                                  "v": true
                                },
                                {
                                  "k": "autoHeight",
                                  "v": true
                                },
                                {
                                  "k": "text",
                                  "v": "cancel"
                                },
                                {
                                  "k": "variant",
                                  "v": "IconDark"
                                },
                                {
                                  "k": "action",
                                  "v": "app.popups.DeleteMyCategory.visible \u003d false;"
                                }
                              ],
                              "type": "ComponentInfo"
                            }
                          ],
                          "type": "List[ComponentInfo]"
                        }
                      },
                      {
                        "k": "justify",
                        "v": "spaceBetween"
                      },
                      {
                        "k": "alignChildren",
                        "v": "center"
                      },
                      {
                        "k": "bindings",
                        "v": {
                          "list": [],
                          "type": "List[BindingInfo]"
                        }
                      },
                      {
                        "k": "grow",
                        "v": 0
                      },
                      {
                        "k": "styles",
                        "v": {
                          "list": ["redBackground"],
                          "type": "List[String]"
                        }
                      }
                    ],
                    "type": "ComponentInfo"
                  },
                  {
                    "class": "Panel",
                    "key": "6_1899700285",
                    "propList": [
                      {
                        "k": "styleMap",
                        "v": {
                          "name": "styleMap",
                          "properties": [{
                            "name": "padding-top",
                            "value": "20px"
                          }],
                          "type": "PropertyMap[styleMap]"
                        }
                      },
                      {
                        "k": "width",
                        "v": 440
                      },
                      {
                        "k": "height",
                        "v": 0
                      },
                      {
                        "k": "name",
                        "v": "Form1"
                      },
                      {
                        "k": "layout",
                        "v": "vertical"
                      },
                      {
                        "k": "autoHeight",
                        "v": true
                      },
                      {
                        "k": "bindings",
                        "v": {
                          "list": [],
                          "type": "List[BindingInfo]"
                        }
                      },
                      {
                        "k": "variant",
                        "v": "Paper"
                      },
                      {
                        "k": "styles",
                        "v": {
                          "list": ["app-Form"],
                          "type": "List[String]"
                        }
                      },
                      {
                        "k": "children",
                        "v": {
                          "list": [
                            {
                              "class": "Panel",
                              "key": "7_813143316",
                              "propList": [
                                {
                                  "k": "styleMap",
                                  "v": {
                                    "name": "styleMap",
                                    "properties": [],
                                    "type": "PropertyMap[styleMap]"
                                  }
                                },
                                {
                                  "k": "width",
                                  "v": 200
                                },
                                {
                                  "k": "height",
                                  "v": 310
                                },
                                {
                                  "k": "name",
                                  "v": "Form1Body"
                                },
                                {
                                  "k": "suffixName",
                                  "v": "Body"
                                },
                                {
                                  "k": "layout",
                                  "v": "vertical"
                                },
                                {
                                  "k": "variant",
                                  "v": "Transparent"
                                },
                                {
                                  "k": "styles",
                                  "v": {
                                    "list": ["app-FormBody"],
                                    "type": "List[String]"
                                  }
                                },
                                {
                                  "k": "autoWidth",
                                  "v": true
                                },
                                {
                                  "k": "align",
                                  "v": "stretch"
                                },
                                {
                                  "k": "autoHeight",
                                  "v": false
                                },
                                {
                                  "k": "editorNonInheritedLocked",
                                  "v": true
                                },
                                {
                                  "k": "children",
                                  "v": {
                                    "list": [
                                      {
                                        "class": "SimpleLabel",
                                        "key": "8_1012774494",
                                        "propList": [
                                          {
                                            "k": "styleMap",
                                            "v": {
                                              "name": "styleMap",
                                              "properties": [{
                                                "name": "margin-bottom",
                                                "value": "10px"
                                              }],
                                              "type": "PropertyMap[styleMap]"
                                            }
                                          },
                                          {
                                            "k": "width",
                                            "v": 273
                                          },
                                          {
                                            "k": "height",
                                            "v": 44
                                          },
                                          {
                                            "k": "name",
                                            "v": "Instructions1"
                                          },
                                          {
                                            "k": "left",
                                            "v": 0
                                          },
                                          {
                                            "k": "top",
                                            "v": 0
                                          },
                                          {
                                            "k": "autoWidth",
                                            "v": true
                                          },
                                          {
                                            "k": "autoHeight",
                                            "v": true
                                          },
                                          {
                                            "k": "right",
                                            "v": 598
                                          },
                                          {
                                            "k": "bottom",
                                            "v": 825
                                          },
                                          {
                                            "k": "variant",
                                            "v": "Subhead"
                                          },
                                          {
                                            "k": "text",
                                            "v": "Are you sure you want to delete this tab?"
                                          },
                                          {
                                            "k": "bindings",
                                            "v": {
                                              "list": [],
                                              "type": "List[BindingInfo]"
                                            }
                                          },
                                          {
                                            "k": "constrain_left",
                                            "v": true
                                          },
                                          {
                                            "k": "constrain_right",
                                            "v": false
                                          },
                                          {
                                            "k": "constrain_width",
                                            "v": true
                                          },
                                          {
                                            "k": "constrain_minWidth",
                                            "v": false
                                          },
                                          {
                                            "k": "constrain_maxWidth",
                                            "v": false
                                          },
                                          {
                                            "k": "constrain_top",
                                            "v": true
                                          },
                                          {
                                            "k": "constrain_bottom",
                                            "v": false
                                          },
                                          {
                                            "k": "constrain_height",
                                            "v": true
                                          },
                                          {
                                            "k": "constrain_minHeight",
                                            "v": false
                                          },
                                          {
                                            "k": "constrain_maxHeight",
                                            "v": false
                                          }
                                        ],
                                        "type": "ComponentInfo"
                                      },
                                      {
                                        "class": "SimpleLabel",
                                        "key": "0_371259201",
                                        "propList": [
                                          {
                                            "k": "styleMap",
                                            "v": {
                                              "name": "styleMap",
                                              "properties": [{
                                                "name": "margin-bottom",
                                                "value": "10px"
                                              }],
                                              "type": "PropertyMap[styleMap]"
                                            }
                                          },
                                          {
                                            "k": "width",
                                            "v": 100
                                          },
                                          {
                                            "k": "height",
                                            "v": 20
                                          },
                                          {
                                            "k": "name",
                                            "v": "Label1"
                                          },
                                          {
                                            "k": "left",
                                            "v": 0
                                          },
                                          {
                                            "k": "top",
                                            "v": 0
                                          },
                                          {
                                            "k": "autoWidth",
                                            "v": true
                                          },
                                          {
                                            "k": "autoHeight",
                                            "v": true
                                          },
                                          {
                                            "k": "right",
                                            "v": 549
                                          },
                                          {
                                            "k": "bottom",
                                            "v": 536
                                          },
                                          {
                                            "k": "bindings",
                                            "v": {
                                              "list": [{
                                                "sourceExpression": "text",
                                                "targetExpression": "@datasource.item.oHb1Fn2b6aoEvWGS",
                                                "targetLiteralExpression": "@datasource.item.Name",
                                                "type": "BindingInfo"
                                              }],
                                              "type": "List[BindingInfo]"
                                            }
                                          },
                                          {
                                            "k": "variant",
                                            "v": "Headline"
                                          }
                                        ],
                                        "type": "ComponentInfo"
                                      },
                                      {
                                        "class": "SimpleLabel",
                                        "key": "14_647786325",
                                        "propList": [
                                          {
                                            "k": "styleMap",
                                            "v": {
                                              "name": "styleMap",
                                              "properties": [{
                                                "name": "margin-bottom",
                                                "value": "10px"
                                              }],
                                              "type": "PropertyMap[styleMap]"
                                            }
                                          },
                                          {
                                            "k": "width",
                                            "v": 273
                                          },
                                          {
                                            "k": "height",
                                            "v": 44
                                          },
                                          {
                                            "k": "name",
                                            "v": "Instructions2"
                                          },
                                          {
                                            "k": "left",
                                            "v": 0
                                          },
                                          {
                                            "k": "top",
                                            "v": 0
                                          },
                                          {
                                            "k": "autoWidth",
                                            "v": true
                                          },
                                          {
                                            "k": "autoHeight",
                                            "v": true
                                          },
                                          {
                                            "k": "right",
                                            "v": 598
                                          },
                                          {
                                            "k": "bottom",
                                            "v": 825
                                          },
                                          {
                                            "k": "variant",
                                            "v": "Subhead"
                                          },
                                          {
                                            "k": "text",
                                            "v": "This action will also delete all buttons contained in the tab."
                                          },
                                          {
                                            "k": "bindings",
                                            "v": {
                                              "list": [],
                                              "type": "List[BindingInfo]"
                                            }
                                          },
                                          {
                                            "k": "constrain_left",
                                            "v": true
                                          },
                                          {
                                            "k": "constrain_right",
                                            "v": false
                                          },
                                          {
                                            "k": "constrain_width",
                                            "v": true
                                          },
                                          {
                                            "k": "constrain_minWidth",
                                            "v": false
                                          },
                                          {
                                            "k": "constrain_maxWidth",
                                            "v": false
                                          },
                                          {
                                            "k": "constrain_top",
                                            "v": true
                                          },
                                          {
                                            "k": "constrain_bottom",
                                            "v": false
                                          },
                                          {
                                            "k": "constrain_height",
                                            "v": true
                                          },
                                          {
                                            "k": "constrain_minHeight",
                                            "v": false
                                          },
                                          {
                                            "k": "constrain_maxHeight",
                                            "v": false
                                          }
                                        ],
                                        "type": "ComponentInfo"
                                      },
                                      {
                                        "class": "SimpleLabel",
                                        "key": "10_1360929487",
                                        "propList": [
                                          {
                                            "k": "styleMap",
                                            "v": {
                                              "name": "styleMap",
                                              "properties": [],
                                              "type": "PropertyMap[styleMap]"
                                            }
                                          },
                                          {
                                            "k": "width",
                                            "v": 100
                                          },
                                          {
                                            "k": "height",
                                            "v": 20
                                          },
                                          {
                                            "k": "name",
                                            "v": "Instructions"
                                          },
                                          {
                                            "k": "left",
                                            "v": 0
                                          },
                                          {
                                            "k": "top",
                                            "v": 0
                                          },
                                          {
                                            "k": "autoWidth",
                                            "v": true
                                          },
                                          {
                                            "k": "autoHeight",
                                            "v": true
                                          },
                                          {
                                            "k": "right",
                                            "v": 598
                                          },
                                          {
                                            "k": "bottom",
                                            "v": 825
                                          },
                                          {
                                            "k": "variant",
                                            "v": "Subhead"
                                          },
                                          {
                                            "k": "text",
                                            "v": "There is no undo."
                                          },
                                          {
                                            "k": "bindings",
                                            "v": {
                                              "list": [],
                                              "type": "List[BindingInfo]"
                                            }
                                          },
                                          {
                                            "k": "styles",
                                            "v": {
                                              "list": ["red"],
                                              "type": "List[String]"
                                            }
                                          }
                                        ],
                                        "type": "ComponentInfo"
                                      }
                                    ],
                                    "type": "List[ComponentInfo]"
                                  }
                                },
                                {
                                  "k": "left",
                                  "v": 0
                                },
                                {
                                  "k": "top",
                                  "v": 0
                                },
                                {
                                  "k": "bindings",
                                  "v": {
                                    "list": [],
                                    "type": "List[BindingInfo]"
                                  }
                                },
                                {
                                  "k": "wrapAlign",
                                  "v": "start"
                                },
                                {
                                  "k": "grow",
                                  "v": 0
                                },
                                {
                                  "k": "alignChildren",
                                  "v": "start"
                                }
                              ],
                              "type": "ComponentInfo"
                            },
                            {
                              "class": "Panel",
                              "key": "11_1383351379",
                              "propList": [
                                {
                                  "k": "styleMap",
                                  "v": {
                                    "name": "styleMap",
                                    "properties": [
                                      {
                                        "name": "padding-top",
                                        "value": "3px"
                                      },
                                      {
                                        "name": "padding-bottom",
                                        "value": "3px"
                                      }
                                    ],
                                    "type": "PropertyMap[styleMap]"
                                  }
                                },
                                {
                                  "k": "width",
                                  "v": 200
                                },
                                {
                                  "k": "height",
                                  "v": 200
                                },
                                {
                                  "k": "name",
                                  "v": "Form1Footer"
                                },
                                {
                                  "k": "suffixName",
                                  "v": "Footer"
                                },
                                {
                                  "k": "layout",
                                  "v": "horizontal"
                                },
                                {
                                  "k": "variant",
                                  "v": "Transparent"
                                },
                                {
                                  "k": "styles",
                                  "v": {
                                    "list": ["app-FormFooter"],
                                    "type": "List[String]"
                                  }
                                },
                                {
                                  "k": "autoWidth",
                                  "v": true
                                },
                                {
                                  "k": "align",
                                  "v": "stretch"
                                },
                                {
                                  "k": "autoHeight",
                                  "v": true
                                },
                                {
                                  "k": "justify",
                                  "v": "end"
                                },
                                {
                                  "k": "alignChildren",
                                  "v": "center"
                                },
                                {
                                  "k": "editorNonInheritedLocked",
                                  "v": true
                                },
                                {
                                  "k": "children",
                                  "v": {
                                    "list": [
                                      {
                                        "class": "SimpleButton",
                                        "key": "12_1099772570",
                                        "propList": [
                                          {
                                            "k": "styleMap",
                                            "v": {
                                              "name": "styleMap",
                                              "properties": [],
                                              "type": "PropertyMap[styleMap]"
                                            }
                                          },
                                          {
                                            "k": "width",
                                            "v": 92
                                          },
                                          {
                                            "k": "height",
                                            "v": 36
                                          },
                                          {
                                            "k": "name",
                                            "v": "Button1"
                                          },
                                          {
                                            "k": "left",
                                            "v": 0
                                          },
                                          {
                                            "k": "top",
                                            "v": 0
                                          },
                                          {
                                            "k": "autoWidth",
                                            "v": true
                                          },
                                          {
                                            "k": "autoHeight",
                                            "v": true
                                          },
                                          {
                                            "k": "right",
                                            "v": 572
                                          },
                                          {
                                            "k": "bottom",
                                            "v": 381
                                          },
                                          {
                                            "k": "text",
                                            "v": "Cancel"
                                          },
                                          {
                                            "k": "action",
                                            "v": "app.popups.DeleteMyCategory.visible \u003d false;"
                                          }
                                        ],
                                        "type": "ComponentInfo"
                                      },
                                      {
                                        "class": "SimpleButton",
                                        "key": "13_803700446",
                                        "propList": [
                                          {
                                            "k": "styleMap",
                                            "v": {
                                              "name": "styleMap",
                                              "properties": [
                                                {
                                                  "name": "padding-left",
                                                  "value": "10px"
                                                },
                                                {
                                                  "name": "padding-right",
                                                  "value": "10px"
                                                }
                                              ],
                                              "type": "PropertyMap[styleMap]"
                                            }
                                          },
                                          {
                                            "k": "width",
                                            "v": 92
                                          },
                                          {
                                            "k": "height",
                                            "v": 36
                                          },
                                          {
                                            "k": "name",
                                            "v": "Form1SubmitButton"
                                          },
                                          {
                                            "k": "suffixName",
                                            "v": "SubmitButton"
                                          },
                                          {
                                            "k": "variant",
                                            "v": "RaisedPrimary"
                                          },
                                          {
                                            "k": "text",
                                            "v": "Delete"
                                          },
                                          {
                                            "k": "action",
                                            "v": "app.popups.DeleteMyCategory.visible \u003d false;\napp.popups.Snackbar.properties.informText \u003d \u0027Deleting button\u2026\u0027;\napp.popups.Snackbar.visible \u003d true;\nwidget.datasource.deleteItem(function () {\n  app.popups.Snackbar.properties.informText \u003d \u0027Complete. Reload.\u0027;\n  setTimeout(function () {\n    app.popups.Snackbar.visible \u003d false;  \n  }, 1000);  \n  google.script.run.makeUserButtonsDirty();\n});"
                                          },
                                          {
                                            "k": "bindings",
                                            "v": {
                                              "list": [{
                                                "sourceExpression": "enabled",
                                                "targetExpression": "@widget.parent.parent.valid",
                                                "targetLiteralExpression": "@widget.parent.parent.valid",
                                                "type": "BindingInfo"
                                              }],
                                              "type": "List[BindingInfo]"
                                            }
                                          },
                                          {
                                            "k": "title",
                                            "v": "Submit item"
                                          },
                                          {
                                            "k": "autoWidth",
                                            "v": true
                                          },
                                          {
                                            "k": "autoHeight",
                                            "v": true
                                          },
                                          {
                                            "k": "visible",
                                            "v": true
                                          },
                                          {
                                            "k": "left",
                                            "v": 155
                                          },
                                          {
                                            "k": "top",
                                            "v": 15
                                          },
                                          {
                                            "k": "onLoad",
                                            "v": {
                                              "isNull": true,
                                              "type": "String"
                                            }
                                          },
                                          {
                                            "k": "styles",
                                            "v": {
                                              "list": ["redBackground"],
                                              "type": "List[String]"
                                            }
                                          }
                                        ],
                                        "type": "ComponentInfo"
                                      }
                                    ],
                                    "type": "List[ComponentInfo]"
                                  }
                                }
                              ],
                              "type": "ComponentInfo"
                            }
                          ],
                          "type": "List[ComponentInfo]"
                        }
                      },
                      {
                        "k": "top",
                        "v": 0
                      },
                      {
                        "k": "left",
                        "v": 0
                      },
                      {
                        "k": "autoWidth",
                        "v": true
                      },
                      {
                        "k": "align",
                        "v": "stretch"
                      },
                      {
                        "k": "justify",
                        "v": "start"
                      },
                      {
                        "k": "alignChildren",
                        "v": "baseline"
                      },
                      {
                        "k": "wrapAlign",
                        "v": "spaceBetween"
                      },
                      {
                        "k": "grow",
                        "v": 1
                      },
                      {
                        "k": "minHeight",
                        "v": 0
                      }
                    ],
                    "type": "ComponentInfo"
                  }
                ],
                "type": "List[ComponentInfo]"
              }
            },
            {
              "k": "autoHeight",
              "v": true
            },
            {
              "k": "bindings",
              "v": {
                "list": [{
                  "sourceExpression": "_dataSource",
                  "targetExpression": "@datasources.oKObr28MXpAR1sK8AZ8kItZfa4ZyoohD",
                  "targetLiteralExpression": "@datasources.MyCategories",
                  "type": "BindingInfo"
                }],
                "type": "List[BindingInfo]"
              }
            },
            {
              "k": "onLoad",
              "v": "widget.root.properties.MaxStep \u003d 3;\nwidget.root.properties.Step \u003d 1;\nif (!app.datasources.IconsCalc.loaded) app.datasources.IconsCalc.load();\nif (!app.datasources.ColorsCalc.loaded) app.datasources.ColorsCalc.load();\n//app.datasources.MyButtons.modes.create.item.ColorValue \u003d \u0027#aaa\u0027;"
            },
            {
              "k": "createChildrenOnInit",
              "v": "ON_LOAD"
            },
            {
              "k": "minHeight",
              "v": 250
            },
            {
              "k": "align",
              "v": "inherited"
            }
          ],
          "type": "ComponentInfo"
        }],
        "type": "List[ComponentInfo]"
      }
    },
    {
      "k": "name",
      "v": "DeleteMyCategory"
    },
    {
      "k": "top",
      "v": 4
    },
    {
      "k": "left",
      "v": 4
    },
    {
      "k": "height",
      "v": 960
    },
    {
      "k": "width",
      "v": 960
    },
    {
      "k": "vertical",
      "v": "top"
    },
    {
      "k": "animation",
      "v": "fade"
    },
    {
      "k": "createChildrenOnInit",
      "v": "ON_LOAD"
    },
    {
      "k": "escapeToClose",
      "v": false
    },
    {
      "k": "pageCss",
      "v": ".app-Label--Required:after { \n  content: \u0027*\u0027;\n  color: red;\n}\n\n.app-DeleteMyCategory-ButtonFace1 {\n flex-grow: 0 !important; \n}"
    },
    {
      "k": "isRootComponent",
      "v": true
    }
  ],
  "type": "ComponentInfo"
}