{
  "class": "PopupOverlay",
  "customPropertyDescriptions": [
    {
      "category": "Custom Properties",
      "deprecated": false,
      "designTime": false,
      "experimental": false,
      "hidden": false,
      "key": "M98sShpk",
      "name": "Step",
      "persisted": true,
      "readonly": false,
      "type": "Number"
    },
    {
      "category": "Custom Properties",
      "deprecated": false,
      "designTime": false,
      "experimental": false,
      "hidden": false,
      "key": "io4kDow0",
      "name": "MaxSteps",
      "persisted": true,
      "readonly": false,
      "type": "Number"
    }
  ],
  "customPropertyValues": {
    "name": "CustomProperties",
    "properties": [
      {
        "name": "M98sShpk",
        "value": {
          "isNull": true,
          "type": "Number"
        }
      },
      {
        "name": "io4kDow0",
        "value": {
          "isNull": true,
          "type": "Number"
        }
      }
    ],
    "type": "PropertyMap[CustomProperties]"
  },
  "key": "35_167556564",
  "permission": {
    "name": "canRead",
    "type": "compoundEveryone"
  },
  "propList": [
    {
      "k": "styleMap",
      "v": {
        "name": "styleMap",
        "properties": [],
        "type": "PropertyMap[styleMap]"
      }
    },
    {
      "k": "children",
      "v": {
        "list": [{
          "class": "PopupContent",
          "key": "36_357190138",
          "propList": [
            {
              "k": "styleMap",
              "v": {
                "name": "styleMap",
                "properties": [],
                "type": "PropertyMap[styleMap]"
              }
            },
            {
              "k": "width",
              "v": 320
            },
            {
              "k": "height",
              "v": 200
            },
            {
              "k": "name",
              "v": "Content"
            },
            {
              "k": "layout",
              "v": "vertical"
            },
            {
              "k": "children",
              "v": {
                "list": [
                  {
                    "class": "Panel",
                    "key": "37_1271848889",
                    "propList": [
                      {
                        "k": "styleMap",
                        "v": {
                          "name": "styleMap",
                          "properties": [],
                          "type": "PropertyMap[styleMap]"
                        }
                      },
                      {
                        "k": "width",
                        "v": 400
                      },
                      {
                        "k": "height",
                        "v": 200
                      },
                      {
                        "k": "layout",
                        "v": "horizontal"
                      },
                      {
                        "k": "name",
                        "v": "Panel1"
                      },
                      {
                        "k": "left",
                        "v": 0
                      },
                      {
                        "k": "top",
                        "v": 0
                      },
                      {
                        "k": "right",
                        "v": 245
                      },
                      {
                        "k": "bottom",
                        "v": 389
                      },
                      {
                        "k": "autoWidth",
                        "v": true
                      },
                      {
                        "k": "align",
                        "v": "stretch"
                      },
                      {
                        "k": "autoHeight",
                        "v": true
                      },
                      {
                        "k": "variant",
                        "v": "Primary"
                      },
                      {
                        "k": "children",
                        "v": {
                          "list": [
                            {
                              "class": "SimpleLabel",
                              "key": "38_581137655",
                              "propList": [
                                {
                                  "k": "styleMap",
                                  "v": {
                                    "name": "styleMap",
                                    "properties": [{
                                      "name": "padding-left",
                                      "value": "20px"
                                    }],
                                    "type": "PropertyMap[styleMap]"
                                  }
                                },
                                {
                                  "k": "width",
                                  "v": 100
                                },
                                {
                                  "k": "height",
                                  "v": 20
                                },
                                {
                                  "k": "name",
                                  "v": "Title"
                                },
                                {
                                  "k": "text",
                                  "v": "Delete Global Button"
                                },
                                {
                                  "k": "autoWidth",
                                  "v": true
                                },
                                {
                                  "k": "autoHeight",
                                  "v": true
                                },
                                {
                                  "k": "variant",
                                  "v": "Title"
                                },
                                {
                                  "k": "grow",
                                  "v": 1
                                },
                                {
                                  "k": "left",
                                  "v": 0
                                },
                                {
                                  "k": "top",
                                  "v": 0
                                }
                              ],
                              "type": "ComponentInfo"
                            },
                            {
                              "class": "LoadingIndicator",
                              "key": "39_386870944",
                              "propList": [
                                {
                                  "k": "styleMap",
                                  "v": {
                                    "name": "styleMap",
                                    "properties": [
                                      {
                                        "name": "padding-top",
                                        "value": "0px"
                                      },
                                      {
                                        "name": "padding-bottom",
                                        "value": "0px"
                                      },
                                      {
                                        "name": "padding-left",
                                        "value": "0px"
                                      },
                                      {
                                        "name": "padding-right",
                                        "value": "0px"
                                      }
                                    ],
                                    "type": "PropertyMap[styleMap]"
                                  }
                                },
                                {
                                  "k": "bindings",
                                  "v": {
                                    "list": [{
                                      "sourceExpression": "visible",
                                      "targetExpression": "@datasource.loading || @datasource.creating || @datasource.deleting",
                                      "targetLiteralExpression": "@datasource.loading || @datasource.creating || @datasource.deleting",
                                      "type": "BindingInfo"
                                    }],
                                    "type": "List[BindingInfo]"
                                  }
                                },
                                {
                                  "k": "width",
                                  "v": 22
                                },
                                {
                                  "k": "height",
                                  "v": 25
                                },
                                {
                                  "k": "name",
                                  "v": "Form1Spinner"
                                },
                                {
                                  "k": "suffixName",
                                  "v": "Spinner"
                                },
                                {
                                  "k": "align",
                                  "v": "center"
                                },
                                {
                                  "k": "left",
                                  "v": 189
                                },
                                {
                                  "k": "top",
                                  "v": 5
                                },
                                {
                                  "k": "variant",
                                  "v": "Dark"
                                },
                                {
                                  "k": "autoWidth",
                                  "v": false
                                },
                                {
                                  "k": "grow",
                                  "v": 0
                                },
                                {
                                  "k": "autoHeight",
                                  "v": false
                                }
                              ],
                              "type": "ComponentInfo"
                            },
                            {
                              "class": "SimpleButton",
                              "key": "40_251712647",
                              "propList": [
                                {
                                  "k": "styleMap",
                                  "v": {
                                    "name": "styleMap",
                                    "properties": [],
                                    "type": "PropertyMap[styleMap]"
                                  }
                                },
                                {
                                  "k": "width",
                                  "v": 92
                                },
                                {
                                  "k": "height",
                                  "v": 36
                                },
                                {
                                  "k": "name",
                                  "v": "Button2"
                                },
                                {
                                  "k": "left",
                                  "v": 0
                                },
                                {
                                  "k": "top",
                                  "v": 0
                                },
                                {
                                  "k": "autoWidth",
                                  "v": true
                                },
                                {
                                  "k": "autoHeight",
                                  "v": true
                                },
                                {
                                  "k": "text",
                                  "v": "cancel"
                                },
                                {
                                  "k": "variant",
                                  "v": "IconDark"
                                },
                                {
                                  "k": "action",
                                  "v": "widget.datasource.clearChanges();\napp.popups.DeleteGlobalButton.visible \u003d false;"
                                }
                              ],
                              "type": "ComponentInfo"
                            }
                          ],
                          "type": "List[ComponentInfo]"
                        }
                      },
                      {
                        "k": "justify",
                        "v": "spaceBetween"
                      },
                      {
                        "k": "alignChildren",
                        "v": "center"
                      },
                      {
                        "k": "bindings",
                        "v": {
                          "list": [],
                          "type": "List[BindingInfo]"
                        }
                      },
                      {
                        "k": "styles",
                        "v": {
                          "list": ["redBackground"],
                          "type": "List[String]"
                        }
                      }
                    ],
                    "type": "ComponentInfo"
                  },
                  {
                    "class": "Panel",
                    "key": "41_1225807395",
                    "propList": [
                      {
                        "k": "styleMap",
                        "v": {
                          "name": "styleMap",
                          "properties": [{
                            "name": "padding-top",
                            "value": "20px"
                          }],
                          "type": "PropertyMap[styleMap]"
                        }
                      },
                      {
                        "k": "width",
                        "v": 440
                      },
                      {
                        "k": "height",
                        "v": 385
                      },
                      {
                        "k": "name",
                        "v": "Form1"
                      },
                      {
                        "k": "layout",
                        "v": "vertical"
                      },
                      {
                        "k": "autoHeight",
                        "v": true
                      },
                      {
                        "k": "bindings",
                        "v": {
                          "list": [],
                          "type": "List[BindingInfo]"
                        }
                      },
                      {
                        "k": "variant",
                        "v": "Paper"
                      },
                      {
                        "k": "styles",
                        "v": {
                          "list": ["app-Form"],
                          "type": "List[String]"
                        }
                      },
                      {
                        "k": "children",
                        "v": {
                          "list": [
                            {
                              "class": "Panel",
                              "key": "42_366255497",
                              "propList": [
                                {
                                  "k": "styleMap",
                                  "v": {
                                    "name": "styleMap",
                                    "properties": [],
                                    "type": "PropertyMap[styleMap]"
                                  }
                                },
                                {
                                  "k": "width",
                                  "v": 200
                                },
                                {
                                  "k": "height",
                                  "v": 310
                                },
                                {
                                  "k": "name",
                                  "v": "Form1Body"
                                },
                                {
                                  "k": "suffixName",
                                  "v": "Body"
                                },
                                {
                                  "k": "layout",
                                  "v": "vertical"
                                },
                                {
                                  "k": "variant",
                                  "v": "Transparent"
                                },
                                {
                                  "k": "styles",
                                  "v": {
                                    "list": ["app-FormBody"],
                                    "type": "List[String]"
                                  }
                                },
                                {
                                  "k": "autoWidth",
                                  "v": true
                                },
                                {
                                  "k": "align",
                                  "v": "stretch"
                                },
                                {
                                  "k": "autoHeight",
                                  "v": false
                                },
                                {
                                  "k": "editorNonInheritedLocked",
                                  "v": true
                                },
                                {
                                  "k": "children",
                                  "v": {
                                    "list": [
                                      {
                                        "class": "SimpleLabel",
                                        "key": "43_392689605",
                                        "propList": [
                                          {
                                            "k": "styleMap",
                                            "v": {
                                              "name": "styleMap",
                                              "properties": [],
                                              "type": "PropertyMap[styleMap]"
                                            }
                                          },
                                          {
                                            "k": "width",
                                            "v": 100
                                          },
                                          {
                                            "k": "height",
                                            "v": 20
                                          },
                                          {
                                            "k": "name",
                                            "v": "Instructions"
                                          },
                                          {
                                            "k": "left",
                                            "v": 0
                                          },
                                          {
                                            "k": "top",
                                            "v": 0
                                          },
                                          {
                                            "k": "autoWidth",
                                            "v": true
                                          },
                                          {
                                            "k": "autoHeight",
                                            "v": true
                                          },
                                          {
                                            "k": "right",
                                            "v": 598
                                          },
                                          {
                                            "k": "bottom",
                                            "v": 825
                                          },
                                          {
                                            "k": "variant",
                                            "v": "Subhead"
                                          },
                                          {
                                            "k": "text",
                                            "v": "Are you sure you want to delete this button?"
                                          },
                                          {
                                            "k": "bindings",
                                            "v": {
                                              "list": [],
                                              "type": "List[BindingInfo]"
                                            }
                                          }
                                        ],
                                        "type": "ComponentInfo"
                                      },
                                      {
                                        "class": "CustomComponent_UE5HqhChDiukkhuf2UYKQYhrKU0XE5XS",
                                        "customPropertyDescriptions": [
                                          {
                                            "category": "Custom Properties",
                                            "deprecated": false,
                                            "designTime": false,
                                            "experimental": false,
                                            "hidden": false,
                                            "key": "fWof8jH5",
                                            "name": "Icon",
                                            "persisted": true,
                                            "readonly": false,
                                            "type": "String"
                                          },
                                          {
                                            "category": "Custom Properties",
                                            "deprecated": false,
                                            "designTime": false,
                                            "experimental": false,
                                            "hidden": false,
                                            "key": "RYbKYd3C",
                                            "name": "Name",
                                            "persisted": true,
                                            "readonly": false,
                                            "type": "String"
                                          },
                                          {
                                            "category": "Custom Properties",
                                            "deprecated": false,
                                            "designTime": false,
                                            "experimental": false,
                                            "hidden": false,
                                            "key": "mFOIfrNQ",
                                            "name": "Link",
                                            "persisted": true,
                                            "readonly": false,
                                            "type": "String"
                                          },
                                          {
                                            "category": "Custom Properties",
                                            "deprecated": false,
                                            "designTime": false,
                                            "experimental": false,
                                            "hidden": false,
                                            "key": "gufGE173",
                                            "name": "Color",
                                            "persisted": true,
                                            "readonly": false,
                                            "type": "String"
                                          },
                                          {
                                            "category": "Custom Properties",
                                            "deprecated": false,
                                            "designTime": false,
                                            "experimental": false,
                                            "hidden": false,
                                            "key": "kwfYSiSd",
                                            "name": "EditMode",
                                            "persisted": true,
                                            "readonly": false,
                                            "type": "Boolean"
                                          },
                                          {
                                            "category": "Custom Properties",
                                            "deprecated": false,
                                            "designTime": false,
                                            "experimental": false,
                                            "hidden": false,
                                            "key": "fhMDYltm",
                                            "name": "PresentationMode",
                                            "persisted": true,
                                            "readonly": false,
                                            "type": "Boolean"
                                          },
                                          {
                                            "category": "Custom Properties",
                                            "deprecated": false,
                                            "designTime": false,
                                            "experimental": false,
                                            "hidden": false,
                                            "key": "m92oR1Ph",
                                            "name": "Key",
                                            "persisted": true,
                                            "readonly": false,
                                            "type": "String"
                                          },
                                          {
                                            "category": "Custom Properties",
                                            "deprecated": false,
                                            "designTime": false,
                                            "experimental": false,
                                            "hidden": false,
                                            "key": "8n0ROXYw",
                                            "name": "TitleColor",
                                            "persisted": true,
                                            "readonly": false,
                                            "type": "String"
                                          },
                                          {
                                            "category": "Custom Properties",
                                            "deprecated": false,
                                            "designTime": false,
                                            "experimental": false,
                                            "hidden": false,
                                            "key": "DKKGTgau",
                                            "name": "Kind",
                                            "persisted": true,
                                            "readonly": false,
                                            "type": "String"
                                          },
                                          {
                                            "category": "Custom Properties",
                                            "deprecated": false,
                                            "designTime": false,
                                            "experimental": false,
                                            "hidden": false,
                                            "key": "rE1qCvof",
                                            "name": "IconPrefix",
                                            "persisted": true,
                                            "readonly": false,
                                            "type": "String"
                                          },
                                          {
                                            "category": "Custom Properties",
                                            "deprecated": false,
                                            "designTime": false,
                                            "experimental": false,
                                            "hidden": false,
                                            "key": "COB29AzR",
                                            "name": "Datasource",
                                            "persisted": true,
                                            "readonly": false,
                                            "type": "String"
                                          },
                                          {
                                            "category": "Custom Properties",
                                            "deprecated": false,
                                            "designTime": false,
                                            "experimental": false,
                                            "hidden": false,
                                            "key": "aOtlKnIx",
                                            "name": "DatasourceLength",
                                            "persisted": true,
                                            "readonly": false,
                                            "type": "Number"
                                          },
                                          {
                                            "category": "Custom Properties",
                                            "deprecated": false,
                                            "designTime": false,
                                            "experimental": false,
                                            "hidden": false,
                                            "key": "8cH56qZX",
                                            "name": "NewProperty",
                                            "persisted": true,
                                            "readonly": false,
                                            "type": "Number"
                                          }
                                        ],
                                        "customPropertyValues": {
                                          "name": "CustomProperties",
                                          "properties": [
                                            {
                                              "name": "fWof8jH5",
                                              "value": {
                                                "isNull": true,
                                                "type": "String"
                                              }
                                            },
                                            {
                                              "name": "RYbKYd3C",
                                              "value": {
                                                "isNull": true,
                                                "type": "String"
                                              }
                                            },
                                            {
                                              "name": "mFOIfrNQ",
                                              "value": {
                                                "isNull": true,
                                                "type": "String"
                                              }
                                            },
                                            {
                                              "name": "gufGE173",
                                              "value": {
                                                "isNull": true,
                                                "type": "String"
                                              }
                                            },
                                            {
                                              "name": "kwfYSiSd",
                                              "value": {
                                                "isNull": true,
                                                "type": "Boolean"
                                              }
                                            },
                                            {
                                              "name": "fhMDYltm",
                                              "value": true
                                            },
                                            {
                                              "name": "m92oR1Ph",
                                              "value": {
                                                "isNull": true,
                                                "type": "String"
                                              }
                                            },
                                            {
                                              "name": "8n0ROXYw",
                                              "value": {
                                                "isNull": true,
                                                "type": "String"
                                              }
                                            },
                                            {
                                              "name": "DKKGTgau",
                                              "value": {
                                                "isNull": true,
                                                "type": "String"
                                              }
                                            },
                                            {
                                              "name": "rE1qCvof",
                                              "value": {
                                                "isNull": true,
                                                "type": "String"
                                              }
                                            },
                                            {
                                              "name": "COB29AzR",
                                              "value": {
                                                "isNull": true,
                                                "type": "String"
                                              }
                                            },
                                            {
                                              "name": "aOtlKnIx",
                                              "value": {
                                                "isNull": true,
                                                "type": "Number"
                                              }
                                            },
                                            {
                                              "name": "8cH56qZX",
                                              "value": 0
                                            }
                                          ],
                                          "type": "PropertyMap[CustomProperties]"
                                        },
                                        "key": "44_1695046615",
                                        "propList": [
                                          {
                                            "k": "styleMap",
                                            "v": {
                                              "name": "styleMap",
                                              "properties": [],
                                              "type": "PropertyMap[styleMap]"
                                            }
                                          },
                                          {
                                            "k": "customWidgetKey",
                                            "v": {
                                              "appKey": "UE5HqhChDiukkhuf2UYKQYhrKU0XE5XS",
                                              "type": "AppChildKey"
                                            }
                                          },
                                          {
                                            "k": "width",
                                            "v": 300
                                          },
                                          {
                                            "k": "height",
                                            "v": 100
                                          },
                                          {
                                            "k": "name",
                                            "v": "ButtonFace1"
                                          },
                                          {
                                            "k": "left",
                                            "v": 0
                                          },
                                          {
                                            "k": "top",
                                            "v": 0
                                          },
                                          {
                                            "k": "right",
                                            "v": 346
                                          },
                                          {
                                            "k": "bottom",
                                            "v": 508
                                          },
                                          {
                                            "k": "autoWidth",
                                            "v": true
                                          },
                                          {
                                            "k": "align",
                                            "v": "stretch"
                                          },
                                          {
                                            "k": "autoHeight",
                                            "v": true
                                          },
                                          {
                                            "k": "grow",
                                            "v": 1
                                          },
                                          {
                                            "k": "bindings",
                                            "v": {
                                              "list": [
                                                {
                                                  "sourceExpression": "properties.fWof8jH5",
                                                  "targetExpression": "@datasource.item.JszwxbYCzdt2p5jw",
                                                  "targetLiteralExpression": "@datasource.item.IconValue",
                                                  "type": "BindingInfo"
                                                },
                                                {
                                                  "sourceExpression": "properties.RYbKYd3C",
                                                  "targetExpression": "@datasource.item.hXDX1vcfZkRxIHzN",
                                                  "targetLiteralExpression": "@datasource.item.DisplayName",
                                                  "type": "BindingInfo"
                                                },
                                                {
                                                  "sourceExpression": "properties.gufGE173",
                                                  "targetExpression": "@datasource.item.VeeLuvHBqRdu6yEI",
                                                  "targetLiteralExpression": "@datasource.item.ColorValue",
                                                  "type": "BindingInfo"
                                                },
                                                {
                                                  "sourceExpression": "properties.8n0ROXYw",
                                                  "targetExpression": "@datasource.item.1ik1iTWIpIWSbXij",
                                                  "targetLiteralExpression": "@datasource.item.TitleValue",
                                                  "type": "BindingInfo"
                                                },
                                                {
                                                  "sourceExpression": "properties.DKKGTgau",
                                                  "targetExpression": "@datasource.item.ZLJ0JCeiOsDVPYf9",
                                                  "targetLiteralExpression": "@datasource.item.Kind",
                                                  "type": "BindingInfo"
                                                },
                                                {
                                                  "sourceExpression": "properties.rE1qCvof",
                                                  "targetExpression": "@datasource.item.PkQFtwpHYUCbdOtT",
                                                  "targetLiteralExpression": "@datasource.item.FaPrefix",
                                                  "type": "BindingInfo"
                                                }
                                              ],
                                              "type": "List[BindingInfo]"
                                            }
                                          }
                                        ],
                                        "type": "ComponentInfo"
                                      },
                                      {
                                        "class": "SimpleLabel",
                                        "key": "5_1505490113",
                                        "propList": [
                                          {
                                            "k": "styleMap",
                                            "v": {
                                              "name": "styleMap",
                                              "properties": [],
                                              "type": "PropertyMap[styleMap]"
                                            }
                                          },
                                          {
                                            "k": "width",
                                            "v": 123
                                          },
                                          {
                                            "k": "height",
                                            "v": 22
                                          },
                                          {
                                            "k": "name",
                                            "v": "Instructions1"
                                          },
                                          {
                                            "k": "left",
                                            "v": 0
                                          },
                                          {
                                            "k": "top",
                                            "v": 0
                                          },
                                          {
                                            "k": "autoWidth",
                                            "v": true
                                          },
                                          {
                                            "k": "autoHeight",
                                            "v": true
                                          },
                                          {
                                            "k": "right",
                                            "v": 598
                                          },
                                          {
                                            "k": "bottom",
                                            "v": 825
                                          },
                                          {
                                            "k": "variant",
                                            "v": "Subhead"
                                          },
                                          {
                                            "k": "text",
                                            "v": "There is no undo."
                                          },
                                          {
                                            "k": "bindings",
                                            "v": {
                                              "list": [],
                                              "type": "List[BindingInfo]"
                                            }
                                          },
                                          {
                                            "k": "styles",
                                            "v": {
                                              "list": ["red"],
                                              "type": "List[String]"
                                            }
                                          },
                                          {
                                            "k": "constrain_left",
                                            "v": true
                                          },
                                          {
                                            "k": "constrain_right",
                                            "v": false
                                          },
                                          {
                                            "k": "constrain_width",
                                            "v": true
                                          },
                                          {
                                            "k": "constrain_minWidth",
                                            "v": false
                                          },
                                          {
                                            "k": "constrain_maxWidth",
                                            "v": false
                                          },
                                          {
                                            "k": "constrain_top",
                                            "v": true
                                          },
                                          {
                                            "k": "constrain_bottom",
                                            "v": false
                                          },
                                          {
                                            "k": "constrain_height",
                                            "v": true
                                          },
                                          {
                                            "k": "constrain_minHeight",
                                            "v": false
                                          },
                                          {
                                            "k": "constrain_maxHeight",
                                            "v": false
                                          }
                                        ],
                                        "type": "ComponentInfo"
                                      }
                                    ],
                                    "type": "List[ComponentInfo]"
                                  }
                                },
                                {
                                  "k": "left",
                                  "v": 0
                                },
                                {
                                  "k": "top",
                                  "v": 0
                                },
                                {
                                  "k": "bindings",
                                  "v": {
                                    "list": [],
                                    "type": "List[BindingInfo]"
                                  }
                                },
                                {
                                  "k": "alignChildren",
                                  "v": "start"
                                },
                                {
                                  "k": "wrapAlign",
                                  "v": "start"
                                },
                                {
                                  "k": "grow",
                                  "v": 0
                                }
                              ],
                              "type": "ComponentInfo"
                            },
                            {
                              "class": "Panel",
                              "key": "71_378360863",
                              "propList": [
                                {
                                  "k": "styleMap",
                                  "v": {
                                    "name": "styleMap",
                                    "properties": [
                                      {
                                        "name": "padding-bottom",
                                        "value": "3px"
                                      },
                                      {
                                        "name": "padding-top",
                                        "value": "3px"
                                      }
                                    ],
                                    "type": "PropertyMap[styleMap]"
                                  }
                                },
                                {
                                  "k": "width",
                                  "v": 200
                                },
                                {
                                  "k": "height",
                                  "v": 200
                                },
                                {
                                  "k": "name",
                                  "v": "Form1Footer"
                                },
                                {
                                  "k": "suffixName",
                                  "v": "Footer"
                                },
                                {
                                  "k": "layout",
                                  "v": "horizontal"
                                },
                                {
                                  "k": "variant",
                                  "v": "Transparent"
                                },
                                {
                                  "k": "styles",
                                  "v": {
                                    "list": ["app-FormFooter"],
                                    "type": "List[String]"
                                  }
                                },
                                {
                                  "k": "autoWidth",
                                  "v": true
                                },
                                {
                                  "k": "align",
                                  "v": "stretch"
                                },
                                {
                                  "k": "autoHeight",
                                  "v": true
                                },
                                {
                                  "k": "justify",
                                  "v": "end"
                                },
                                {
                                  "k": "alignChildren",
                                  "v": "center"
                                },
                                {
                                  "k": "editorNonInheritedLocked",
                                  "v": true
                                },
                                {
                                  "k": "children",
                                  "v": {
                                    "list": [
                                      {
                                        "class": "SimpleButton",
                                        "key": "74_466068887",
                                        "propList": [
                                          {
                                            "k": "styleMap",
                                            "v": {
                                              "name": "styleMap",
                                              "properties": [
                                                {
                                                  "name": "margin-left",
                                                  "value": "0px"
                                                },
                                                {
                                                  "name": "padding-top",
                                                  "value": {
                                                    "isNull": true,
                                                    "type": "String"
                                                  }
                                                },
                                                {
                                                  "name": "padding-left",
                                                  "value": "10px"
                                                },
                                                {
                                                  "name": "padding-right",
                                                  "value": "10px"
                                                }
                                              ],
                                              "type": "PropertyMap[styleMap]"
                                            }
                                          },
                                          {
                                            "k": "width",
                                            "v": 92
                                          },
                                          {
                                            "k": "height",
                                            "v": 36
                                          },
                                          {
                                            "k": "name",
                                            "v": "Button5"
                                          },
                                          {
                                            "k": "left",
                                            "v": 0
                                          },
                                          {
                                            "k": "top",
                                            "v": 0
                                          },
                                          {
                                            "k": "autoWidth",
                                            "v": true
                                          },
                                          {
                                            "k": "autoHeight",
                                            "v": true
                                          },
                                          {
                                            "k": "right",
                                            "v": 588
                                          },
                                          {
                                            "k": "bottom",
                                            "v": 439
                                          },
                                          {
                                            "k": "text",
                                            "v": "Cancel"
                                          },
                                          {
                                            "k": "action",
                                            "v": "app.popups.DeleteGlobalButton.visible \u003d false;\n"
                                          }
                                        ],
                                        "type": "ComponentInfo"
                                      },
                                      {
                                        "class": "SimpleButton",
                                        "key": "75_176047700",
                                        "propList": [
                                          {
                                            "k": "styleMap",
                                            "v": {
                                              "name": "styleMap",
                                              "properties": [
                                                {
                                                  "name": "padding-left",
                                                  "value": "10px"
                                                },
                                                {
                                                  "name": "padding-right",
                                                  "value": "10px"
                                                }
                                              ],
                                              "type": "PropertyMap[styleMap]"
                                            }
                                          },
                                          {
                                            "k": "width",
                                            "v": 92
                                          },
                                          {
                                            "k": "height",
                                            "v": 36
                                          },
                                          {
                                            "k": "name",
                                            "v": "Form1SubmitButton"
                                          },
                                          {
                                            "k": "suffixName",
                                            "v": "SubmitButton"
                                          },
                                          {
                                            "k": "variant",
                                            "v": "RaisedPrimary"
                                          },
                                          {
                                            "k": "text",
                                            "v": "Delete"
                                          },
                                          {
                                            "k": "action",
                                            "v": "app.popups.DeleteGlobalButton.visible \u003d false;\napp.popups.Snackbar.properties.informText \u003d \u0027Deleting button\u2026\u0027;\napp.popups.Snackbar.visible \u003d true;\nwidget.datasource.deleteItem(function () {\n  widget.datasource.saveChanges(function () {\n    app.popups.Snackbar.properties.informText \u003d \u0027Complete.\u0027;\n    setTimeout(function () {\n      app.popups.Snackbar.visible \u003d false;  \n    }, 1000);  \n    google.script.run.makeGlobalButtonsDirty();\n  });\n});"
                                          },
                                          {
                                            "k": "bindings",
                                            "v": {
                                              "list": [{
                                                "sourceExpression": "enabled",
                                                "targetExpression": "@widget.parent.parent.valid",
                                                "targetLiteralExpression": "@widget.parent.parent.valid",
                                                "type": "BindingInfo"
                                              }],
                                              "type": "List[BindingInfo]"
                                            }
                                          },
                                          {
                                            "k": "title",
                                            "v": "Submit item"
                                          },
                                          {
                                            "k": "autoWidth",
                                            "v": true
                                          },
                                          {
                                            "k": "autoHeight",
                                            "v": true
                                          },
                                          {
                                            "k": "visible",
                                            "v": true
                                          },
                                          {
                                            "k": "left",
                                            "v": 155
                                          },
                                          {
                                            "k": "top",
                                            "v": 15
                                          },
                                          {
                                            "k": "onLoad",
                                            "v": {
                                              "isNull": true,
                                              "type": "String"
                                            }
                                          },
                                          {
                                            "k": "styles",
                                            "v": {
                                              "list": ["redBackground"],
                                              "type": "List[String]"
                                            }
                                          }
                                        ],
                                        "type": "ComponentInfo"
                                      }
                                    ],
                                    "type": "List[ComponentInfo]"
                                  }
                                }
                              ],
                              "type": "ComponentInfo"
                            }
                          ],
                          "type": "List[ComponentInfo]"
                        }
                      },
                      {
                        "k": "top",
                        "v": 0
                      },
                      {
                        "k": "left",
                        "v": 0
                      },
                      {
                        "k": "autoWidth",
                        "v": true
                      },
                      {
                        "k": "align",
                        "v": "stretch"
                      },
                      {
                        "k": "justify",
                        "v": "start"
                      },
                      {
                        "k": "alignChildren",
                        "v": "baseline"
                      },
                      {
                        "k": "wrapAlign",
                        "v": "stretch"
                      },
                      {
                        "k": "grow",
                        "v": 0
                      }
                    ],
                    "type": "ComponentInfo"
                  }
                ],
                "type": "List[ComponentInfo]"
              }
            },
            {
              "k": "autoHeight",
              "v": true
            },
            {
              "k": "bindings",
              "v": {
                "list": [{
                  "sourceExpression": "_dataSource",
                  "targetExpression": "@datasources.wLPKz9QQjLX2R7BUmSxri7uzCzbZZHE2_default",
                  "targetLiteralExpression": "@datasources.Buttons",
                  "type": "BindingInfo"
                }],
                "type": "List[BindingInfo]"
              }
            },
            {
              "k": "onLoad",
              "v": "widget.root.properties.MaxStep \u003d 3;\nwidget.root.properties.Step \u003d 1;\nif (!app.datasources.IconsCalc.loaded) app.datasources.IconsCalc.load();\nif (!app.datasources.ColorsCalc.loaded) app.datasources.ColorsCalc.load();\n//app.datasources.MyButtons.modes.create.item.ColorValue \u003d \u0027#aaa\u0027;"
            },
            {
              "k": "createChildrenOnInit",
              "v": "ON_LOAD"
            },
            {
              "k": "minHeight",
              "v": 250
            },
            {
              "k": "align",
              "v": "inherited"
            }
          ],
          "type": "ComponentInfo"
        }],
        "type": "List[ComponentInfo]"
      }
    },
    {
      "k": "name",
      "v": "DeleteGlobalButton"
    },
    {
      "k": "top",
      "v": 4
    },
    {
      "k": "left",
      "v": 4
    },
    {
      "k": "height",
      "v": 960
    },
    {
      "k": "width",
      "v": 960
    },
    {
      "k": "vertical",
      "v": "top"
    },
    {
      "k": "animation",
      "v": "fade"
    },
    {
      "k": "createChildrenOnInit",
      "v": "ON_LOAD"
    },
    {
      "k": "escapeToClose",
      "v": false
    },
    {
      "k": "pageCss",
      "v": ".app-Label--Required:after { \n  content: \u0027*\u0027;\n  color: red;\n}\n\n.app-DeleteGlobalButton-ButtonFace1 {\n flex-grow: 0 !important; \n}"
    },
    {
      "k": "isRootComponent",
      "v": true
    }
  ],
  "type": "ComponentInfo"
}