{
  "class": "Panel",
  "customPropertyDescriptions": [
    {
      "category": "Custom Properties",
      "deprecated": false,
      "designTime": false,
      "experimental": false,
      "hidden": false,
      "key": "SBCibbDj",
      "name": "ButtonDataSource",
      "persisted": true,
      "readonly": false,
      "type": "String"
    },
    {
      "category": "Custom Properties",
      "deprecated": false,
      "designTime": false,
      "experimental": false,
      "hidden": false,
      "key": "xhCnH25g",
      "name": "Names",
      "persisted": true,
      "readonly": false,
      "type": "List[String]"
    },
    {
      "category": "Custom Properties",
      "deprecated": false,
      "designTime": false,
      "experimental": false,
      "hidden": false,
      "key": "6U4gSPCm",
      "name": "IsVisible",
      "persisted": true,
      "readonly": false,
      "type": "Boolean"
    },
    {
      "category": "Custom Properties",
      "deprecated": false,
      "designTime": false,
      "experimental": false,
      "hidden": false,
      "key": "VYqmmy4t",
      "name": "Value",
      "persisted": true,
      "readonly": false,
      "type": "String"
    },
    {
      "category": "Custom Properties",
      "deprecated": false,
      "designTime": false,
      "experimental": false,
      "hidden": false,
      "key": "zbhmWrUC",
      "name": "Options",
      "persisted": true,
      "readonly": false,
      "type": "List[String]"
    }
  ],
  "customPropertyValues": {
    "name": "CustomProperties",
    "properties": [
      {
        "name": "SBCibbDj",
        "value": {
          "isNull": true,
          "type": "String"
        }
      },
      {
        "name": "xhCnH25g",
        "value": {
          "list": [],
          "type": "List[String]"
        }
      },
      {
        "name": "6U4gSPCm",
        "value": {
          "isNull": true,
          "type": "Boolean"
        }
      },
      {
        "name": "VYqmmy4t",
        "value": {
          "isNull": true,
          "type": "String"
        }
      },
      {
        "name": "zbhmWrUC",
        "value": {
          "list": [],
          "type": "List[String]"
        }
      }
    ],
    "type": "PropertyMap[CustomProperties]"
  },
  "key": "fLKSAuP1q4ApiFr3h1laL7oplIShIz8N",
  "permission": {
    "name": "canRead",
    "type": "compoundEveryone"
  },
  "propList": [
    {
      "k": "styleMap",
      "v": {
        "name": "styleMap",
        "properties": [],
        "type": "PropertyMap[styleMap]"
      }
    },
    {
      "k": "width",
      "v": 150
    },
    {
      "k": "height",
      "v": 33
    },
    {
      "k": "name",
      "v": "DropDownSelect"
    },
    {
      "k": "isCustomWidget",
      "v": true
    },
    {
      "k": "top",
      "v": 4
    },
    {
      "k": "left",
      "v": 4
    },
    {
      "k": "children",
      "v": {
        "list": [{
          "class": "Dropdown",
          "key": "0_737397045",
          "propList": [
            {
              "k": "styleMap",
              "v": {
                "name": "styleMap",
                "properties": [{
                  "name": "padding-left",
                  "value": "5px"
                }],
                "type": "PropertyMap[styleMap]"
              }
            },
            {
              "k": "width",
              "v": 150
            },
            {
              "k": "height",
              "v": 32
            },
            {
              "k": "name",
              "v": "Dropdown1"
            },
            {
              "k": "left",
              "v": 75
            },
            {
              "k": "top",
              "v": 89
            },
            {
              "k": "autoHeight",
              "v": true
            },
            {
              "k": "right",
              "v": 75
            },
            {
              "k": "bottom",
              "v": 179
            },
            {
              "k": "variant",
              "v": "Dark"
            },
            {
              "k": "bindings",
              "v": {
                "list": [
                  {
                    "sourceExpression": "value",
                    "targetExpression": "@properties.VYqmmy4t",
                    "targetLiteralExpression": "@properties.Value",
                    "type": "BindingInfo"
                  },
                  {
                    "sourceExpression": "visible",
                    "targetExpression": "@properties.6U4gSPCm",
                    "targetLiteralExpression": "@properties.IsVisible",
                    "type": "BindingInfo"
                  },
                  {
                    "sourceExpression": "names",
                    "targetExpression": "@properties.xhCnH25g",
                    "targetLiteralExpression": "@properties.Names",
                    "type": "BindingInfo"
                  },
                  {
                    "sourceExpression": "options",
                    "targetExpression": "@properties.zbhmWrUC",
                    "targetLiteralExpression": "@properties.Options",
                    "type": "BindingInfo"
                  }
                ],
                "type": "List[BindingInfo]"
              }
            },
            {
              "k": "onChange",
              "v": "//userClickedDropdown(widget, newValue);"
            },
            {
              "k": "onValueEdit",
              "v": "userClickedDropdown(widget, newValue);"
            },
            {
              "k": "allowNull",
              "v": false
            }
          ],
          "type": "ComponentInfo"
        }],
        "type": "List[ComponentInfo]"
      }
    },
    {
      "k": "layout",
      "v": "vertical"
    },
    {
      "k": "variant",
      "v": "Primary"
    },
    {
      "k": "bindings",
      "v": {
        "list": [],
        "type": "List[BindingInfo]"
      }
    }
  ],
  "type": "ComponentInfo"
}