{
  "class": "PopupOverlay",
  "key": "mtPYXnUcFFXpW2kqdKfOX9ZfeIWnSUsx",
  "permission": {
    "name": "canRead",
    "type": "compoundEveryone"
  },
  "propList": [
    {
      "k": "styleMap",
      "v": {
        "name": "styleMap",
        "properties": [],
        "type": "PropertyMap[styleMap]"
      }
    },
    {
      "k": "children",
      "v": {
        "list": [{
          "class": "PopupContent",
          "key": "0_2129988239",
          "propList": [
            {
              "k": "styleMap",
              "v": {
                "name": "styleMap",
                "properties": [],
                "type": "PropertyMap[styleMap]"
              }
            },
            {
              "k": "width",
              "v": 400
            },
            {
              "k": "height",
              "v": 200
            },
            {
              "k": "name",
              "v": "Content"
            },
            {
              "k": "autoHeight",
              "v": true
            },
            {
              "k": "minHeight",
              "v": 100
            },
            {
              "k": "layout",
              "v": "vertical"
            },
            {
              "k": "onLoad",
              "v": "widget.getElement().setAttribute(\"role\", \"dialog\");\nwidget.getElement().setAttribute(\"aria-labelledby\", \"notificationDialogTitle\");\n widget.getElement().setAttribute(\"aria-describedby\", \"notificationDialogDescription\");\n"
            },
            {
              "k": "children",
              "v": {
                "list": [
                  {
                    "class": "SimpleLabel",
                    "key": "0_1458014678",
                    "propList": [
                      {
                        "k": "styleMap",
                        "v": {
                          "name": "styleMap",
                          "properties": [],
                          "type": "PropertyMap[styleMap]"
                        }
                      },
                      {
                        "k": "width",
                        "v": 100
                      },
                      {
                        "k": "height",
                        "v": 20
                      },
                      {
                        "k": "name",
                        "v": "title"
                      },
                      {
                        "k": "autoWidth",
                        "v": true
                      },
                      {
                        "k": "autoHeight",
                        "v": true
                      },
                      {
                        "k": "text",
                        "v": "Runtime Error"
                      },
                      {
                        "k": "variant",
                        "v": "Title"
                      },
                      {
                        "k": "styles",
                        "v": {
                          "list": ["title"],
                          "type": "List[String]"
                        }
                      },
                      {
                        "k": "align",
                        "v": "stretch"
                      },
                      {
                        "k": "onLoad",
                        "v": "widget.getElement().setAttribute(\"id\", \"notificationDialogTitle\");\n"
                      }
                    ],
                    "type": "ComponentInfo"
                  },
                  {
                    "class": "SimpleLabel",
                    "key": "1_794644144",
                    "propList": [
                      {
                        "k": "styleMap",
                        "v": {
                          "name": "styleMap",
                          "properties": [
                            {
                              "name": "margin-top",
                              "value": "20px"
                            },
                            {
                              "name": "padding-right",
                              "value": {
                                "isNull": true,
                                "type": "String"
                              }
                            },
                            {
                              "name": "padding-bottom",
                              "value": "10px"
                            }
                          ],
                          "type": "PropertyMap[styleMap]"
                        }
                      },
                      {
                        "k": "width",
                        "v": 400
                      },
                      {
                        "k": "height",
                        "v": 44
                      },
                      {
                        "k": "name",
                        "v": "descriptionLead"
                      },
                      {
                        "k": "autoWidth",
                        "v": true
                      },
                      {
                        "k": "autoHeight",
                        "v": true
                      },
                      {
                        "k": "text",
                        "v": "We apologize for this. It\u0027s our fault."
                      },
                      {
                        "k": "variant",
                        "v": "Regular"
                      },
                      {
                        "k": "styles",
                        "v": {
                          "list": ["body"],
                          "type": "List[String]"
                        }
                      },
                      {
                        "k": "align",
                        "v": "stretch"
                      },
                      {
                        "k": "onLoad",
                        "v": "widget.getElement().setAttribute(\"id\", \"notificationDialogDescription\");"
                      },
                      {
                        "k": "constrain_left",
                        "v": true
                      },
                      {
                        "k": "constrain_right",
                        "v": false
                      },
                      {
                        "k": "constrain_width",
                        "v": true
                      },
                      {
                        "k": "constrain_minWidth",
                        "v": false
                      },
                      {
                        "k": "constrain_maxWidth",
                        "v": false
                      },
                      {
                        "k": "constrain_top",
                        "v": true
                      },
                      {
                        "k": "constrain_bottom",
                        "v": false
                      },
                      {
                        "k": "constrain_height",
                        "v": true
                      },
                      {
                        "k": "constrain_minHeight",
                        "v": false
                      },
                      {
                        "k": "constrain_maxHeight",
                        "v": false
                      },
                      {
                        "k": "left",
                        "v": 0
                      },
                      {
                        "k": "top",
                        "v": 0
                      }
                    ],
                    "type": "ComponentInfo"
                  },
                  {
                    "class": "SimpleLabel",
                    "key": "3_1787722995",
                    "propList": [
                      {
                        "k": "styleMap",
                        "v": {
                          "name": "styleMap",
                          "properties": [{
                            "name": "margin-top",
                            "value": "20px"
                          }],
                          "type": "PropertyMap[styleMap]"
                        }
                      },
                      {
                        "k": "width",
                        "v": 400
                      },
                      {
                        "k": "height",
                        "v": 44
                      },
                      {
                        "k": "name",
                        "v": "description"
                      },
                      {
                        "k": "autoWidth",
                        "v": true
                      },
                      {
                        "k": "autoHeight",
                        "v": true
                      },
                      {
                        "k": "text",
                        "v": "it.helpdesk@igbis.edu.my"
                      },
                      {
                        "k": "variant",
                        "v": "Regular"
                      },
                      {
                        "k": "styles",
                        "v": {
                          "list": ["body"],
                          "type": "List[String]"
                        }
                      },
                      {
                        "k": "align",
                        "v": "stretch"
                      },
                      {
                        "k": "onLoad",
                        "v": "widget.getElement().setAttribute(\"id\", \"notificationDialogDescription\");"
                      },
                      {
                        "k": "constrain_left",
                        "v": true
                      },
                      {
                        "k": "constrain_right",
                        "v": false
                      },
                      {
                        "k": "constrain_width",
                        "v": true
                      },
                      {
                        "k": "constrain_minWidth",
                        "v": false
                      },
                      {
                        "k": "constrain_maxWidth",
                        "v": false
                      },
                      {
                        "k": "constrain_top",
                        "v": true
                      },
                      {
                        "k": "constrain_bottom",
                        "v": false
                      },
                      {
                        "k": "constrain_height",
                        "v": true
                      },
                      {
                        "k": "constrain_minHeight",
                        "v": false
                      },
                      {
                        "k": "constrain_maxHeight",
                        "v": false
                      },
                      {
                        "k": "left",
                        "v": 0
                      },
                      {
                        "k": "top",
                        "v": 0
                      }
                    ],
                    "type": "ComponentInfo"
                  },
                  {
                    "class": "SimpleLabel",
                    "key": "0_801441546",
                    "propList": [
                      {
                        "k": "styleMap",
                        "v": {
                          "name": "styleMap",
                          "properties": [{
                            "name": "padding-bottom",
                            "value": "0px"
                          }],
                          "type": "PropertyMap[styleMap]"
                        }
                      },
                      {
                        "k": "width",
                        "v": 100
                      },
                      {
                        "k": "height",
                        "v": 20
                      },
                      {
                        "k": "name",
                        "v": "contact"
                      },
                      {
                        "k": "autoWidth",
                        "v": true
                      },
                      {
                        "k": "autoHeight",
                        "v": true
                      },
                      {
                        "k": "text",
                        "v": "You may contact us at:"
                      },
                      {
                        "k": "variant",
                        "v": "BodyLight"
                      },
                      {
                        "k": "styles",
                        "v": {
                          "list": ["body"],
                          "type": "List[String]"
                        }
                      },
                      {
                        "k": "align",
                        "v": "stretch"
                      },
                      {
                        "k": "onLoad",
                        "v": "widget.getElement().setAttribute(\"id\", \"notificationDialogDescription\");"
                      }
                    ],
                    "type": "ComponentInfo"
                  },
                  {
                    "class": "SimpleLabel",
                    "key": "0_861166783",
                    "propList": [
                      {
                        "k": "styleMap",
                        "v": {
                          "name": "styleMap",
                          "properties": [{
                            "name": "margin-top",
                            "value": "0px"
                          }],
                          "type": "PropertyMap[styleMap]"
                        }
                      },
                      {
                        "k": "width",
                        "v": 400
                      },
                      {
                        "k": "height",
                        "v": 50
                      },
                      {
                        "k": "name",
                        "v": "contact2"
                      },
                      {
                        "k": "autoWidth",
                        "v": true
                      },
                      {
                        "k": "autoHeight",
                        "v": true
                      },
                      {
                        "k": "text",
                        "v": "it.helpdesk@igbis.edu.my"
                      },
                      {
                        "k": "variant",
                        "v": "Regular"
                      },
                      {
                        "k": "styles",
                        "v": {
                          "list": ["body"],
                          "type": "List[String]"
                        }
                      },
                      {
                        "k": "align",
                        "v": "stretch"
                      },
                      {
                        "k": "onLoad",
                        "v": "widget.getElement().setAttribute(\"id\", \"notificationDialogDescription\");"
                      },
                      {
                        "k": "constrain_left",
                        "v": true
                      },
                      {
                        "k": "constrain_right",
                        "v": false
                      },
                      {
                        "k": "constrain_width",
                        "v": true
                      },
                      {
                        "k": "constrain_minWidth",
                        "v": false
                      },
                      {
                        "k": "constrain_maxWidth",
                        "v": false
                      },
                      {
                        "k": "constrain_top",
                        "v": true
                      },
                      {
                        "k": "constrain_bottom",
                        "v": false
                      },
                      {
                        "k": "constrain_height",
                        "v": true
                      },
                      {
                        "k": "constrain_minHeight",
                        "v": false
                      },
                      {
                        "k": "constrain_maxHeight",
                        "v": false
                      },
                      {
                        "k": "left",
                        "v": 0
                      },
                      {
                        "k": "top",
                        "v": 0
                      }
                    ],
                    "type": "ComponentInfo"
                  },
                  {
                    "class": "Panel",
                    "key": "0_1054579218",
                    "propList": [
                      {
                        "k": "styleMap",
                        "v": {
                          "name": "styleMap",
                          "properties": [],
                          "type": "PropertyMap[styleMap]"
                        }
                      },
                      {
                        "k": "width",
                        "v": 200
                      },
                      {
                        "k": "height",
                        "v": 200
                      },
                      {
                        "k": "name",
                        "v": "Footer"
                      },
                      {
                        "k": "autoHeight",
                        "v": true
                      },
                      {
                        "k": "autoWidth",
                        "v": true
                      },
                      {
                        "k": "layout",
                        "v": "horizontal"
                      },
                      {
                        "k": "justify",
                        "v": "end"
                      },
                      {
                        "k": "wrap",
                        "v": "wrap"
                      },
                      {
                        "k": "alignChildren",
                        "v": "center"
                      },
                      {
                        "k": "align",
                        "v": "stretch"
                      },
                      {
                        "k": "styles",
                        "v": {
                          "list": ["footer-panel"],
                          "type": "List[String]"
                        }
                      },
                      {
                        "k": "children",
                        "v": {
                          "list": [{
                            "class": "SimpleButton",
                            "key": "0_304525461",
                            "propList": [
                              {
                                "k": "styleMap",
                                "v": {
                                  "name": "styleMap",
                                  "properties": [],
                                  "type": "PropertyMap[styleMap]"
                                }
                              },
                              {
                                "k": "width",
                                "v": 92
                              },
                              {
                                "k": "height",
                                "v": 36
                              },
                              {
                                "k": "name",
                                "v": "ExitNotificationName"
                              },
                              {
                                "k": "autoWidth",
                                "v": true
                              },
                              {
                                "k": "autoHeight",
                                "v": true
                              },
                              {
                                "k": "text",
                                "v": "Sorry"
                              },
                              {
                                "k": "variant",
                                "v": "FlatColor"
                              },
                              {
                                "k": "styles",
                                "v": {
                                  "list": ["footer-button"],
                                  "type": "List[String]"
                                }
                              },
                              {
                                "k": "action",
                                "v": "// GENERATED CODE: Add your action below.\nwidget.root.visible \u003d false;\n"
                              }
                            ],
                            "type": "ComponentInfo"
                          }],
                          "type": "List[ComponentInfo]"
                        }
                      }
                    ],
                    "type": "ComponentInfo"
                  }
                ],
                "type": "List[ComponentInfo]"
              }
            }
          ],
          "type": "ComponentInfo"
        }],
        "type": "List[ComponentInfo]"
      }
    },
    {
      "k": "name",
      "v": "ErrorDialog"
    },
    {
      "k": "clickOutsideToClose",
      "v": true
    },
    {
      "k": "animation",
      "v": "fade"
    },
    {
      "k": "top",
      "v": 4
    },
    {
      "k": "left",
      "v": 4
    },
    {
      "k": "height",
      "v": 960
    },
    {
      "k": "width",
      "v": 960
    },
    {
      "k": "pageCss",
      "v": ".title {\n  font-size: 20px;\n  padding: 24px 24px 0;\n}\n.body {\n  font-size: 14px;\n  margin-top: 20px;\n  padding: 0px 24px 28px 24px;\n}\n.footer-panel {\n  padding: 8px;\n}\n.footer-button {\n  margin-right: 8px;\n  padding-left: 8px;\n  padding-right: 8px;\n}\n.footer-button:last-child {\n  margin-right: 0px;\n}\n"
    },
    {
      "k": "vertical",
      "v": "top"
    },
    {
      "k": "hasGlass",
      "v": true
    },
    {
      "k": "createChildrenOnInit",
      "v": "ON_INIT"
    }
  ],
  "type": "ComponentInfo"
}