{
  "class": "Panel",
  "customPropertyDescriptions": [
    {
      "category": "Custom Properties",
      "deprecated": false,
      "designTime": false,
      "experimental": false,
      "hidden": false,
      "key": "wvglCjSk",
      "name": "PageName",
      "persisted": true,
      "readonly": false,
      "type": "String"
    },
    {
      "category": "Custom Properties",
      "deprecated": false,
      "designTime": false,
      "experimental": false,
      "hidden": false,
      "key": "bxXCojWQ",
      "name": "Button1Title",
      "persisted": true,
      "readonly": false,
      "type": "String"
    },
    {
      "category": "Custom Properties",
      "deprecated": false,
      "designTime": false,
      "experimental": false,
      "hidden": false,
      "key": "6VH3mSch",
      "name": "Button2Title",
      "persisted": true,
      "readonly": false,
      "type": "String"
    },
    {
      "category": "Custom Properties",
      "deprecated": false,
      "designTime": false,
      "experimental": false,
      "hidden": false,
      "key": "9JMSl1Tg",
      "name": "Button3Title",
      "persisted": true,
      "readonly": false,
      "type": "String"
    },
    {
      "category": "Custom Properties",
      "deprecated": false,
      "designTime": false,
      "experimental": false,
      "hidden": false,
      "key": "J3Hy5DsE",
      "name": "Button4Title",
      "persisted": true,
      "readonly": false,
      "type": "String"
    },
    {
      "category": "Custom Properties",
      "deprecated": false,
      "designTime": false,
      "experimental": false,
      "hidden": false,
      "key": "U8ymaBao",
      "name": "HelpButtonTitle",
      "persisted": true,
      "readonly": false,
      "type": "String"
    },
    {
      "category": "Custom Properties",
      "deprecated": false,
      "designTime": false,
      "experimental": false,
      "hidden": false,
      "key": "EBvIAMwx",
      "name": "HelpButtonDescription",
      "persisted": true,
      "readonly": false,
      "type": "String"
    },
    {
      "category": "Custom Properties",
      "deprecated": false,
      "designTime": false,
      "experimental": false,
      "hidden": false,
      "key": "6pZxYoZW",
      "name": "UserOU",
      "persisted": true,
      "readonly": false,
      "type": "String"
    }
  ],
  "customPropertyValues": {
    "name": "CustomProperties",
    "properties": [
      {
        "name": "wvglCjSk",
        "value": {
          "isNull": true,
          "type": "String"
        }
      },
      {
        "name": "bxXCojWQ",
        "value": {
          "isNull": true,
          "type": "String"
        }
      },
      {
        "name": "6VH3mSch",
        "value": {
          "isNull": true,
          "type": "String"
        }
      },
      {
        "name": "9JMSl1Tg",
        "value": {
          "isNull": true,
          "type": "String"
        }
      },
      {
        "name": "J3Hy5DsE",
        "value": {
          "isNull": true,
          "type": "String"
        }
      },
      {
        "name": "U8ymaBao",
        "value": {
          "isNull": true,
          "type": "String"
        }
      },
      {
        "name": "EBvIAMwx",
        "value": {
          "isNull": true,
          "type": "String"
        }
      },
      {
        "name": "6pZxYoZW",
        "value": {
          "isNull": true,
          "type": "String"
        }
      }
    ],
    "type": "PropertyMap[CustomProperties]"
  },
  "key": "F8grDw1PO5pexY8Jk2DTY2gaM21gIqD1",
  "permission": {
    "name": "canRead",
    "type": "compoundEveryone"
  },
  "propList": [
    {
      "k": "styleMap",
      "v": {
        "name": "styleMap",
        "properties": [
          {
            "name": "padding-top",
            "value": "15px"
          },
          {
            "name": "padding-bottom",
            "value": "15px"
          },
          {
            "name": "padding-left",
            "value": "15px"
          },
          {
            "name": "padding-right",
            "value": "15px"
          }
        ],
        "type": "PropertyMap[styleMap]"
      }
    },
    {
      "k": "width",
      "v": 646
    },
    {
      "k": "height",
      "v": 60
    },
    {
      "k": "name",
      "v": "Header"
    },
    {
      "k": "isCustomWidget",
      "v": true
    },
    {
      "k": "top",
      "v": 4
    },
    {
      "k": "left",
      "v": 4
    },
    {
      "k": "children",
      "v": {
        "list": [
          {
            "class": "Panel",
            "key": "0_938247446",
            "propList": [
              {
                "k": "styleMap",
                "v": {
                  "name": "styleMap",
                  "properties": [],
                  "type": "PropertyMap[styleMap]"
                }
              },
              {
                "k": "width",
                "v": 400
              },
              {
                "k": "height",
                "v": 200
              },
              {
                "k": "layout",
                "v": "horizontal"
              },
              {
                "k": "name",
                "v": "Panel1"
              },
              {
                "k": "left",
                "v": 0
              },
              {
                "k": "top",
                "v": 0
              },
              {
                "k": "autoWidth",
                "v": true
              },
              {
                "k": "autoHeight",
                "v": true
              },
              {
                "k": "align",
                "v": "stretch"
              },
              {
                "k": "variant",
                "v": "Transparent"
              },
              {
                "k": "children",
                "v": {
                  "list": [
                    {
                      "class": "SimpleButton",
                      "key": "0_1567037014",
                      "propList": [
                        {
                          "k": "styleMap",
                          "v": {
                            "name": "styleMap",
                            "properties": [],
                            "type": "PropertyMap[styleMap]"
                          }
                        },
                        {
                          "k": "width",
                          "v": 92
                        },
                        {
                          "k": "height",
                          "v": 36
                        },
                        {
                          "k": "name",
                          "v": "Button1"
                        },
                        {
                          "k": "left",
                          "v": 9
                        },
                        {
                          "k": "top",
                          "v": 2
                        },
                        {
                          "k": "autoWidth",
                          "v": true
                        },
                        {
                          "k": "autoHeight",
                          "v": true
                        },
                        {
                          "k": "text",
                          "v": "menu"
                        },
                        {
                          "k": "variant",
                          "v": "IconDark"
                        },
                        {
                          "k": "action",
                          "v": "app.popups.NavigationMenu.visible \u003d true;"
                        }
                      ],
                      "type": "ComponentInfo"
                    },
                    {
                      "class": "SimpleLabel",
                      "key": "0_2080349121",
                      "propList": [
                        {
                          "k": "styleMap",
                          "v": {
                            "name": "styleMap",
                            "properties": [{
                              "name": "margin-left",
                              "value": "20px"
                            }],
                            "type": "PropertyMap[styleMap]"
                          }
                        },
                        {
                          "k": "width",
                          "v": 100
                        },
                        {
                          "k": "height",
                          "v": 20
                        },
                        {
                          "k": "name",
                          "v": "Label1"
                        },
                        {
                          "k": "left",
                          "v": 27
                        },
                        {
                          "k": "top",
                          "v": 6
                        },
                        {
                          "k": "autoWidth",
                          "v": true
                        },
                        {
                          "k": "autoHeight",
                          "v": true
                        },
                        {
                          "k": "bindings",
                          "v": {
                            "list": [{
                              "sourceExpression": "text",
                              "targetExpression": "@properties.wvglCjSk + \u0027: \u0027 + @properties.6pZxYoZW",
                              "targetLiteralExpression": "@properties.PageName + \u0027: \u0027 + @properties.UserOU",
                              "type": "BindingInfo"
                            }],
                            "type": "List[BindingInfo]"
                          }
                        },
                        {
                          "k": "variant",
                          "v": "Title"
                        }
                      ],
                      "type": "ComponentInfo"
                    }
                  ],
                  "type": "List[ComponentInfo]"
                }
              },
              {
                "k": "alignChildren",
                "v": "center"
              },
              {
                "k": "justify",
                "v": "spaceBetween"
              },
              {
                "k": "wrapAlign",
                "v": "stretch"
              }
            ],
            "type": "ComponentInfo"
          },
          {
            "class": "Panel",
            "key": "0_1061048124",
            "propList": [
              {
                "k": "styleMap",
                "v": {
                  "name": "styleMap",
                  "properties": [],
                  "type": "PropertyMap[styleMap]"
                }
              },
              {
                "k": "width",
                "v": 400
              },
              {
                "k": "height",
                "v": 200
              },
              {
                "k": "layout",
                "v": "horizontal"
              },
              {
                "k": "name",
                "v": "Panel2"
              },
              {
                "k": "left",
                "v": 0
              },
              {
                "k": "top",
                "v": 0
              },
              {
                "k": "autoWidth",
                "v": true
              },
              {
                "k": "autoHeight",
                "v": true
              },
              {
                "k": "align",
                "v": "stretch"
              },
              {
                "k": "variant",
                "v": "Transparent"
              },
              {
                "k": "justify",
                "v": "end"
              },
              {
                "k": "children",
                "v": {
                  "list": [{
                    "class": "SimpleButton",
                    "key": "0_1744396227",
                    "propList": [
                      {
                        "k": "styleMap",
                        "v": {
                          "name": "styleMap",
                          "properties": [],
                          "type": "PropertyMap[styleMap]"
                        }
                      },
                      {
                        "k": "width",
                        "v": 92
                      },
                      {
                        "k": "height",
                        "v": 36
                      },
                      {
                        "k": "name",
                        "v": "Button3"
                      },
                      {
                        "k": "left",
                        "v": 0
                      },
                      {
                        "k": "top",
                        "v": 0
                      },
                      {
                        "k": "autoWidth",
                        "v": true
                      },
                      {
                        "k": "autoHeight",
                        "v": true
                      },
                      {
                        "k": "text",
                        "v": "help"
                      },
                      {
                        "k": "variant",
                        "v": "IconDark"
                      },
                      {
                        "k": "action",
                        "v": "var props;\nprops \u003d app.popups.NotificationDialog.properties;\nprops.HelpTitle \u003d widget.root.properties.HelpButtonTitle;\nprops.HelpDescription \u003d widget.root.properties.HelpButtonDescription;\napp.popups.NotificationDialog.visible \u003d true;"
                      }
                    ],
                    "type": "ComponentInfo"
                  }],
                  "type": "List[ComponentInfo]"
                }
              },
              {
                "k": "wrap",
                "v": "nowrap"
              },
              {
                "k": "alignChildren",
                "v": "center"
              },
              {
                "k": "bindings",
                "v": {
                  "list": [{
                    "sourceExpression": "_dataSource",
                    "targetExpression": "@datasources.dhv6ujpg5XIU4JVElBmDRqYkr2Gmt44J_default",
                    "targetLiteralExpression": "@datasources.Categories",
                    "type": "BindingInfo"
                  }],
                  "type": "List[BindingInfo]"
                }
              }
            ],
            "type": "ComponentInfo"
          }
        ],
        "type": "List[ComponentInfo]"
      }
    },
    {
      "k": "variant",
      "v": "Primary"
    },
    {
      "k": "layout",
      "v": "horizontal"
    },
    {
      "k": "bindings",
      "v": {
        "list": [{
          "sourceExpression": "_dataSource",
          "targetExpression": "@datasources.wLPKz9QQjLX2R7BUmSxri7uzCzbZZHE2_default",
          "targetLiteralExpression": "@datasources.Buttons",
          "type": "BindingInfo"
        }],
        "type": "List[BindingInfo]"
      }
    },
    {
      "k": "alignChildren",
      "v": "center"
    },
    {
      "k": "wrapAlign",
      "v": "start"
    },
    {
      "k": "justify",
      "v": "spaceBetween"
    },
    {
      "k": "pageCss",
      "v": ""
    },
    {
      "k": "createChildrenOnInit",
      "v": "ON_INIT"
    }
  ],
  "type": "ComponentInfo"
}