{
  "class": "Panel",
  "customPropertyDescriptions": [
    {
      "category": "Custom Properties",
      "deprecated": false,
      "designTime": false,
      "experimental": false,
      "hidden": false,
      "key": "z1x0XX9h",
      "name": "Title",
      "persisted": true,
      "readonly": false,
      "type": "String"
    },
    {
      "category": "Custom Properties",
      "deprecated": false,
      "designTime": false,
      "experimental": false,
      "hidden": false,
      "key": "sbxMujeQ",
      "name": "Key",
      "persisted": true,
      "readonly": false,
      "type": "String"
    },
    {
      "category": "Custom Properties",
      "deprecated": false,
      "designTime": false,
      "experimental": false,
      "hidden": false,
      "key": "A1Umsv9H",
      "name": "IsSelected",
      "persisted": true,
      "readonly": false,
      "type": "Boolean"
    },
    {
      "category": "Custom Properties",
      "deprecated": false,
      "designTime": false,
      "experimental": false,
      "hidden": false,
      "key": "fpuESrfD",
      "name": "ButtonDataSource",
      "persisted": true,
      "readonly": false,
      "type": "String"
    },
    {
      "category": "Custom Properties",
      "deprecated": false,
      "designTime": false,
      "experimental": false,
      "hidden": false,
      "key": "4gRNaDdV",
      "name": "NotButtonDataSource",
      "persisted": true,
      "readonly": false,
      "type": "String"
    }
  ],
  "customPropertyValues": {
    "name": "CustomProperties",
    "properties": [
      {
        "name": "z1x0XX9h",
        "value": {
          "isNull": true,
          "type": "String"
        }
      },
      {
        "name": "sbxMujeQ",
        "value": {
          "isNull": true,
          "type": "String"
        }
      },
      {
        "name": "A1Umsv9H",
        "value": {
          "isNull": true,
          "type": "Boolean"
        }
      },
      {
        "name": "fpuESrfD",
        "value": {
          "isNull": true,
          "type": "String"
        }
      },
      {
        "name": "4gRNaDdV",
        "value": {
          "isNull": true,
          "type": "String"
        }
      }
    ],
    "type": "PropertyMap[CustomProperties]"
  },
  "key": "0_2042237626",
  "permission": {
    "name": "canRead",
    "type": "compoundEveryone"
  },
  "propList": [
    {
      "k": "styleMap",
      "v": {
        "name": "styleMap",
        "properties": [],
        "type": "PropertyMap[styleMap]"
      }
    },
    {
      "k": "width",
      "v": 89
    },
    {
      "k": "height",
      "v": 35
    },
    {
      "k": "name",
      "v": "IconTab"
    },
    {
      "k": "isCustomWidget",
      "v": true
    },
    {
      "k": "top",
      "v": 4
    },
    {
      "k": "left",
      "v": 4
    },
    {
      "k": "layout",
      "v": "horizontal"
    },
    {
      "k": "children",
      "v": {
        "list": [{
          "class": "HtmlArea",
          "key": "0_272192823",
          "propList": [
            {
              "k": "styleMap",
              "v": {
                "name": "styleMap",
                "properties": [],
                "type": "PropertyMap[styleMap]"
              }
            },
            {
              "k": "html",
              "v": ""
            },
            {
              "k": "width",
              "v": 200
            },
            {
              "k": "height",
              "v": 100
            },
            {
              "k": "name",
              "v": "Html1"
            },
            {
              "k": "left",
              "v": 0
            },
            {
              "k": "top",
              "v": 0
            },
            {
              "k": "autoWidth",
              "v": true
            },
            {
              "k": "autoHeight",
              "v": true
            },
            {
              "k": "grow",
              "v": 1
            },
            {
              "k": "align",
              "v": "stretch"
            },
            {
              "k": "allowUnsafeHtml",
              "v": false
            },
            {
              "k": "bindings",
              "v": {
                "list": [{
                  "sourceExpression": "html",
                  "targetExpression": "@properties.z1x0XX9h",
                  "targetLiteralExpression": "@properties.Title",
                  "type": "BindingInfo"
                }],
                "type": "List[BindingInfo]"
              }
            },
            {
              "k": "variant",
              "v": "Tab"
            },
            {
              "k": "minWidth",
              "v": 50
            }
          ],
          "type": "ComponentInfo"
        }],
        "type": "List[ComponentInfo]"
      }
    },
    {
      "k": "justify",
      "v": "center"
    },
    {
      "k": "alignChildren",
      "v": "center"
    },
    {
      "k": "wrapAlign",
      "v": "spaceBetween"
    },
    {
      "k": "bindings",
      "v": {
        "list": [{
          "sourceExpression": "_dataSource",
          "targetExpression": "@datasources.dhv6ujpg5XIU4JVElBmDRqYkr2Gmt44J_default",
          "targetLiteralExpression": "@datasources.Categories",
          "type": "BindingInfo"
        }],
        "type": "List[BindingInfo]"
      }
    },
    {
      "k": "pageCss",
      "v": ".app-Html--Tab {\n  background-color: #4285F4; \n  color: #eee;\n  border-radius: 0px;\n  border-bottom: 2px solid #4285F4;\n  border-bottom: 2px solid #4285F4;\n}\n.selectedTab {\n  border-bottom: 2px solid #fff; \n}"
    },
    {
      "k": "isRootComponent",
      "v": true
    }
  ],
  "type": "ComponentInfo"
}