{
  "class": "Panel",
  "customPropertyDescriptions": [
    {
      "category": "Custom Properties",
      "deprecated": false,
      "designTime": false,
      "experimental": false,
      "hidden": false,
      "key": "6MxrZB03",
      "name": "Value",
      "persisted": true,
      "readonly": false,
      "type": "String"
    },
    {
      "category": "Custom Properties",
      "deprecated": false,
      "designTime": false,
      "experimental": false,
      "hidden": false,
      "key": "EYrcqyHm",
      "name": "Prefix",
      "persisted": true,
      "readonly": false,
      "type": "String"
    }
  ],
  "customPropertyValues": {
    "name": "CustomProperties",
    "properties": [
      {
        "name": "6MxrZB03",
        "value": {
          "isNull": true,
          "type": "String"
        }
      },
      {
        "name": "EYrcqyHm",
        "value": {
          "isNull": true,
          "type": "String"
        }
      }
    ],
    "type": "PropertyMap[CustomProperties]"
  },
  "key": "aE8YWNrKoBdfNCAFJksQS5qrE5lOnkL5",
  "permission": {
    "name": "canRead",
    "type": "compoundEveryone"
  },
  "propList": [
    {
      "k": "styleMap",
      "v": {
        "name": "styleMap",
        "properties": [
          {
            "name": "padding-top",
            "value": "0px"
          },
          {
            "name": "padding-bottom",
            "value": "0px"
          },
          {
            "name": "padding-left",
            "value": "0px"
          },
          {
            "name": "padding-right",
            "value": "0px"
          }
        ],
        "type": "PropertyMap[styleMap]"
      }
    },
    {
      "k": "width",
      "v": 200
    },
    {
      "k": "height",
      "v": 200
    },
    {
      "k": "name",
      "v": "IconPicker"
    },
    {
      "k": "isCustomWidget",
      "v": true
    },
    {
      "k": "top",
      "v": 4
    },
    {
      "k": "left",
      "v": 4
    },
    {
      "k": "layout",
      "v": "vertical"
    },
    {
      "k": "children",
      "v": {
        "list": [
          {
            "class": "TextField",
            "key": "0_1099776986",
            "propList": [
              {
                "k": "styleMap",
                "v": {
                  "name": "styleMap",
                  "properties": [],
                  "type": "PropertyMap[styleMap]"
                }
              },
              {
                "k": "width",
                "v": 100
              },
              {
                "k": "height",
                "v": 32
              },
              {
                "k": "name",
                "v": "TextBox2"
              },
              {
                "k": "left",
                "v": 121
              },
              {
                "k": "top",
                "v": 193
              },
              {
                "k": "autoHeight",
                "v": true
              },
              {
                "k": "autoWidth",
                "v": true
              },
              {
                "k": "align",
                "v": "stretch"
              },
              {
                "k": "label",
                "v": "Click to Select; Type to Filter:"
              },
              {
                "k": "value",
                "v": ""
              },
              {
                "k": "variant",
                "v": "Regular"
              },
              {
                "k": "grow",
                "v": 0
              },
              {
                "k": "bindings",
                "v": {
                  "list": [],
                  "type": "List[BindingInfo]"
                }
              },
              {
                "k": "onLoad",
                "v": {
                  "isNull": true,
                  "type": "String"
                }
              },
              {
                "k": "onChange",
                "v": "var sel, sel2, klass, num;\nklass \u003d \u0027IconsGridCell\u0027;\nif (newValue) {\n  sel \u003d \u0027.app-\u0027+widget.root.name+\u0027-\u0027+klass+\u0027 \u003e div \u003e i\u0027;  \n  $(sel).parent().parent().css(\u0027display\u0027, \u0027none\u0027);\n  sel2 \u003d \".app-\" + widget.root.name + \"-\" + klass + \" \u003e div \u003e i[data-value*\u003d\u0027\" + newValue.toLowerCase() + \"\u0027]\";\n  $(sel2).parent().parent().css(\u0027display\u0027, \u0027block\u0027);\n} else {\n  sel2 \u003d \".app-\" + widget.root.name + \"-\" + klass + \" \u003e div \u003e i\";\n  $(sel2).parent().parent().css(\u0027display\u0027, \u0027block\u0027);\n}"
              },
              {
                "k": "maxHeight",
                "v": 0
              }
            ],
            "type": "ComponentInfo"
          },
          {
            "class": "Panel",
            "key": "0_1227726421",
            "propList": [
              {
                "k": "styleMap",
                "v": {
                  "name": "styleMap",
                  "properties": [
                    {
                      "name": "padding-top",
                      "value": "0px"
                    },
                    {
                      "name": "padding-bottom",
                      "value": "0px"
                    },
                    {
                      "name": "padding-left",
                      "value": "0px"
                    },
                    {
                      "name": "padding-right",
                      "value": "0px"
                    }
                  ],
                  "type": "PropertyMap[styleMap]"
                }
              },
              {
                "k": "width",
                "v": 200
              },
              {
                "k": "height",
                "v": 50
              },
              {
                "k": "layout",
                "v": "vertical"
              },
              {
                "k": "name",
                "v": "Panel1"
              },
              {
                "k": "left",
                "v": 0
              },
              {
                "k": "top",
                "v": 0
              },
              {
                "k": "autoWidth",
                "v": true
              },
              {
                "k": "align",
                "v": "stretch"
              },
              {
                "k": "autoHeight",
                "v": true
              },
              {
                "k": "children",
                "v": {
                  "list": [{
                    "class": "GridPanel",
                    "key": "0_2081747340",
                    "propList": [
                      {
                        "k": "styleMap",
                        "v": {
                          "name": "styleMap",
                          "properties": [],
                          "type": "PropertyMap[styleMap]"
                        }
                      },
                      {
                        "k": "prototype",
                        "v": {
                          "appKey": "1_729936865",
                          "type": "AppChildKey"
                        }
                      },
                      {
                        "k": "children",
                        "v": {
                          "list": [{
                            "class": "Panel",
                            "key": "1_729936865",
                            "propList": [
                              {
                                "k": "styleMap",
                                "v": {
                                  "name": "styleMap",
                                  "properties": [
                                    {
                                      "name": "margin-left",
                                      "value": "0px"
                                    },
                                    {
                                      "name": "margin-right",
                                      "value": "0px"
                                    },
                                    {
                                      "name": "padding-top",
                                      "value": "2px"
                                    },
                                    {
                                      "name": "padding-bottom",
                                      "value": "2px"
                                    },
                                    {
                                      "name": "padding-left",
                                      "value": "2px"
                                    },
                                    {
                                      "name": "padding-right",
                                      "value": "2px"
                                    }
                                  ],
                                  "type": "PropertyMap[styleMap]"
                                }
                              },
                              {
                                "k": "height",
                                "v": 50
                              },
                              {
                                "k": "width",
                                "v": 50
                              },
                              {
                                "k": "name",
                                "v": "IconsGridCell"
                              },
                              {
                                "k": "styleDescriptorName",
                                "v": "GridPanelCell"
                              },
                              {
                                "k": "suffixName",
                                "v": "Cell"
                              },
                              {
                                "k": "right",
                                "v": 339
                              },
                              {
                                "k": "bottom",
                                "v": 249
                              },
                              {
                                "k": "children",
                                "v": {
                                  "list": [{
                                    "class": "HtmlArea",
                                    "key": "0_172986317",
                                    "propList": [
                                      {
                                        "k": "styleMap",
                                        "v": {
                                          "name": "styleMap",
                                          "properties": [],
                                          "type": "PropertyMap[styleMap]"
                                        }
                                      },
                                      {
                                        "k": "html",
                                        "v": "\u003ci class\u003d\"fas fa-igloo\"\u003e\u003c\/i\u003e"
                                      },
                                      {
                                        "k": "width",
                                        "v": 35
                                      },
                                      {
                                        "k": "height",
                                        "v": 50
                                      },
                                      {
                                        "k": "name",
                                        "v": "Html1"
                                      },
                                      {
                                        "k": "left",
                                        "v": 16
                                      },
                                      {
                                        "k": "top",
                                        "v": 24
                                      },
                                      {
                                        "k": "autoWidth",
                                        "v": true
                                      },
                                      {
                                        "k": "autoHeight",
                                        "v": true
                                      },
                                      {
                                        "k": "right",
                                        "v": -166
                                      },
                                      {
                                        "k": "bottom",
                                        "v": -74
                                      },
                                      {
                                        "k": "allowUnsafeHtml",
                                        "v": true
                                      },
                                      {
                                        "k": "bindings",
                                        "v": {
                                          "list": [{
                                            "sourceExpression": "html",
                                            "targetExpression": "\u0027\u003ci data-name\u003d\"\u0027 + @datasource.item.jQyFpDxNmwwnKanG + \u0027\" data-value\u003d\"\u0027 + @datasource.item.yV4LDAvUsZIggdwt + \u0027\" class\u003d\"\u0027 + \u0027fas\u0027 + \u0027 fa-\u0027 + @datasource.item.yV4LDAvUsZIggdwt + \u0027 fa-2x fa-fw\"\u003e\u003c\/i\u003e\u0027;",
                                            "targetLiteralExpression": "\u0027\u003ci data-name\u003d\"\u0027 + @datasource.item.Name + \u0027\" data-value\u003d\"\u0027 + @datasource.item.Icon + \u0027\" class\u003d\"\u0027 + \u0027fas\u0027 + \u0027 fa-\u0027 + @datasource.item.Icon + \u0027 fa-2x fa-fw\"\u003e\u003c\/i\u003e\u0027;",
                                            "type": "BindingInfo"
                                          }],
                                          "type": "List[BindingInfo]"
                                        }
                                      }
                                    ],
                                    "type": "ComponentInfo"
                                  }],
                                  "type": "List[ComponentInfo]"
                                }
                              },
                              {
                                "k": "layout",
                                "v": "vertical"
                              },
                              {
                                "k": "autoWidth",
                                "v": true
                              },
                              {
                                "k": "autoHeight",
                                "v": true
                              },
                              {
                                "k": "action",
                                "v": "var klass, num, sel, value, ds;\n[klass, num] \u003d widget.name.split(\u0027$\u0027);\nsel \u003d \u0027.app-\u0027+widget.root.name + \u0027-\u0027 + klass+\u0027:nth-child(\u0027 +  (parseInt(num) + 1) + \u0027) \u003e div \u003e i\u0027;\nvalue \u003d $(sel).data(\u0027value\u0027);\nconsole.log(value);\n\ngoogle.script.run.withSuccessHandler(function (record) {\n  console.log(record.FaPrefix);\n  console.log(record.IconValue);\n  widget.root.properties.Value \u003d record.IconValue;\n  widget.root.properties.Prefix \u003d record.FaPrefix;\n  app.popups.IconGlobalsButtonsPopup.visible \u003d false;\n  app.popups.IconMyButtonsPopup.visible \u003d false;\n  app.popups.IconMyButtonsEditPopup.visible \u003d false;\n  app.popups.IconGlobalsButtonsEditPopup.visible \u003d false;\n}).withFailureHandler(function (error) {\n  console.log(error.message);  \n})\n.updateButtonRecord({IconValue: value}, \u0027FaPrefix\u0027);\n"
                              }
                            ],
                            "type": "ComponentInfo"
                          }],
                          "type": "List[ComponentInfo]"
                        }
                      },
                      {
                        "k": "width",
                        "v": 400
                      },
                      {
                        "k": "height",
                        "v": 200
                      },
                      {
                        "k": "name",
                        "v": "IconsGrid"
                      },
                      {
                        "k": "top",
                        "v": 10
                      },
                      {
                        "k": "autoWidth",
                        "v": true
                      },
                      {
                        "k": "align",
                        "v": "stretch"
                      },
                      {
                        "k": "autoHeight",
                        "v": true
                      },
                      {
                        "k": "grow",
                        "v": 1
                      },
                      {
                        "k": "left",
                        "v": 10
                      }
                    ],
                    "type": "ComponentInfo"
                  }],
                  "type": "List[ComponentInfo]"
                }
              },
              {
                "k": "grow",
                "v": 1
              },
              {
                "k": "maxWidth",
                "v": 0
              },
              {
                "k": "maxHeight",
                "v": 0
              }
            ],
            "type": "ComponentInfo"
          }
        ],
        "type": "List[ComponentInfo]"
      }
    },
    {
      "k": "bindings",
      "v": {
        "list": [{
          "sourceExpression": "_dataSource",
          "targetExpression": "@datasources.w9QRj504E6gmLJV33hj3rVEKLZgaPazm_default",
          "targetLiteralExpression": "@datasources.IconsCalc",
          "type": "BindingInfo"
        }],
        "type": "List[BindingInfo]"
      }
    }
  ],
  "type": "ComponentInfo"
}