{
  "class": "PopupOverlay",
  "key": "6_198249736",
  "permission": {
    "name": "canRead",
    "type": "compoundEveryone"
  },
  "propList": [
    {
      "k": "styleMap",
      "v": {
        "name": "styleMap",
        "properties": [],
        "type": "PropertyMap[styleMap]"
      }
    },
    {
      "k": "children",
      "v": {
        "list": [{
          "class": "PopupContent",
          "key": "7_1532961017",
          "propList": [
            {
              "k": "styleMap",
              "v": {
                "name": "styleMap",
                "properties": [
                  {
                    "name": "padding-top",
                    "value": "3px"
                  },
                  {
                    "name": "padding-bottom",
                    "value": "3px"
                  },
                  {
                    "name": "padding-left",
                    "value": "3px"
                  },
                  {
                    "name": "padding-right",
                    "value": "3px"
                  }
                ],
                "type": "PropertyMap[styleMap]"
              }
            },
            {
              "k": "width",
              "v": 300
            },
            {
              "k": "height",
              "v": 320
            },
            {
              "k": "name",
              "v": "Content"
            },
            {
              "k": "layout",
              "v": "vertical"
            },
            {
              "k": "children",
              "v": {
                "list": [
                  {
                    "class": "CustomComponent_aE8YWNrKoBdfNCAFJksQS5qrE5lOnkL5",
                    "customPropertyDescriptions": [
                      {
                        "category": "Custom Properties",
                        "deprecated": false,
                        "designTime": false,
                        "experimental": false,
                        "hidden": false,
                        "key": "6MxrZB03",
                        "name": "Value",
                        "persisted": true,
                        "readonly": false,
                        "type": "String"
                      },
                      {
                        "category": "Custom Properties",
                        "deprecated": false,
                        "designTime": false,
                        "experimental": false,
                        "hidden": false,
                        "key": "EYrcqyHm",
                        "name": "NewProperty",
                        "persisted": true,
                        "readonly": false,
                        "type": "String"
                      }
                    ],
                    "customPropertyValues": {
                      "name": "CustomProperties",
                      "properties": [
                        {
                          "name": "6MxrZB03",
                          "value": {
                            "isNull": true,
                            "type": "String"
                          }
                        },
                        {
                          "name": "EYrcqyHm",
                          "value": {
                            "isNull": true,
                            "type": "String"
                          }
                        }
                      ],
                      "type": "PropertyMap[CustomProperties]"
                    },
                    "key": "8_1177418751",
                    "propList": [
                      {
                        "k": "styleMap",
                        "v": {
                          "name": "styleMap",
                          "properties": [],
                          "type": "PropertyMap[styleMap]"
                        }
                      },
                      {
                        "k": "customWidgetKey",
                        "v": {
                          "appKey": "aE8YWNrKoBdfNCAFJksQS5qrE5lOnkL5",
                          "type": "AppChildKey"
                        }
                      },
                      {
                        "k": "width",
                        "v": 342
                      },
                      {
                        "k": "height",
                        "v": 200
                      },
                      {
                        "k": "name",
                        "v": "IconPicker1"
                      },
                      {
                        "k": "left",
                        "v": 0
                      },
                      {
                        "k": "top",
                        "v": 0
                      },
                      {
                        "k": "autoWidth",
                        "v": true
                      },
                      {
                        "k": "align",
                        "v": "stretch"
                      },
                      {
                        "k": "autoHeight",
                        "v": true
                      },
                      {
                        "k": "grow",
                        "v": 1
                      },
                      {
                        "k": "bindings",
                        "v": {
                          "list": [
                            {
                              "sourceExpression": "properties.6MxrZB03",
                              "targetExpression": "@datasource.item.JszwxbYCzdt2p5jw",
                              "targetLiteralExpression": "@datasource.item.IconValue",
                              "type": "BindingInfo"
                            },
                            {
                              "sourceExpression": "properties.EYrcqyHm",
                              "targetExpression": "@datasource.item.PkQFtwpHYUCbdOtT",
                              "targetLiteralExpression": "@datasource.item.FaPrefix",
                              "type": "BindingInfo"
                            },
                            {
                              "sourceExpression": "visible",
                              "targetExpression": "!(@datasource.loading || @datasource.creating || @datasource.deleting)",
                              "targetLiteralExpression": "!(@datasource.loading || @datasource.creating || @datasource.deleting)",
                              "type": "BindingInfo"
                            }
                          ],
                          "type": "List[BindingInfo]"
                        }
                      },
                      {
                        "k": "overrideDataSource",
                        "v": false
                      }
                    ],
                    "type": "ComponentInfo"
                  },
                  {
                    "class": "Panel",
                    "key": "9_1829257491",
                    "propList": [
                      {
                        "k": "styleMap",
                        "v": {
                          "name": "styleMap",
                          "properties": [],
                          "type": "PropertyMap[styleMap]"
                        }
                      },
                      {
                        "k": "width",
                        "v": 400
                      },
                      {
                        "k": "height",
                        "v": 200
                      },
                      {
                        "k": "layout",
                        "v": "horizontal"
                      },
                      {
                        "k": "name",
                        "v": "Panel1"
                      },
                      {
                        "k": "left",
                        "v": 0
                      },
                      {
                        "k": "top",
                        "v": 0
                      },
                      {
                        "k": "right",
                        "v": 230
                      },
                      {
                        "k": "bottom",
                        "v": 351
                      },
                      {
                        "k": "autoWidth",
                        "v": true
                      },
                      {
                        "k": "align",
                        "v": "stretch"
                      },
                      {
                        "k": "autoHeight",
                        "v": true
                      },
                      {
                        "k": "children",
                        "v": {
                          "list": [{
                            "class": "LoadingIndicator",
                            "key": "10_1595602498",
                            "propList": [
                              {
                                "k": "styleMap",
                                "v": {
                                  "name": "styleMap",
                                  "properties": [{
                                    "name": "margin-bottom",
                                    "value": "3px"
                                  }],
                                  "type": "PropertyMap[styleMap]"
                                }
                              },
                              {
                                "k": "bindings",
                                "v": {
                                  "list": [],
                                  "type": "List[BindingInfo]"
                                }
                              },
                              {
                                "k": "width",
                                "v": 132
                              },
                              {
                                "k": "height",
                                "v": 22
                              },
                              {
                                "k": "name",
                                "v": "Spinner1"
                              },
                              {
                                "k": "left",
                                "v": 80
                              },
                              {
                                "k": "top",
                                "v": 0
                              },
                              {
                                "k": "autoHeight",
                                "v": true
                              },
                              {
                                "k": "right",
                                "v": 0
                              },
                              {
                                "k": "bottom",
                                "v": 0
                              }
                            ],
                            "type": "ComponentInfo"
                          }],
                          "type": "List[ComponentInfo]"
                        }
                      },
                      {
                        "k": "justify",
                        "v": "center"
                      },
                      {
                        "k": "bindings",
                        "v": {
                          "list": [
                            {
                              "sourceExpression": "visible",
                              "targetExpression": "@datasource.loading || @datasource.creating || @datasource.deleting",
                              "targetLiteralExpression": "@datasource.loading || @datasource.creating || @datasource.deleting",
                              "type": "BindingInfo"
                            },
                            {
                              "sourceExpression": "_dataSource",
                              "targetExpression": "@datasources.w9QRj504E6gmLJV33hj3rVEKLZgaPazm_default",
                              "targetLiteralExpression": "@datasources.IconsCalc",
                              "type": "BindingInfo"
                            }
                          ],
                          "type": "List[BindingInfo]"
                        }
                      }
                    ],
                    "type": "ComponentInfo"
                  }
                ],
                "type": "List[ComponentInfo]"
              }
            },
            {
              "k": "bindings",
              "v": {
                "list": [{
                  "sourceExpression": "_dataSource",
                  "targetExpression": "@datasources.WOywUArnvb32DspB3iaRBu9FfudTG0sN",
                  "targetLiteralExpression": "@datasources.MyButtons",
                  "type": "BindingInfo"
                }],
                "type": "List[BindingInfo]"
              }
            },
            {
              "k": "autoHeight",
              "v": false
            },
            {
              "k": "align",
              "v": "inherited"
            },
            {
              "k": "minHeight",
              "v": 200
            },
            {
              "k": "autoWidth",
              "v": false
            },
            {
              "k": "grow",
              "v": 0
            },
            {
              "k": "maxWidth",
              "v": 300
            },
            {
              "k": "variant",
              "v": "Thick"
            }
          ],
          "type": "ComponentInfo"
        }],
        "type": "List[ComponentInfo]"
      }
    },
    {
      "k": "name",
      "v": "IconMyButtonsEditPopup"
    },
    {
      "k": "top",
      "v": 4
    },
    {
      "k": "left",
      "v": 4
    },
    {
      "k": "height",
      "v": 960
    },
    {
      "k": "width",
      "v": 960
    },
    {
      "k": "animation",
      "v": "fade"
    },
    {
      "k": "pageCss",
      "v": ".app-Popup--Thick {\n  border: 1px solid #999;\n  border-radius: 5px;\n}\n\n.app-Button {\n  top: -3px;\n  left: -12px;\n  color: red;\n  font-size: 1em;\n  display: float;\n  height: 12px !important;\n}\n\n"
    },
    {
      "k": "escapeToClose",
      "v": false
    },
    {
      "k": "clickOutsideToClose",
      "v": true
    },
    {
      "k": "hasGlass",
      "v": true
    },
    {
      "k": "isRootComponent",
      "v": true
    },
    {
      "k": "createChildrenOnInit",
      "v": "ON_LOAD"
    },
    {
      "k": "vertical",
      "v": "top"
    }
  ],
  "type": "ComponentInfo"
}