{
  "class": "Panel",
  "customPropertyDescriptions": [{
    "category": "Custom Properties",
    "deprecated": false,
    "designTime": false,
    "experimental": false,
    "hidden": false,
    "key": "AlnMYo1s",
    "name": "ListStringFilter",
    "persisted": true,
    "readonly": false,
    "type": "String"
  }],
  "customPropertyValues": {
    "name": "CustomProperties",
    "properties": [{
      "name": "AlnMYo1s",
      "value": {
        "isNull": true,
        "type": "String"
      }
    }],
    "type": "PropertyMap[CustomProperties]"
  },
  "key": "VqJov4HFSByAH7LWag34ms8NJF2wQV27",
  "permission": {
    "name": "canRead",
    "type": "compoundEveryone"
  },
  "propList": [
    {
      "k": "styleMap",
      "v": {
        "name": "styleMap",
        "properties": [{
          "name": "padding-top",
          "value": "0px"
        }],
        "type": "PropertyMap[styleMap]"
      }
    },
    {
      "k": "width",
      "v": 1120
    },
    {
      "k": "height",
      "v": 604
    },
    {
      "k": "name",
      "v": "ListView"
    },
    {
      "k": "variant",
      "v": "Background"
    },
    {
      "k": "top",
      "v": 4
    },
    {
      "k": "left",
      "v": 4
    },
    {
      "k": "bindings",
      "v": {
        "list": [{
          "sourceExpression": "_dataSource",
          "targetExpression": "@datasources.BCmWkzZAPb378eNCq0eZmWjgRsfdBV0u_default",
          "targetLiteralExpression": "@datasources.ListView",
          "type": "BindingInfo"
        }],
        "type": "List[BindingInfo]"
      }
    },
    {
      "k": "children",
      "v": {
        "list": [
          {
            "class": "Panel",
            "key": "0_309096647",
            "propList": [
              {
                "k": "styleMap",
                "v": {
                  "name": "styleMap",
                  "properties": [
                    {
                      "name": "padding-top",
                      "value": "2px"
                    },
                    {
                      "name": "padding-left",
                      "value": "2px"
                    },
                    {
                      "name": "padding-bottom",
                      "value": "2px"
                    },
                    {
                      "name": "margin-left",
                      "value": {
                        "isNull": true,
                        "type": "String"
                      }
                    }
                  ],
                  "type": "PropertyMap[styleMap]"
                }
              },
              {
                "k": "width",
                "v": 400
              },
              {
                "k": "height",
                "v": 200
              },
              {
                "k": "layout",
                "v": "horizontal"
              },
              {
                "k": "name",
                "v": "Panel1"
              },
              {
                "k": "left",
                "v": 0
              },
              {
                "k": "top",
                "v": 0
              },
              {
                "k": "autoWidth",
                "v": true
              },
              {
                "k": "autoHeight",
                "v": true
              },
              {
                "k": "align",
                "v": "stretch"
              },
              {
                "k": "styles",
                "v": {
                  "list": ["redBackground"],
                  "type": "List[String]"
                }
              },
              {
                "k": "children",
                "v": {
                  "list": [
                    {
                      "class": "Panel",
                      "key": "0_1040670762",
                      "propList": [
                        {
                          "k": "styleMap",
                          "v": {
                            "name": "styleMap",
                            "properties": [],
                            "type": "PropertyMap[styleMap]"
                          }
                        },
                        {
                          "k": "width",
                          "v": 400
                        },
                        {
                          "k": "height",
                          "v": 200
                        },
                        {
                          "k": "layout",
                          "v": "horizontal"
                        },
                        {
                          "k": "name",
                          "v": "Panel6"
                        },
                        {
                          "k": "top",
                          "v": 0
                        },
                        {
                          "k": "autoWidth",
                          "v": true
                        },
                        {
                          "k": "autoHeight",
                          "v": true
                        },
                        {
                          "k": "align",
                          "v": "stretch"
                        },
                        {
                          "k": "variant",
                          "v": "Transparent"
                        },
                        {
                          "k": "children",
                          "v": {
                            "list": [
                              {
                                "class": "SimpleButton",
                                "key": "0_2033121606",
                                "propList": [
                                  {
                                    "k": "styleMap",
                                    "v": {
                                      "name": "styleMap",
                                      "properties": [
                                        {
                                          "name": "margin-left",
                                          "value": "0px"
                                        },
                                        {
                                          "name": "margin-right",
                                          "value": "5px"
                                        }
                                      ],
                                      "type": "PropertyMap[styleMap]"
                                    }
                                  },
                                  {
                                    "k": "width",
                                    "v": 92
                                  },
                                  {
                                    "k": "height",
                                    "v": 36
                                  },
                                  {
                                    "k": "name",
                                    "v": "Button1"
                                  },
                                  {
                                    "k": "left",
                                    "v": 0
                                  },
                                  {
                                    "k": "top",
                                    "v": 0
                                  },
                                  {
                                    "k": "autoWidth",
                                    "v": true
                                  },
                                  {
                                    "k": "autoHeight",
                                    "v": true
                                  },
                                  {
                                    "k": "variant",
                                    "v": "IconDark"
                                  },
                                  {
                                    "k": "text",
                                    "v": "menu"
                                  },
                                  {
                                    "k": "action",
                                    "v": "app.popups.NavigationMenu.visible \u003d true;"
                                  }
                                ],
                                "type": "ComponentInfo"
                              },
                              {
                                "class": "SimpleLabel",
                                "key": "0_1820597658",
                                "propList": [
                                  {
                                    "k": "styleMap",
                                    "v": {
                                      "name": "styleMap",
                                      "properties": [],
                                      "type": "PropertyMap[styleMap]"
                                    }
                                  },
                                  {
                                    "k": "width",
                                    "v": 100
                                  },
                                  {
                                    "k": "height",
                                    "v": 20
                                  },
                                  {
                                    "k": "name",
                                    "v": "Label1"
                                  },
                                  {
                                    "k": "left",
                                    "v": 0
                                  },
                                  {
                                    "k": "top",
                                    "v": 0
                                  },
                                  {
                                    "k": "autoWidth",
                                    "v": true
                                  },
                                  {
                                    "k": "autoHeight",
                                    "v": true
                                  },
                                  {
                                    "k": "variant",
                                    "v": "Title"
                                  },
                                  {
                                    "k": "text",
                                    "v": "Search All"
                                  }
                                ],
                                "type": "ComponentInfo"
                              }
                            ],
                            "type": "List[ComponentInfo]"
                          }
                        },
                        {
                          "k": "alignChildren",
                          "v": "center"
                        }
                      ],
                      "type": "ComponentInfo"
                    },
                    {
                      "class": "Panel",
                      "key": "0_1507539724",
                      "propList": [
                        {
                          "k": "styleMap",
                          "v": {
                            "name": "styleMap",
                            "properties": [],
                            "type": "PropertyMap[styleMap]"
                          }
                        },
                        {
                          "k": "width",
                          "v": 400
                        },
                        {
                          "k": "height",
                          "v": 200
                        },
                        {
                          "k": "layout",
                          "v": "horizontal"
                        },
                        {
                          "k": "name",
                          "v": "Panel5"
                        },
                        {
                          "k": "left",
                          "v": 0
                        },
                        {
                          "k": "top",
                          "v": 0
                        },
                        {
                          "k": "autoWidth",
                          "v": true
                        },
                        {
                          "k": "autoHeight",
                          "v": true
                        },
                        {
                          "k": "align",
                          "v": "stretch"
                        },
                        {
                          "k": "variant",
                          "v": "Transparent"
                        },
                        {
                          "k": "children",
                          "v": {
                            "list": [
                              {
                                "class": "SimpleButton",
                                "key": "0_1130178137",
                                "propList": [
                                  {
                                    "k": "styleMap",
                                    "v": {
                                      "name": "styleMap",
                                      "properties": [],
                                      "type": "PropertyMap[styleMap]"
                                    }
                                  },
                                  {
                                    "k": "width",
                                    "v": 92
                                  },
                                  {
                                    "k": "height",
                                    "v": 36
                                  },
                                  {
                                    "k": "name",
                                    "v": "Button2"
                                  },
                                  {
                                    "k": "left",
                                    "v": 0
                                  },
                                  {
                                    "k": "top",
                                    "v": 0
                                  },
                                  {
                                    "k": "autoWidth",
                                    "v": true
                                  },
                                  {
                                    "k": "autoHeight",
                                    "v": true
                                  },
                                  {
                                    "k": "variant",
                                    "v": "IconDark"
                                  },
                                  {
                                    "k": "text",
                                    "v": "refresh"
                                  },
                                  {
                                    "k": "action",
                                    "v": "widget.datasource.load();"
                                  }
                                ],
                                "type": "ComponentInfo"
                              },
                              {
                                "class": "SimpleButton",
                                "key": "0_1538869783",
                                "propList": [
                                  {
                                    "k": "styleMap",
                                    "v": {
                                      "name": "styleMap",
                                      "properties": [],
                                      "type": "PropertyMap[styleMap]"
                                    }
                                  },
                                  {
                                    "k": "width",
                                    "v": 92
                                  },
                                  {
                                    "k": "height",
                                    "v": 36
                                  },
                                  {
                                    "k": "name",
                                    "v": "Button3"
                                  },
                                  {
                                    "k": "left",
                                    "v": 0
                                  },
                                  {
                                    "k": "top",
                                    "v": 0
                                  },
                                  {
                                    "k": "autoWidth",
                                    "v": true
                                  },
                                  {
                                    "k": "autoHeight",
                                    "v": true
                                  },
                                  {
                                    "k": "text",
                                    "v": "help"
                                  },
                                  {
                                    "k": "variant",
                                    "v": "IconDark"
                                  },
                                  {
                                    "k": "action",
                                    "v": "app.popups.AboutListView.visible \u003d true;"
                                  }
                                ],
                                "type": "ComponentInfo"
                              }
                            ],
                            "type": "List[ComponentInfo]"
                          }
                        },
                        {
                          "k": "alignChildren",
                          "v": "center"
                        }
                      ],
                      "type": "ComponentInfo"
                    }
                  ],
                  "type": "List[ComponentInfo]"
                }
              },
              {
                "k": "alignChildren",
                "v": "center"
              },
              {
                "k": "variant",
                "v": "Primary"
              },
              {
                "k": "minHeight",
                "v": 40
              },
              {
                "k": "justify",
                "v": "spaceBetween"
              }
            ],
            "type": "ComponentInfo"
          },
          {
            "class": "Panel",
            "key": "0_1353147474",
            "propList": [
              {
                "k": "styleMap",
                "v": {
                  "name": "styleMap",
                  "properties": [],
                  "type": "PropertyMap[styleMap]"
                }
              },
              {
                "k": "width",
                "v": 200
              },
              {
                "k": "height",
                "v": 400
              },
              {
                "k": "layout",
                "v": "vertical"
              },
              {
                "k": "name",
                "v": "Panel2"
              },
              {
                "k": "top",
                "v": 0
              },
              {
                "k": "autoWidth",
                "v": true
              },
              {
                "k": "align",
                "v": "stretch"
              },
              {
                "k": "autoHeight",
                "v": true
              },
              {
                "k": "children",
                "v": {
                  "list": [
                    {
                      "class": "Panel",
                      "key": "0_153917394",
                      "propList": [
                        {
                          "k": "styleMap",
                          "v": {
                            "name": "styleMap",
                            "properties": [
                              {
                                "name": "margin-top",
                                "value": "0px"
                              },
                              {
                                "name": "margin-bottom",
                                "value": "0px"
                              },
                              {
                                "name": "margin-left",
                                "value": "0px"
                              },
                              {
                                "name": "margin-right",
                                "value": "0px"
                              },
                              {
                                "name": "padding-left",
                                "value": "15px"
                              },
                              {
                                "name": "padding-right",
                                "value": "15px"
                              },
                              {
                                "name": "padding-top",
                                "value": {
                                  "isNull": true,
                                  "type": "String"
                                }
                              },
                              {
                                "name": "padding-bottom",
                                "value": {
                                  "isNull": true,
                                  "type": "String"
                                }
                              }
                            ],
                            "type": "PropertyMap[styleMap]"
                          }
                        },
                        {
                          "k": "width",
                          "v": 1110
                        },
                        {
                          "k": "height",
                          "v": 40
                        },
                        {
                          "k": "layout",
                          "v": "horizontal"
                        },
                        {
                          "k": "name",
                          "v": "Panel8"
                        },
                        {
                          "k": "left",
                          "v": 0
                        },
                        {
                          "k": "top",
                          "v": 0
                        },
                        {
                          "k": "autoWidth",
                          "v": true
                        },
                        {
                          "k": "align",
                          "v": "stretch"
                        },
                        {
                          "k": "autoHeight",
                          "v": false
                        },
                        {
                          "k": "children",
                          "v": {
                            "list": [
                              {
                                "class": "TextField",
                                "key": "1_820154712",
                                "propList": [
                                  {
                                    "k": "styleMap",
                                    "v": {
                                      "name": "styleMap",
                                      "properties": [{
                                        "name": "padding-left",
                                        "value": "22px"
                                      }],
                                      "type": "PropertyMap[styleMap]"
                                    }
                                  },
                                  {
                                    "k": "width",
                                    "v": 100
                                  },
                                  {
                                    "k": "height",
                                    "v": 32
                                  },
                                  {
                                    "k": "name",
                                    "v": "TextBox1"
                                  },
                                  {
                                    "k": "left",
                                    "v": 0
                                  },
                                  {
                                    "k": "top",
                                    "v": 0
                                  },
                                  {
                                    "k": "autoHeight",
                                    "v": true
                                  },
                                  {
                                    "k": "autoWidth",
                                    "v": true
                                  },
                                  {
                                    "k": "grow",
                                    "v": 1
                                  },
                                  {
                                    "k": "variant",
                                    "v": "Dark"
                                  },
                                  {
                                    "k": "bindings",
                                    "v": {
                                      "list": [{
                                        "sourceExpression": "value",
                                        "targetExpression": "@datasources.BCmWkzZAPb378eNCq0eZmWjgRsfdBV0u_default.query.parameters.JNnwsics",
                                        "targetLiteralExpression": "@datasources.ListView.query.parameters.StringFilter",
                                        "type": "BindingInfo"
                                      }],
                                      "type": "List[BindingInfo]"
                                    }
                                  },
                                  {
                                    "k": "onChange",
                                    "v": "widget.datasource.load();"
                                  },
                                  {
                                    "k": "placeholder",
                                    "v": "Filter by name"
                                  }
                                ],
                                "type": "ComponentInfo"
                              },
                              {
                                "class": "Panel",
                                "key": "3_1818751777",
                                "propList": [
                                  {
                                    "k": "styleMap",
                                    "v": {
                                      "name": "styleMap",
                                      "properties": [],
                                      "type": "PropertyMap[styleMap]"
                                    }
                                  },
                                  {
                                    "k": "width",
                                    "v": 50
                                  },
                                  {
                                    "k": "height",
                                    "v": 22
                                  },
                                  {
                                    "k": "styles",
                                    "v": {
                                      "list": ["deleteButtonPlaceholder"],
                                      "type": "List[String]"
                                    }
                                  },
                                  {
                                    "k": "constrain_left",
                                    "v": true
                                  },
                                  {
                                    "k": "constrain_right",
                                    "v": false
                                  },
                                  {
                                    "k": "constrain_width",
                                    "v": true
                                  },
                                  {
                                    "k": "constrain_minWidth",
                                    "v": false
                                  },
                                  {
                                    "k": "constrain_maxWidth",
                                    "v": false
                                  },
                                  {
                                    "k": "constrain_top",
                                    "v": true
                                  },
                                  {
                                    "k": "constrain_bottom",
                                    "v": false
                                  },
                                  {
                                    "k": "constrain_height",
                                    "v": true
                                  },
                                  {
                                    "k": "constrain_minHeight",
                                    "v": false
                                  },
                                  {
                                    "k": "constrain_maxHeight",
                                    "v": false
                                  },
                                  {
                                    "k": "left",
                                    "v": 0
                                  },
                                  {
                                    "k": "top",
                                    "v": 0
                                  },
                                  {
                                    "k": "name",
                                    "v": "Panel9"
                                  },
                                  {
                                    "k": "variant",
                                    "v": "Transparent"
                                  }
                                ],
                                "type": "ComponentInfo"
                              }
                            ],
                            "type": "List[ComponentInfo]"
                          }
                        },
                        {
                          "k": "styles",
                          "v": {
                            "list": ["dark"],
                            "type": "List[String]"
                          }
                        },
                        {
                          "k": "alignChildren",
                          "v": "center"
                        },
                        {
                          "k": "grow",
                          "v": 0
                        },
                        {
                          "k": "constrain_left",
                          "v": true
                        },
                        {
                          "k": "constrain_right",
                          "v": false
                        },
                        {
                          "k": "constrain_width",
                          "v": true
                        },
                        {
                          "k": "constrain_minWidth",
                          "v": false
                        },
                        {
                          "k": "constrain_maxWidth",
                          "v": false
                        },
                        {
                          "k": "constrain_top",
                          "v": true
                        },
                        {
                          "k": "constrain_bottom",
                          "v": false
                        },
                        {
                          "k": "constrain_height",
                          "v": true
                        },
                        {
                          "k": "constrain_minHeight",
                          "v": false
                        },
                        {
                          "k": "constrain_maxHeight",
                          "v": false
                        }
                      ],
                      "type": "ComponentInfo"
                    },
                    {
                      "class": "Panel",
                      "key": "0_156990246",
                      "propList": [
                        {
                          "k": "styleMap",
                          "v": {
                            "name": "styleMap",
                            "properties": [{
                              "name": "padding-bottom",
                              "value": "5px"
                            }],
                            "type": "PropertyMap[styleMap]"
                          }
                        },
                        {
                          "k": "width",
                          "v": 618
                        },
                        {
                          "k": "height",
                          "v": 530
                        },
                        {
                          "k": "name",
                          "v": "Table1"
                        },
                        {
                          "k": "layout",
                          "v": "vertical"
                        },
                        {
                          "k": "styles",
                          "v": {
                            "list": ["app-ListTable"],
                            "type": "List[String]"
                          }
                        },
                        {
                          "k": "children",
                          "v": {
                            "list": [
                              {
                                "class": "Panel",
                                "key": "0_1227365482",
                                "propList": [
                                  {
                                    "k": "styleMap",
                                    "v": {
                                      "name": "styleMap",
                                      "properties": [],
                                      "type": "PropertyMap[styleMap]"
                                    }
                                  },
                                  {
                                    "k": "width",
                                    "v": 200
                                  },
                                  {
                                    "k": "height",
                                    "v": 200
                                  },
                                  {
                                    "k": "name",
                                    "v": "Table1Header"
                                  },
                                  {
                                    "k": "layout",
                                    "v": "horizontal"
                                  },
                                  {
                                    "k": "autoWidth",
                                    "v": true
                                  },
                                  {
                                    "k": "align",
                                    "v": "stretch"
                                  },
                                  {
                                    "k": "autoHeight",
                                    "v": true
                                  },
                                  {
                                    "k": "alignChildren",
                                    "v": "center"
                                  },
                                  {
                                    "k": "suffixName",
                                    "v": "Header"
                                  },
                                  {
                                    "k": "styles",
                                    "v": {
                                      "list": ["app-ListTableHeaderPanel"],
                                      "type": "List[String]"
                                    }
                                  },
                                  {
                                    "k": "children",
                                    "v": {
                                      "list": [
                                        {
                                          "class": "SimpleLabel",
                                          "key": "0_756944085",
                                          "propList": [
                                            {
                                              "k": "styleMap",
                                              "v": {
                                                "name": "styleMap",
                                                "properties": [
                                                  {
                                                    "name": "margin-left",
                                                    "value": "40px"
                                                  },
                                                  {
                                                    "name": "margin-right",
                                                    "value": "18px"
                                                  },
                                                  {
                                                    "name": "margin-top",
                                                    "value": "8px"
                                                  },
                                                  {
                                                    "name": "margin-bottom",
                                                    "value": "8px"
                                                  }
                                                ],
                                                "type": "PropertyMap[styleMap]"
                                              }
                                            },
                                            {
                                              "k": "width",
                                              "v": 100
                                            },
                                            {
                                              "k": "height",
                                              "v": 20
                                            },
                                            {
                                              "k": "name",
                                              "v": "Table1DisplayHeader"
                                            },
                                            {
                                              "k": "suffixName",
                                              "v": "DisplayHeader"
                                            },
                                            {
                                              "k": "text",
                                              "v": "Title"
                                            },
                                            {
                                              "k": "bindings",
                                              "v": {
                                                "list": [],
                                                "type": "List[BindingInfo]"
                                              }
                                            },
                                            {
                                              "k": "autoWidth",
                                              "v": true
                                            },
                                            {
                                              "k": "autoHeight",
                                              "v": true
                                            },
                                            {
                                              "k": "grow",
                                              "v": 1
                                            },
                                            {
                                              "k": "styles",
                                              "v": {
                                                "list": ["app-ListTableHeader"],
                                                "type": "List[String]"
                                              }
                                            },
                                            {
                                              "k": "variant",
                                              "v": "BodyBold"
                                            }
                                          ],
                                          "type": "ComponentInfo"
                                        },
                                        {
                                          "class": "Panel",
                                          "key": "0_2049616921",
                                          "propList": [
                                            {
                                              "k": "styleMap",
                                              "v": {
                                                "name": "styleMap",
                                                "properties": [],
                                                "type": "PropertyMap[styleMap]"
                                              }
                                            },
                                            {
                                              "k": "width",
                                              "v": 400
                                            },
                                            {
                                              "k": "height",
                                              "v": 200
                                            },
                                            {
                                              "k": "layout",
                                              "v": "horizontal"
                                            },
                                            {
                                              "k": "name",
                                              "v": "Panel4"
                                            },
                                            {
                                              "k": "left",
                                              "v": 0
                                            },
                                            {
                                              "k": "top",
                                              "v": 0
                                            },
                                            {
                                              "k": "autoWidth",
                                              "v": true
                                            },
                                            {
                                              "k": "autoHeight",
                                              "v": true
                                            },
                                            {
                                              "k": "align",
                                              "v": "stretch"
                                            },
                                            {
                                              "k": "children",
                                              "v": {
                                                "list": [{
                                                  "class": "CheckBoxComponent",
                                                  "key": "0_224783660",
                                                  "propList": [
                                                    {
                                                      "k": "styleMap",
                                                      "v": {
                                                        "name": "styleMap",
                                                        "properties": [],
                                                        "type": "PropertyMap[styleMap]"
                                                      }
                                                    },
                                                    {
                                                      "k": "width",
                                                      "v": 20
                                                    },
                                                    {
                                                      "k": "height",
                                                      "v": 20
                                                    },
                                                    {
                                                      "k": "label",
                                                      "v": "Location"
                                                    },
                                                    {
                                                      "k": "name",
                                                      "v": "LocationCheckbox"
                                                    },
                                                    {
                                                      "k": "left",
                                                      "v": 46
                                                    },
                                                    {
                                                      "k": "top",
                                                      "v": 10
                                                    },
                                                    {
                                                      "k": "autoWidth",
                                                      "v": true
                                                    },
                                                    {
                                                      "k": "autoHeight",
                                                      "v": true
                                                    },
                                                    {
                                                      "k": "value",
                                                      "v": true
                                                    },
                                                    {
                                                      "k": "styles",
                                                      "v": {
                                                        "list": ["bold"],
                                                        "type": "List[String]"
                                                      }
                                                    }
                                                  ],
                                                  "type": "ComponentInfo"
                                                }],
                                                "type": "List[ComponentInfo]"
                                              }
                                            },
                                            {
                                              "k": "bindings",
                                              "v": {
                                                "list": [],
                                                "type": "List[BindingInfo]"
                                              }
                                            },
                                            {
                                              "k": "alignChildren",
                                              "v": "center"
                                            }
                                          ],
                                          "type": "ComponentInfo"
                                        },
                                        {
                                          "class": "LoadingIndicator",
                                          "key": "0_791604688",
                                          "propList": [
                                            {
                                              "k": "styleMap",
                                              "v": {
                                                "name": "styleMap",
                                                "properties": [],
                                                "type": "PropertyMap[styleMap]"
                                              }
                                            },
                                            {
                                              "k": "bindings",
                                              "v": {
                                                "list": [{
                                                  "sourceExpression": "visible",
                                                  "targetExpression": "@datasource.loading || @datasource.creating || @datasource.deleting",
                                                  "targetLiteralExpression": "@datasource.loading || @datasource.creating || @datasource.deleting",
                                                  "type": "BindingInfo"
                                                }],
                                                "type": "List[BindingInfo]"
                                              }
                                            },
                                            {
                                              "k": "width",
                                              "v": 22
                                            },
                                            {
                                              "k": "height",
                                              "v": 22
                                            },
                                            {
                                              "k": "name",
                                              "v": "Table1Spinner"
                                            },
                                            {
                                              "k": "invisibilityType",
                                              "v": "hidden"
                                            },
                                            {
                                              "k": "suffixName",
                                              "v": "Spinner"
                                            }
                                          ],
                                          "type": "ComponentInfo"
                                        }
                                      ],
                                      "type": "List[ComponentInfo]"
                                    }
                                  },
                                  {
                                    "k": "justify",
                                    "v": "spaceBetween"
                                  }
                                ],
                                "type": "ComponentInfo"
                              },
                              {
                                "class": "ListPanel",
                                "key": "0_669247573",
                                "propList": [
                                  {
                                    "k": "styleMap",
                                    "v": {
                                      "name": "styleMap",
                                      "properties": [],
                                      "type": "PropertyMap[styleMap]"
                                    }
                                  },
                                  {
                                    "k": "prototype",
                                    "v": {
                                      "appKey": "1_1886638356",
                                      "type": "AppChildKey"
                                    }
                                  },
                                  {
                                    "k": "children",
                                    "v": {
                                      "list": [{
                                        "class": "Panel",
                                        "key": "1_1886638356",
                                        "propList": [
                                          {
                                            "k": "styleMap",
                                            "v": {
                                              "name": "styleMap",
                                              "properties": [
                                                {
                                                  "name": "padding-top",
                                                  "value": "6px"
                                                },
                                                {
                                                  "name": "padding-bottom",
                                                  "value": "6px"
                                                },
                                                {
                                                  "name": "margin-left",
                                                  "value": "30px"
                                                },
                                                {
                                                  "name": "margin-right",
                                                  "value": "45px"
                                                }
                                              ],
                                              "type": "PropertyMap[styleMap]"
                                            }
                                          },
                                          {
                                            "k": "height",
                                            "v": 40
                                          },
                                          {
                                            "k": "autoWidth",
                                            "v": true
                                          },
                                          {
                                            "k": "align",
                                            "v": "stretch"
                                          },
                                          {
                                            "k": "name",
                                            "v": "Table1Row"
                                          },
                                          {
                                            "k": "styleDescriptorName",
                                            "v": "ListPanelRow"
                                          },
                                          {
                                            "k": "suffixName",
                                            "v": "Row"
                                          },
                                          {
                                            "k": "layout",
                                            "v": "horizontal"
                                          },
                                          {
                                            "k": "autoHeight",
                                            "v": true
                                          },
                                          {
                                            "k": "alignChildren",
                                            "v": "center"
                                          },
                                          {
                                            "k": "styles",
                                            "v": {
                                              "list": [
                                                "app-ListTableRow",
                                                "hoverAncestor"
                                              ],
                                              "type": "List[String]"
                                            }
                                          },
                                          {
                                            "k": "children",
                                            "v": {
                                              "list": [
                                                {
                                                  "class": "Anchor",
                                                  "key": "0_335275047",
                                                  "propList": [
                                                    {
                                                      "k": "styleMap",
                                                      "v": {
                                                        "name": "styleMap",
                                                        "properties": [
                                                          {
                                                            "name": "margin-left",
                                                            "value": "0px"
                                                          },
                                                          {
                                                            "name": "margin-right",
                                                            "value": "18px"
                                                          },
                                                          {
                                                            "name": "padding-top",
                                                            "value": "0px"
                                                          },
                                                          {
                                                            "name": "padding-bottom",
                                                            "value": "0px"
                                                          },
                                                          {
                                                            "name": "padding-left",
                                                            "value": "10px"
                                                          }
                                                        ],
                                                        "type": "PropertyMap[styleMap]"
                                                      }
                                                    },
                                                    {
                                                      "k": "width",
                                                      "v": 100
                                                    },
                                                    {
                                                      "k": "height",
                                                      "v": 20
                                                    },
                                                    {
                                                      "k": "name",
                                                      "v": "Link1"
                                                    },
                                                    {
                                                      "k": "left",
                                                      "v": 0
                                                    },
                                                    {
                                                      "k": "top",
                                                      "v": 0
                                                    },
                                                    {
                                                      "k": "autoWidth",
                                                      "v": true
                                                    },
                                                    {
                                                      "k": "autoHeight",
                                                      "v": true
                                                    },
                                                    {
                                                      "k": "grow",
                                                      "v": 1
                                                    },
                                                    {
                                                      "k": "bindings",
                                                      "v": {
                                                        "list": [
                                                          {
                                                            "sourceExpression": "href",
                                                            "targetExpression": "@datasource.item.seeMgtraCIu6m4Ly",
                                                            "targetLiteralExpression": "@datasource.item.Link",
                                                            "type": "BindingInfo"
                                                          },
                                                          {
                                                            "sourceExpression": "text",
                                                            "targetExpression": "@datasource.item.wIOJGphVSh2cKJ0O",
                                                            "targetLiteralExpression": "@datasource.item.Display",
                                                            "type": "BindingInfo"
                                                          }
                                                        ],
                                                        "type": "List[BindingInfo]"
                                                      }
                                                    },
                                                    {
                                                      "k": "target",
                                                      "v": "_blank"
                                                    },
                                                    {
                                                      "k": "variant",
                                                      "v": "Nocolor"
                                                    },
                                                    {
                                                      "k": "styles",
                                                      "v": {
                                                        "list": ["title"],
                                                        "type": "List[String]"
                                                      }
                                                    }
                                                  ],
                                                  "type": "ComponentInfo"
                                                },
                                                {
                                                  "class": "Panel",
                                                  "key": "0_1910537254",
                                                  "propList": [
                                                    {
                                                      "k": "styleMap",
                                                      "v": {
                                                        "name": "styleMap",
                                                        "properties": [],
                                                        "type": "PropertyMap[styleMap]"
                                                      }
                                                    },
                                                    {
                                                      "k": "width",
                                                      "v": 400
                                                    },
                                                    {
                                                      "k": "height",
                                                      "v": 200
                                                    },
                                                    {
                                                      "k": "layout",
                                                      "v": "horizontal"
                                                    },
                                                    {
                                                      "k": "name",
                                                      "v": "Panel3"
                                                    },
                                                    {
                                                      "k": "left",
                                                      "v": 0
                                                    },
                                                    {
                                                      "k": "top",
                                                      "v": 0
                                                    },
                                                    {
                                                      "k": "autoWidth",
                                                      "v": true
                                                    },
                                                    {
                                                      "k": "autoHeight",
                                                      "v": true
                                                    },
                                                    {
                                                      "k": "align",
                                                      "v": "stretch"
                                                    },
                                                    {
                                                      "k": "children",
                                                      "v": {
                                                        "list": [{
                                                          "class": "SimpleLabel",
                                                          "key": "0_114511255",
                                                          "propList": [
                                                            {
                                                              "k": "styleMap",
                                                              "v": {
                                                                "name": "styleMap",
                                                                "properties": [
                                                                  {
                                                                    "name": "margin-left",
                                                                    "value": "18px"
                                                                  },
                                                                  {
                                                                    "name": "margin-right",
                                                                    "value": "18px"
                                                                  },
                                                                  {
                                                                    "name": "margin-top",
                                                                    "value": "0px"
                                                                  },
                                                                  {
                                                                    "name": "margin-bottom",
                                                                    "value": "0px"
                                                                  },
                                                                  {
                                                                    "name": "padding-top",
                                                                    "value": "0px"
                                                                  },
                                                                  {
                                                                    "name": "padding-bottom",
                                                                    "value": "0px"
                                                                  }
                                                                ],
                                                                "type": "PropertyMap[styleMap]"
                                                              }
                                                            },
                                                            {
                                                              "k": "width",
                                                              "v": 100
                                                            },
                                                            {
                                                              "k": "height",
                                                              "v": 20
                                                            },
                                                            {
                                                              "k": "name",
                                                              "v": "Field1"
                                                            },
                                                            {
                                                              "k": "bindings",
                                                              "v": {
                                                                "list": [{
                                                                  "sourceExpression": "text",
                                                                  "targetExpression": "@datasource.item.BKvkUz83n0nMzsys",
                                                                  "targetLiteralExpression": "@datasource.item.Location",
                                                                  "type": "BindingInfo"
                                                                }],
                                                                "type": "List[BindingInfo]"
                                                              }
                                                            },
                                                            {
                                                              "k": "text",
                                                              "v": "Label"
                                                            },
                                                            {
                                                              "k": "label",
                                                              "v": ""
                                                            },
                                                            {
                                                              "k": "autoWidth",
                                                              "v": true
                                                            },
                                                            {
                                                              "k": "autoHeight",
                                                              "v": true
                                                            },
                                                            {
                                                              "k": "grow",
                                                              "v": 1
                                                            }
                                                          ],
                                                          "type": "ComponentInfo"
                                                        }],
                                                        "type": "List[ComponentInfo]"
                                                      }
                                                    },
                                                    {
                                                      "k": "alignChildren",
                                                      "v": "center"
                                                    },
                                                    {
                                                      "k": "bindings",
                                                      "v": {
                                                        "list": [{
                                                          "sourceExpression": "visible",
                                                          "targetExpression": "@widget.root.descendants.0_224783660.value",
                                                          "targetLiteralExpression": "@widget.root.descendants.LocationCheckbox.value",
                                                          "type": "BindingInfo"
                                                        }],
                                                        "type": "List[BindingInfo]"
                                                      }
                                                    }
                                                  ],
                                                  "type": "ComponentInfo"
                                                }
                                              ],
                                              "type": "List[ComponentInfo]"
                                            }
                                          },
                                          {
                                            "k": "justify",
                                            "v": "spaceBetween"
                                          }
                                        ],
                                        "type": "ComponentInfo"
                                      }],
                                      "type": "List[ComponentInfo]"
                                    }
                                  },
                                  {
                                    "k": "width",
                                    "v": 400
                                  },
                                  {
                                    "k": "height",
                                    "v": 200
                                  },
                                  {
                                    "k": "name",
                                    "v": "Table1Body"
                                  },
                                  {
                                    "k": "suffixName",
                                    "v": "Body"
                                  },
                                  {
                                    "k": "autoWidth",
                                    "v": true
                                  },
                                  {
                                    "k": "align",
                                    "v": "stretch"
                                  },
                                  {
                                    "k": "autoHeight",
                                    "v": true
                                  },
                                  {
                                    "k": "grow",
                                    "v": 1
                                  },
                                  {
                                    "k": "editorNonInheritedLocked",
                                    "v": true
                                  },
                                  {
                                    "k": "constrain_width",
                                    "v": false
                                  },
                                  {
                                    "k": "constrain_right",
                                    "v": true
                                  }
                                ],
                                "type": "ComponentInfo"
                              }
                            ],
                            "type": "List[ComponentInfo]"
                          }
                        },
                        {
                          "k": "variant",
                          "v": "Paper"
                        },
                        {
                          "k": "top",
                          "v": 0
                        },
                        {
                          "k": "left",
                          "v": 0
                        },
                        {
                          "k": "autoWidth",
                          "v": true
                        },
                        {
                          "k": "align",
                          "v": "stretch"
                        },
                        {
                          "k": "autoHeight",
                          "v": true
                        }
                      ],
                      "type": "ComponentInfo"
                    }
                  ],
                  "type": "List[ComponentInfo]"
                }
              },
              {
                "k": "variant",
                "v": "Background"
              }
            ],
            "type": "ComponentInfo"
          },
          {
            "class": "Panel",
            "key": "0_201110300",
            "propList": [
              {
                "k": "styleMap",
                "v": {
                  "name": "styleMap",
                  "properties": [{
                    "name": "margin-top",
                    "value": {
                      "isNull": true,
                      "type": "String"
                    }
                  }],
                  "type": "PropertyMap[styleMap]"
                }
              },
              {
                "k": "width",
                "v": 400
              },
              {
                "k": "height",
                "v": 5
              },
              {
                "k": "layout",
                "v": "horizontal"
              },
              {
                "k": "name",
                "v": "Panel7"
              },
              {
                "k": "left",
                "v": 0
              },
              {
                "k": "top",
                "v": 0
              },
              {
                "k": "autoWidth",
                "v": true
              },
              {
                "k": "align",
                "v": "stretch"
              },
              {
                "k": "autoHeight",
                "v": false
              },
              {
                "k": "variant",
                "v": "Primary"
              },
              {
                "k": "maxHeight",
                "v": 20
              }
            ],
            "type": "ComponentInfo"
          }
        ],
        "type": "List[ComponentInfo]"
      }
    },
    {
      "k": "layout",
      "v": "vertical"
    },
    {
      "k": "pageCss",
      "v": ".app-ListView-Table1Row {\n  border-bottom: 1px solid #faebeb;\n}\n\n.app-ListRow.selected, .app-ListRow.selected:hover {\n  border-bottom: 1px solid #faebeb;   background-color: inherit;\n  border-left: 2px solid transparent;\n}\n\na {\n  outline: 0;\n  color: #111;\n}\n\n.title {\n  font-size: 1em;\n  font-weight: normal;\n}\n\n.dark {\n  background-color: #eee;\n}\n\n.app-TextBox--Dark \u003e .app-TextBox-Input {\n  color: black;\n  font-weight: 500;\n  font-size: 1.2em;\n  padding-bottom: 8px;\n}\n\n.app-TextBox--Dark \u003e .app-TextBox-Input::placeholder {\n  color: #999;\n}\n\n.app-TextBox--Dark.app-TextBox:after, .app-TextArea--Dark.app-TextArea:after, .app-SuggestBox--Dark.app-SuggestBox:after, .app-DateBox--Dark.app-DateBox:after, .app-UserPicker--Dark.app-UserPicker:after, .disabled.app-TextBox--Dark.app-TextBox:after, .disabled.app-TextBox--Dark.app-TextArea:after, .disabled.app-TextBox--Dark.app-SuggestBox:after, .disabled.app-TextBox--Dark.app-DateBox:after, .disabled.app-TextBox--Dark.app-UserPicker:after, app-TextBox--Dark.focus {\n  border-bottom-style: none;\n}"
    },
    {
      "k": "onLoad",
      "v": "if (!widget.datasource.loaded) widget.datasource.load();"
    },
    {
      "k": "createChildrenOnInit",
      "v": "ON_INIT"
    }
  ],
  "type": "ComponentInfo"
}