{
  "class": "PopupOverlay",
  "key": "h2hqLCn5zqC5Xby8b6FZIuMlbJiu99Bl",
  "permission": {
    "name": "canRead",
    "type": "compoundEveryone"
  },
  "propList": [
    {
      "k": "styleMap",
      "v": {
        "name": "styleMap",
        "properties": [],
        "type": "PropertyMap[styleMap]"
      }
    },
    {
      "k": "children",
      "v": {
        "list": [{
          "class": "PopupContent",
          "key": "0_481030221",
          "propList": [
            {
              "k": "styleMap",
              "v": {
                "name": "styleMap",
                "properties": [],
                "type": "PropertyMap[styleMap]"
              }
            },
            {
              "k": "width",
              "v": 400
            },
            {
              "k": "height",
              "v": 200
            },
            {
              "k": "name",
              "v": "Content"
            },
            {
              "k": "children",
              "v": {
                "list": [
                  {
                    "class": "Panel",
                    "key": "0_1722383882",
                    "propList": [
                      {
                        "k": "styleMap",
                        "v": {
                          "name": "styleMap",
                          "properties": [],
                          "type": "PropertyMap[styleMap]"
                        }
                      },
                      {
                        "k": "width",
                        "v": 400
                      },
                      {
                        "k": "height",
                        "v": 200
                      },
                      {
                        "k": "layout",
                        "v": "horizontal"
                      },
                      {
                        "k": "name",
                        "v": "Panel1"
                      },
                      {
                        "k": "left",
                        "v": 0
                      },
                      {
                        "k": "top",
                        "v": 0
                      },
                      {
                        "k": "right",
                        "v": 280
                      },
                      {
                        "k": "bottom",
                        "v": 719
                      },
                      {
                        "k": "autoWidth",
                        "v": true
                      },
                      {
                        "k": "align",
                        "v": "stretch"
                      },
                      {
                        "k": "autoHeight",
                        "v": true
                      },
                      {
                        "k": "variant",
                        "v": "Primary"
                      },
                      {
                        "k": "children",
                        "v": {
                          "list": [{
                            "class": "SimpleButton",
                            "key": "0_836390050",
                            "propList": [
                              {
                                "k": "styleMap",
                                "v": {
                                  "name": "styleMap",
                                  "properties": [],
                                  "type": "PropertyMap[styleMap]"
                                }
                              },
                              {
                                "k": "width",
                                "v": 92
                              },
                              {
                                "k": "height",
                                "v": 36
                              },
                              {
                                "k": "name",
                                "v": "Button1"
                              },
                              {
                                "k": "left",
                                "v": 0
                              },
                              {
                                "k": "top",
                                "v": 0
                              },
                              {
                                "k": "autoWidth",
                                "v": true
                              },
                              {
                                "k": "autoHeight",
                                "v": true
                              },
                              {
                                "k": "variant",
                                "v": "IconDark"
                              },
                              {
                                "k": "text",
                                "v": "Done"
                              },
                              {
                                "k": "action",
                                "v": "app.popups.MyEditButtons.visible \u003d false;\nif (widget.datasource.hasChanges) {\n  app.popups.Snackbar.properties.informText \u003d \u0027Updating changes\u2026\u0027;\n  app.popups.Snackbar.visible \u003d true;\n  widget.datasource.saveChanges(function () {\n    widget.datasource.load(function () {\n      app.popups.Snackbar.properties.informText \u003d \u0027Complete.\u0027;\n      setTimeout(function () {\n        app.popups.Snackbar.visible \u003d false;  \n      }, 1000);  \n    });\n  });\n}"
                              }
                            ],
                            "type": "ComponentInfo"
                          }],
                          "type": "List[ComponentInfo]"
                        }
                      },
                      {
                        "k": "justify",
                        "v": "end"
                      }
                    ],
                    "type": "ComponentInfo"
                  },
                  {
                    "class": "Panel",
                    "key": "0_1659788433",
                    "propList": [
                      {
                        "k": "styleMap",
                        "v": {
                          "name": "styleMap",
                          "properties": [],
                          "type": "PropertyMap[styleMap]"
                        }
                      },
                      {
                        "k": "width",
                        "v": 440
                      },
                      {
                        "k": "height",
                        "v": 500
                      },
                      {
                        "k": "name",
                        "v": "Form1"
                      },
                      {
                        "k": "layout",
                        "v": "vertical"
                      },
                      {
                        "k": "autoHeight",
                        "v": true
                      },
                      {
                        "k": "bindings",
                        "v": {
                          "list": [{
                            "sourceExpression": "_dataSource",
                            "targetExpression": "@datasources.WOywUArnvb32DspB3iaRBu9FfudTG0sN",
                            "targetLiteralExpression": "@datasources.MyButtons",
                            "type": "BindingInfo"
                          }],
                          "type": "List[BindingInfo]"
                        }
                      },
                      {
                        "k": "variant",
                        "v": "Paper"
                      },
                      {
                        "k": "styles",
                        "v": {
                          "list": ["app-Form"],
                          "type": "List[String]"
                        }
                      },
                      {
                        "k": "children",
                        "v": {
                          "list": [
                            {
                              "class": "Panel",
                              "key": "0_1460290698",
                              "propList": [
                                {
                                  "k": "styleMap",
                                  "v": {
                                    "name": "styleMap",
                                    "properties": [],
                                    "type": "PropertyMap[styleMap]"
                                  }
                                },
                                {
                                  "k": "width",
                                  "v": 200
                                },
                                {
                                  "k": "height",
                                  "v": 200
                                },
                                {
                                  "k": "name",
                                  "v": "Form1Header"
                                },
                                {
                                  "k": "suffixName",
                                  "v": "Header"
                                },
                                {
                                  "k": "layout",
                                  "v": "horizontal"
                                },
                                {
                                  "k": "variant",
                                  "v": "Transparent"
                                },
                                {
                                  "k": "styles",
                                  "v": {
                                    "list": ["app-FormHeader"],
                                    "type": "List[String]"
                                  }
                                },
                                {
                                  "k": "autoWidth",
                                  "v": true
                                },
                                {
                                  "k": "align",
                                  "v": "stretch"
                                },
                                {
                                  "k": "autoHeight",
                                  "v": true
                                },
                                {
                                  "k": "children",
                                  "v": {
                                    "list": [
                                      {
                                        "class": "SimpleLabel",
                                        "key": "0_930586538",
                                        "propList": [
                                          {
                                            "k": "styleMap",
                                            "v": {
                                              "name": "styleMap",
                                              "properties": [],
                                              "type": "PropertyMap[styleMap]"
                                            }
                                          },
                                          {
                                            "k": "width",
                                            "v": 100
                                          },
                                          {
                                            "k": "height",
                                            "v": 20
                                          },
                                          {
                                            "k": "name",
                                            "v": "Title"
                                          },
                                          {
                                            "k": "text",
                                            "v": "Arrange My Buttons"
                                          },
                                          {
                                            "k": "autoWidth",
                                            "v": true
                                          },
                                          {
                                            "k": "autoHeight",
                                            "v": true
                                          },
                                          {
                                            "k": "variant",
                                            "v": "Title"
                                          },
                                          {
                                            "k": "grow",
                                            "v": 1
                                          }
                                        ],
                                        "type": "ComponentInfo"
                                      },
                                      {
                                        "class": "LoadingIndicator",
                                        "key": "0_1233256014",
                                        "propList": [
                                          {
                                            "k": "styleMap",
                                            "v": {
                                              "name": "styleMap",
                                              "properties": [],
                                              "type": "PropertyMap[styleMap]"
                                            }
                                          },
                                          {
                                            "k": "bindings",
                                            "v": {
                                              "list": [{
                                                "sourceExpression": "visible",
                                                "targetExpression": "@datasource.loading || @datasource.creating || @datasource.deleting",
                                                "targetLiteralExpression": "@datasource.loading || @datasource.creating || @datasource.deleting",
                                                "type": "BindingInfo"
                                              }],
                                              "type": "List[BindingInfo]"
                                            }
                                          },
                                          {
                                            "k": "width",
                                            "v": 22
                                          },
                                          {
                                            "k": "height",
                                            "v": 22
                                          },
                                          {
                                            "k": "name",
                                            "v": "Form1Spinner"
                                          },
                                          {
                                            "k": "suffixName",
                                            "v": "Spinner"
                                          },
                                          {
                                            "k": "align",
                                            "v": "center"
                                          }
                                        ],
                                        "type": "ComponentInfo"
                                      }
                                    ],
                                    "type": "List[ComponentInfo]"
                                  }
                                },
                                {
                                  "k": "justify",
                                  "v": "spaceBetween"
                                },
                                {
                                  "k": "editorNonInheritedLocked",
                                  "v": true
                                }
                              ],
                              "type": "ComponentInfo"
                            },
                            {
                              "class": "Panel",
                              "key": "0_36788364",
                              "propList": [
                                {
                                  "k": "styleMap",
                                  "v": {
                                    "name": "styleMap",
                                    "properties": [],
                                    "type": "PropertyMap[styleMap]"
                                  }
                                },
                                {
                                  "k": "width",
                                  "v": 200
                                },
                                {
                                  "k": "height",
                                  "v": 200
                                },
                                {
                                  "k": "name",
                                  "v": "Form1Body"
                                },
                                {
                                  "k": "suffixName",
                                  "v": "Body"
                                },
                                {
                                  "k": "layout",
                                  "v": "vertical"
                                },
                                {
                                  "k": "variant",
                                  "v": "Transparent"
                                },
                                {
                                  "k": "styles",
                                  "v": {
                                    "list": ["app-FormBody"],
                                    "type": "List[String]"
                                  }
                                },
                                {
                                  "k": "autoWidth",
                                  "v": true
                                },
                                {
                                  "k": "align",
                                  "v": "stretch"
                                },
                                {
                                  "k": "autoHeight",
                                  "v": true
                                },
                                {
                                  "k": "editorNonInheritedLocked",
                                  "v": true
                                },
                                {
                                  "k": "children",
                                  "v": {
                                    "list": [
                                      {
                                        "class": "TextField",
                                        "key": "0_1777597882",
                                        "propList": [
                                          {
                                            "k": "styleMap",
                                            "v": {
                                              "name": "styleMap",
                                              "properties": [],
                                              "type": "PropertyMap[styleMap]"
                                            }
                                          },
                                          {
                                            "k": "width",
                                            "v": 100
                                          },
                                          {
                                            "k": "height",
                                            "v": 32
                                          },
                                          {
                                            "k": "name",
                                            "v": "Field4"
                                          },
                                          {
                                            "k": "bindings",
                                            "v": {
                                              "list": [
                                                {
                                                  "sourceExpression": "value",
                                                  "targetExpression": "@datasource.item.hXDX1vcfZkRxIHzN",
                                                  "targetLiteralExpression": "@datasource.item.DisplayName",
                                                  "type": "BindingInfo"
                                                },
                                                {
                                                  "sourceExpression": "label",
                                                  "targetExpression": "@models.wLPKz9QQjLX2R7BUmSxri7uzCzbZZHE2.fields.hXDX1vcfZkRxIHzN.displayName",
                                                  "targetLiteralExpression": "@models.Buttons.fields.DisplayName.displayName",
                                                  "type": "BindingInfo"
                                                },
                                                {
                                                  "sourceExpression": "required",
                                                  "targetExpression": "@datasource.model.fields.hXDX1vcfZkRxIHzN.required",
                                                  "targetLiteralExpression": "@datasource.model.fields.DisplayName.required",
                                                  "type": "BindingInfo"
                                                }
                                              ],
                                              "type": "List[BindingInfo]"
                                            }
                                          },
                                          {
                                            "k": "autoWidth",
                                            "v": true
                                          },
                                          {
                                            "k": "align",
                                            "v": "stretch"
                                          },
                                          {
                                            "k": "autoHeight",
                                            "v": true
                                          }
                                        ],
                                        "type": "ComponentInfo"
                                      },
                                      {
                                        "class": "TextField",
                                        "key": "0_1947674150",
                                        "propList": [
                                          {
                                            "k": "styleMap",
                                            "v": {
                                              "name": "styleMap",
                                              "properties": [],
                                              "type": "PropertyMap[styleMap]"
                                            }
                                          },
                                          {
                                            "k": "width",
                                            "v": 100
                                          },
                                          {
                                            "k": "height",
                                            "v": 32
                                          },
                                          {
                                            "k": "name",
                                            "v": "Field3"
                                          },
                                          {
                                            "k": "bindings",
                                            "v": {
                                              "list": [
                                                {
                                                  "sourceExpression": "value",
                                                  "targetExpression": "@datasource.item.jd8gYoA0G4Bx3yyj",
                                                  "targetLiteralExpression": "@datasource.item.Link",
                                                  "type": "BindingInfo"
                                                },
                                                {
                                                  "sourceExpression": "label",
                                                  "targetExpression": "@models.wLPKz9QQjLX2R7BUmSxri7uzCzbZZHE2.fields.jd8gYoA0G4Bx3yyj.displayName",
                                                  "targetLiteralExpression": "@models.Buttons.fields.Link.displayName",
                                                  "type": "BindingInfo"
                                                },
                                                {
                                                  "sourceExpression": "required",
                                                  "targetExpression": "@datasource.model.fields.jd8gYoA0G4Bx3yyj.required",
                                                  "targetLiteralExpression": "@datasource.model.fields.Link.required",
                                                  "type": "BindingInfo"
                                                }
                                              ],
                                              "type": "List[BindingInfo]"
                                            }
                                          },
                                          {
                                            "k": "autoWidth",
                                            "v": true
                                          },
                                          {
                                            "k": "align",
                                            "v": "stretch"
                                          },
                                          {
                                            "k": "autoHeight",
                                            "v": true
                                          }
                                        ],
                                        "type": "ComponentInfo"
                                      },
                                      {
                                        "class": "Dropdown",
                                        "key": "0_1611438581",
                                        "propList": [
                                          {
                                            "k": "styleMap",
                                            "v": {
                                              "name": "styleMap",
                                              "properties": [],
                                              "type": "PropertyMap[styleMap]"
                                            }
                                          },
                                          {
                                            "k": "width",
                                            "v": 150
                                          },
                                          {
                                            "k": "height",
                                            "v": 32
                                          },
                                          {
                                            "k": "name",
                                            "v": "Field"
                                          },
                                          {
                                            "k": "bindings",
                                            "v": {
                                              "list": [
                                                {
                                                  "sourceExpression": "value",
                                                  "targetExpression": "@datasource.item._mLmqcTYu0HdenOzEJzsRaQpJ29zpZcOs",
                                                  "targetLiteralExpression": "@datasource.item.Categories",
                                                  "type": "BindingInfo"
                                                },
                                                {
                                                  "sourceExpression": "options",
                                                  "targetExpression": "@datasources.oKObr28MXpAR1sK8AZ8kItZfa4ZyoohD.items",
                                                  "targetLiteralExpression": "@datasources.MyCategories.items",
                                                  "type": "BindingInfo"
                                                }
                                              ],
                                              "type": "List[BindingInfo]"
                                            }
                                          },
                                          {
                                            "k": "label",
                                            "v": "Tab"
                                          },
                                          {
                                            "k": "autoWidth",
                                            "v": true
                                          },
                                          {
                                            "k": "align",
                                            "v": "stretch"
                                          },
                                          {
                                            "k": "autoHeight",
                                            "v": true
                                          }
                                        ],
                                        "type": "ComponentInfo"
                                      },
                                      {
                                        "class": "TextField",
                                        "key": "2_1034818496",
                                        "propList": [
                                          {
                                            "k": "styleMap",
                                            "v": {
                                              "name": "styleMap",
                                              "properties": [],
                                              "type": "PropertyMap[styleMap]"
                                            }
                                          },
                                          {
                                            "k": "width",
                                            "v": 352
                                          },
                                          {
                                            "k": "height",
                                            "v": 57
                                          },
                                          {
                                            "k": "name",
                                            "v": "Field5"
                                          },
                                          {
                                            "k": "bindings",
                                            "v": {
                                              "list": [
                                                {
                                                  "sourceExpression": "required",
                                                  "targetExpression": "@datasource.model.fields.jd8gYoA0G4Bx3yyj.required",
                                                  "targetLiteralExpression": "@datasource.model.fields.Link.required",
                                                  "type": "BindingInfo"
                                                },
                                                {
                                                  "sourceExpression": "label",
                                                  "targetExpression": "@models.wLPKz9QQjLX2R7BUmSxri7uzCzbZZHE2.fields.RQXcvp7AhU1o8NKM.displayName",
                                                  "targetLiteralExpression": "@models.Buttons.fields.Position.displayName",
                                                  "type": "BindingInfo"
                                                },
                                                {
                                                  "sourceExpression": "value",
                                                  "targetExpression": "@datasource.item.RQXcvp7AhU1o8NKM",
                                                  "targetLiteralExpression": "@datasource.item.Position",
                                                  "type": "BindingInfo"
                                                }
                                              ],
                                              "type": "List[BindingInfo]"
                                            }
                                          },
                                          {
                                            "k": "autoWidth",
                                            "v": true
                                          },
                                          {
                                            "k": "align",
                                            "v": "stretch"
                                          },
                                          {
                                            "k": "autoHeight",
                                            "v": true
                                          },
                                          {
                                            "k": "constrain_left",
                                            "v": true
                                          },
                                          {
                                            "k": "constrain_right",
                                            "v": false
                                          },
                                          {
                                            "k": "constrain_width",
                                            "v": true
                                          },
                                          {
                                            "k": "constrain_minWidth",
                                            "v": false
                                          },
                                          {
                                            "k": "constrain_maxWidth",
                                            "v": false
                                          },
                                          {
                                            "k": "constrain_top",
                                            "v": true
                                          },
                                          {
                                            "k": "constrain_bottom",
                                            "v": false
                                          },
                                          {
                                            "k": "constrain_height",
                                            "v": true
                                          },
                                          {
                                            "k": "constrain_minHeight",
                                            "v": false
                                          },
                                          {
                                            "k": "constrain_maxHeight",
                                            "v": false
                                          },
                                          {
                                            "k": "left",
                                            "v": 0
                                          },
                                          {
                                            "k": "top",
                                            "v": 0
                                          }
                                        ],
                                        "type": "ComponentInfo"
                                      }
                                    ],
                                    "type": "List[ComponentInfo]"
                                  }
                                }
                              ],
                              "type": "ComponentInfo"
                            },
                            {
                              "class": "Panel",
                              "key": "0_706977233",
                              "propList": [
                                {
                                  "k": "styleMap",
                                  "v": {
                                    "name": "styleMap",
                                    "properties": [],
                                    "type": "PropertyMap[styleMap]"
                                  }
                                },
                                {
                                  "k": "width",
                                  "v": 200
                                },
                                {
                                  "k": "height",
                                  "v": 200
                                },
                                {
                                  "k": "name",
                                  "v": "Spring"
                                },
                                {
                                  "k": "layout",
                                  "v": "horizontal"
                                },
                                {
                                  "k": "variant",
                                  "v": "Transparent"
                                },
                                {
                                  "k": "autoWidth",
                                  "v": true
                                },
                                {
                                  "k": "align",
                                  "v": "stretch"
                                },
                                {
                                  "k": "autoHeight",
                                  "v": true
                                },
                                {
                                  "k": "editorNonInheritedLocked",
                                  "v": true
                                },
                                {
                                  "k": "minHeight",
                                  "v": 16
                                },
                                {
                                  "k": "grow",
                                  "v": 1
                                }
                              ],
                              "type": "ComponentInfo"
                            },
                            {
                              "class": "Panel",
                              "key": "0_1828223001",
                              "propList": [
                                {
                                  "k": "styleMap",
                                  "v": {
                                    "name": "styleMap",
                                    "properties": [],
                                    "type": "PropertyMap[styleMap]"
                                  }
                                },
                                {
                                  "k": "width",
                                  "v": 200
                                },
                                {
                                  "k": "height",
                                  "v": 200
                                },
                                {
                                  "k": "name",
                                  "v": "Form1Footer"
                                },
                                {
                                  "k": "suffixName",
                                  "v": "Footer"
                                },
                                {
                                  "k": "layout",
                                  "v": "horizontal"
                                },
                                {
                                  "k": "variant",
                                  "v": "Transparent"
                                },
                                {
                                  "k": "styles",
                                  "v": {
                                    "list": ["app-FormFooter"],
                                    "type": "List[String]"
                                  }
                                },
                                {
                                  "k": "autoWidth",
                                  "v": true
                                },
                                {
                                  "k": "align",
                                  "v": "stretch"
                                },
                                {
                                  "k": "autoHeight",
                                  "v": true
                                },
                                {
                                  "k": "justify",
                                  "v": "spaceBetween"
                                },
                                {
                                  "k": "alignChildren",
                                  "v": "center"
                                },
                                {
                                  "k": "editorNonInheritedLocked",
                                  "v": true
                                },
                                {
                                  "k": "children",
                                  "v": {
                                    "list": [
                                      {
                                        "class": "SimpleButton",
                                        "key": "0_1687435203",
                                        "propList": [
                                          {
                                            "k": "styleMap",
                                            "v": {
                                              "name": "styleMap",
                                              "properties": [],
                                              "type": "PropertyMap[styleMap]"
                                            }
                                          },
                                          {
                                            "k": "width",
                                            "v": 92
                                          },
                                          {
                                            "k": "height",
                                            "v": 36
                                          },
                                          {
                                            "k": "name",
                                            "v": "Form1DeleteButton"
                                          },
                                          {
                                            "k": "suffixName",
                                            "v": "DeleteButton"
                                          },
                                          {
                                            "k": "variant",
                                            "v": "Icon"
                                          },
                                          {
                                            "k": "text",
                                            "v": "Delete"
                                          },
                                          {
                                            "k": "action",
                                            "v": "// GENERATED CODE: modify at your own risk\nwidget.datasource.deleteItem(function() {\n  if (document.activeElement \u003d\u003d\u003d null || document.activeElement.tagName \u003d\u003d \"BODY\") {\n    widget.focus();\n  }\n});"
                                          },
                                          {
                                            "k": "bindings",
                                            "v": {
                                              "list": [{
                                                "sourceExpression": "enabled",
                                                "targetExpression": "@datasource.item !\u003d null \u0026\u0026 !@datasource.loading \u0026\u0026 !@datasource.creating",
                                                "targetLiteralExpression": "@datasource.item !\u003d null \u0026\u0026 !@datasource.loading \u0026\u0026 !@datasource.creating",
                                                "type": "BindingInfo"
                                              }],
                                              "type": "List[BindingInfo]"
                                            }
                                          },
                                          {
                                            "k": "title",
                                            "v": "Delete item"
                                          },
                                          {
                                            "k": "autoWidth",
                                            "v": true
                                          },
                                          {
                                            "k": "autoHeight",
                                            "v": true
                                          },
                                          {
                                            "k": "styles",
                                            "v": {
                                              "list": ["red"],
                                              "type": "List[String]"
                                            }
                                          }
                                        ],
                                        "type": "ComponentInfo"
                                      },
                                      {
                                        "class": "Pager",
                                        "key": "0_2075523257",
                                        "propList": [
                                          {
                                            "k": "styleMap",
                                            "v": {
                                              "name": "styleMap",
                                              "properties": [],
                                              "type": "PropertyMap[styleMap]"
                                            }
                                          },
                                          {
                                            "k": "autoHeight",
                                            "v": true
                                          },
                                          {
                                            "k": "width",
                                            "v": 160
                                          },
                                          {
                                            "k": "height",
                                            "v": 32
                                          },
                                          {
                                            "k": "onPreviousClick",
                                            "v": "widget.datasource.prevItem();"
                                          },
                                          {
                                            "k": "onNextClick",
                                            "v": "widget.datasource.nextItem();"
                                          },
                                          {
                                            "k": "bindings",
                                            "v": {
                                              "list": [
                                                {
                                                  "sourceExpression": "previousEnabled",
                                                  "targetExpression": "(!@datasource.firstPage || @datasource.itemIndex \u003e 0) \u0026\u0026 !@datasource.loading \u0026\u0026 !@datasource.creating",
                                                  "targetLiteralExpression": "(!@datasource.firstPage || @datasource.itemIndex \u003e 0) \u0026\u0026 !@datasource.loading \u0026\u0026 !@datasource.creating",
                                                  "type": "BindingInfo"
                                                },
                                                {
                                                  "sourceExpression": "nextEnabled",
                                                  "targetExpression": "(!@datasource.lastPage || (@datasource.itemIndex \u003c @datasource.items.length - 1)) \u0026\u0026 !@datasource.loading \u0026\u0026 !@datasource.creating",
                                                  "targetLiteralExpression": "(!@datasource.lastPage || (@datasource.itemIndex \u003c @datasource.items.length - 1)) \u0026\u0026 !@datasource.loading \u0026\u0026 !@datasource.creating",
                                                  "type": "BindingInfo"
                                                },
                                                {
                                                  "sourceExpression": "text",
                                                  "targetExpression": "@datasource.loading || @datasource.items.length \u003d\u003d 0 ? \"\" : ((@widget.datasource.itemIndex + 1) + (@datasource.query.pageIndex - 1) * @datasource.query.pageSize + \" of \" + (@widget.datasource.lastPage ? @datasource.items.length + (@datasource.query.pageIndex - 1) * @datasource.query.pageSize : \"many\"))",
                                                  "targetLiteralExpression": "@datasource.loading || @datasource.items.length \u003d\u003d 0 ? \"\" : ((@widget.datasource.itemIndex + 1) + (@datasource.query.pageIndex - 1) * @datasource.query.pageSize + \" of \" + (@widget.datasource.lastPage ? @datasource.items.length + (@datasource.query.pageIndex - 1) * @datasource.query.pageSize : \"many\"))",
                                                  "type": "BindingInfo"
                                                }
                                              ],
                                              "type": "List[BindingInfo]"
                                            }
                                          },
                                          {
                                            "k": "name",
                                            "v": "Form1Pager"
                                          },
                                          {
                                            "k": "suffixName",
                                            "v": "Pager"
                                          },
                                          {
                                            "k": "text",
                                            "v": "@expr"
                                          }
                                        ],
                                        "type": "ComponentInfo"
                                      }
                                    ],
                                    "type": "List[ComponentInfo]"
                                  }
                                }
                              ],
                              "type": "ComponentInfo"
                            }
                          ],
                          "type": "List[ComponentInfo]"
                        }
                      },
                      {
                        "k": "top",
                        "v": 0
                      },
                      {
                        "k": "left",
                        "v": 0
                      },
                      {
                        "k": "autoWidth",
                        "v": true
                      },
                      {
                        "k": "align",
                        "v": "stretch"
                      }
                    ],
                    "type": "ComponentInfo"
                  }
                ],
                "type": "List[ComponentInfo]"
              }
            },
            {
              "k": "layout",
              "v": "vertical"
            },
            {
              "k": "autoHeight",
              "v": true
            },
            {
              "k": "bindings",
              "v": {
                "list": [{
                  "sourceExpression": "_dataSource",
                  "targetExpression": "@datasources.WOywUArnvb32DspB3iaRBu9FfudTG0sN",
                  "targetLiteralExpression": "@datasources.MyButtons",
                  "type": "BindingInfo"
                }],
                "type": "List[BindingInfo]"
              }
            }
          ],
          "type": "ComponentInfo"
        }],
        "type": "List[ComponentInfo]"
      }
    },
    {
      "k": "name",
      "v": "MyEditButtons"
    },
    {
      "k": "top",
      "v": 4
    },
    {
      "k": "left",
      "v": 4
    },
    {
      "k": "height",
      "v": 960
    },
    {
      "k": "width",
      "v": 960
    },
    {
      "k": "vertical",
      "v": "top"
    },
    {
      "k": "createChildrenOnInit",
      "v": "ON_LOAD"
    }
  ],
  "type": "ComponentInfo"
}