{
  "class": "PopupOverlay",
  "key": "F4vpkMOV4FIhH2xYplUH78iqAd7pJ2tG",
  "permission": {
    "name": "canRead",
    "type": "compoundEveryone"
  },
  "propList": [
    {
      "k": "styleMap",
      "v": {
        "name": "styleMap",
        "properties": [],
        "type": "PropertyMap[styleMap]"
      }
    },
    {
      "k": "children",
      "v": {
        "list": [{
          "class": "PopupContent",
          "key": "0_876347226",
          "propList": [
            {
              "k": "styleMap",
              "v": {
                "name": "styleMap",
                "properties": [],
                "type": "PropertyMap[styleMap]"
              }
            },
            {
              "k": "width",
              "v": 400
            },
            {
              "k": "height",
              "v": 200
            },
            {
              "k": "name",
              "v": "Content"
            },
            {
              "k": "layout",
              "v": "vertical"
            },
            {
              "k": "autoHeight",
              "v": true
            },
            {
              "k": "children",
              "v": {
                "list": [
                  {
                    "class": "Panel",
                    "key": "0_1152573704",
                    "propList": [
                      {
                        "k": "styleMap",
                        "v": {
                          "name": "styleMap",
                          "properties": [],
                          "type": "PropertyMap[styleMap]"
                        }
                      },
                      {
                        "k": "width",
                        "v": 400
                      },
                      {
                        "k": "height",
                        "v": 200
                      },
                      {
                        "k": "layout",
                        "v": "horizontal"
                      },
                      {
                        "k": "name",
                        "v": "Panel1"
                      },
                      {
                        "k": "left",
                        "v": 0
                      },
                      {
                        "k": "top",
                        "v": 117
                      },
                      {
                        "k": "right",
                        "v": 280
                      },
                      {
                        "k": "bottom",
                        "v": 377
                      },
                      {
                        "k": "autoWidth",
                        "v": true
                      },
                      {
                        "k": "align",
                        "v": "stretch"
                      },
                      {
                        "k": "autoHeight",
                        "v": true
                      },
                      {
                        "k": "variant",
                        "v": "Primary"
                      },
                      {
                        "k": "children",
                        "v": {
                          "list": [{
                            "class": "SimpleButton",
                            "key": "0_572450509",
                            "propList": [
                              {
                                "k": "styleMap",
                                "v": {
                                  "name": "styleMap",
                                  "properties": [],
                                  "type": "PropertyMap[styleMap]"
                                }
                              },
                              {
                                "k": "width",
                                "v": 92
                              },
                              {
                                "k": "height",
                                "v": 36
                              },
                              {
                                "k": "name",
                                "v": "Button2"
                              },
                              {
                                "k": "left",
                                "v": 0
                              },
                              {
                                "k": "top",
                                "v": 0
                              },
                              {
                                "k": "autoWidth",
                                "v": true
                              },
                              {
                                "k": "autoHeight",
                                "v": true
                              },
                              {
                                "k": "variant",
                                "v": "IconDark"
                              },
                              {
                                "k": "text",
                                "v": "done"
                              },
                              {
                                "k": "action",
                                "v": "app.popups.MyEditCategories.visible \u003d false;\napp.datasources.MyCategories.load();"
                              }
                            ],
                            "type": "ComponentInfo"
                          }],
                          "type": "List[ComponentInfo]"
                        }
                      },
                      {
                        "k": "justify",
                        "v": "end"
                      },
                      {
                        "k": "alignChildren",
                        "v": "center"
                      }
                    ],
                    "type": "ComponentInfo"
                  },
                  {
                    "class": "Panel",
                    "key": "0_955973139",
                    "propList": [
                      {
                        "k": "styleMap",
                        "v": {
                          "name": "styleMap",
                          "properties": [],
                          "type": "PropertyMap[styleMap]"
                        }
                      },
                      {
                        "k": "width",
                        "v": 440
                      },
                      {
                        "k": "height",
                        "v": 500
                      },
                      {
                        "k": "name",
                        "v": "Form1"
                      },
                      {
                        "k": "layout",
                        "v": "vertical"
                      },
                      {
                        "k": "autoHeight",
                        "v": true
                      },
                      {
                        "k": "bindings",
                        "v": {
                          "list": [],
                          "type": "List[BindingInfo]"
                        }
                      },
                      {
                        "k": "variant",
                        "v": "Paper"
                      },
                      {
                        "k": "styles",
                        "v": {
                          "list": ["app-Form"],
                          "type": "List[String]"
                        }
                      },
                      {
                        "k": "children",
                        "v": {
                          "list": [
                            {
                              "class": "Panel",
                              "key": "0_2026084630",
                              "propList": [
                                {
                                  "k": "styleMap",
                                  "v": {
                                    "name": "styleMap",
                                    "properties": [],
                                    "type": "PropertyMap[styleMap]"
                                  }
                                },
                                {
                                  "k": "width",
                                  "v": 200
                                },
                                {
                                  "k": "height",
                                  "v": 200
                                },
                                {
                                  "k": "name",
                                  "v": "Form1Header"
                                },
                                {
                                  "k": "suffixName",
                                  "v": "Header"
                                },
                                {
                                  "k": "layout",
                                  "v": "horizontal"
                                },
                                {
                                  "k": "variant",
                                  "v": "Transparent"
                                },
                                {
                                  "k": "styles",
                                  "v": {
                                    "list": ["app-FormHeader"],
                                    "type": "List[String]"
                                  }
                                },
                                {
                                  "k": "autoWidth",
                                  "v": true
                                },
                                {
                                  "k": "align",
                                  "v": "stretch"
                                },
                                {
                                  "k": "autoHeight",
                                  "v": true
                                },
                                {
                                  "k": "children",
                                  "v": {
                                    "list": [
                                      {
                                        "class": "SimpleLabel",
                                        "key": "0_1147525691",
                                        "propList": [
                                          {
                                            "k": "styleMap",
                                            "v": {
                                              "name": "styleMap",
                                              "properties": [],
                                              "type": "PropertyMap[styleMap]"
                                            }
                                          },
                                          {
                                            "k": "width",
                                            "v": 100
                                          },
                                          {
                                            "k": "height",
                                            "v": 20
                                          },
                                          {
                                            "k": "name",
                                            "v": "Title"
                                          },
                                          {
                                            "k": "text",
                                            "v": "Arrange My Tabs"
                                          },
                                          {
                                            "k": "autoWidth",
                                            "v": true
                                          },
                                          {
                                            "k": "autoHeight",
                                            "v": true
                                          },
                                          {
                                            "k": "variant",
                                            "v": "Title"
                                          },
                                          {
                                            "k": "grow",
                                            "v": 1
                                          }
                                        ],
                                        "type": "ComponentInfo"
                                      },
                                      {
                                        "class": "LoadingIndicator",
                                        "key": "0_1673168496",
                                        "propList": [
                                          {
                                            "k": "styleMap",
                                            "v": {
                                              "name": "styleMap",
                                              "properties": [],
                                              "type": "PropertyMap[styleMap]"
                                            }
                                          },
                                          {
                                            "k": "bindings",
                                            "v": {
                                              "list": [{
                                                "sourceExpression": "visible",
                                                "targetExpression": "@datasource.loading || @datasource.creating || @datasource.deleting",
                                                "targetLiteralExpression": "@datasource.loading || @datasource.creating || @datasource.deleting",
                                                "type": "BindingInfo"
                                              }],
                                              "type": "List[BindingInfo]"
                                            }
                                          },
                                          {
                                            "k": "width",
                                            "v": 22
                                          },
                                          {
                                            "k": "height",
                                            "v": 22
                                          },
                                          {
                                            "k": "name",
                                            "v": "Form1Spinner"
                                          },
                                          {
                                            "k": "suffixName",
                                            "v": "Spinner"
                                          },
                                          {
                                            "k": "align",
                                            "v": "center"
                                          }
                                        ],
                                        "type": "ComponentInfo"
                                      },
                                      {
                                        "class": "SimpleButton",
                                        "key": "0_721989787",
                                        "propList": [
                                          {
                                            "k": "styleMap",
                                            "v": {
                                              "name": "styleMap",
                                              "properties": [],
                                              "type": "PropertyMap[styleMap]"
                                            }
                                          },
                                          {
                                            "k": "width",
                                            "v": 92
                                          },
                                          {
                                            "k": "height",
                                            "v": 36
                                          },
                                          {
                                            "k": "name",
                                            "v": "Form1CreateButton"
                                          },
                                          {
                                            "k": "suffixName",
                                            "v": "CreateButton"
                                          },
                                          {
                                            "k": "variant",
                                            "v": "FlatColor"
                                          },
                                          {
                                            "k": "text",
                                            "v": "New"
                                          },
                                          {
                                            "k": "action",
                                            "v": "widget.datasource.createItem(function(record) {\n  widget.root.descendants.Owner.value \u003d app.user.email;\n  widget.root.descendants.PositionDropdown.value \u003d (widget.datasource.items).length;\n  var formName \u003d widget.name.slice(0, -12);\n  widget.root.descendants[formName + \"Body\"].focusFirstWidget();\n  widget.datasource.load();\n});"
                                          },
                                          {
                                            "k": "bindings",
                                            "v": {
                                              "list": [{
                                                "sourceExpression": "enabled",
                                                "targetExpression": "!@datasource.loading \u0026\u0026 !@datasource.creating",
                                                "targetLiteralExpression": "!@datasource.loading \u0026\u0026 !@datasource.creating",
                                                "type": "BindingInfo"
                                              }],
                                              "type": "List[BindingInfo]"
                                            }
                                          },
                                          {
                                            "k": "title",
                                            "v": "Create new item"
                                          },
                                          {
                                            "k": "autoWidth",
                                            "v": true
                                          },
                                          {
                                            "k": "autoHeight",
                                            "v": true
                                          },
                                          {
                                            "k": "styles",
                                            "v": {
                                              "list": ["red"],
                                              "type": "List[String]"
                                            }
                                          }
                                        ],
                                        "type": "ComponentInfo"
                                      }
                                    ],
                                    "type": "List[ComponentInfo]"
                                  }
                                },
                                {
                                  "k": "justify",
                                  "v": "spaceBetween"
                                },
                                {
                                  "k": "editorNonInheritedLocked",
                                  "v": true
                                }
                              ],
                              "type": "ComponentInfo"
                            },
                            {
                              "class": "Panel",
                              "key": "0_214237978",
                              "propList": [
                                {
                                  "k": "styleMap",
                                  "v": {
                                    "name": "styleMap",
                                    "properties": [],
                                    "type": "PropertyMap[styleMap]"
                                  }
                                },
                                {
                                  "k": "width",
                                  "v": 200
                                },
                                {
                                  "k": "height",
                                  "v": 200
                                },
                                {
                                  "k": "name",
                                  "v": "Form1Body"
                                },
                                {
                                  "k": "suffixName",
                                  "v": "Body"
                                },
                                {
                                  "k": "layout",
                                  "v": "vertical"
                                },
                                {
                                  "k": "variant",
                                  "v": "Transparent"
                                },
                                {
                                  "k": "styles",
                                  "v": {
                                    "list": ["app-FormBody"],
                                    "type": "List[String]"
                                  }
                                },
                                {
                                  "k": "autoWidth",
                                  "v": true
                                },
                                {
                                  "k": "align",
                                  "v": "stretch"
                                },
                                {
                                  "k": "autoHeight",
                                  "v": true
                                },
                                {
                                  "k": "editorNonInheritedLocked",
                                  "v": true
                                },
                                {
                                  "k": "children",
                                  "v": {
                                    "list": [
                                      {
                                        "class": "TextField",
                                        "key": "0_1118378428",
                                        "propList": [
                                          {
                                            "k": "styleMap",
                                            "v": {
                                              "name": "styleMap",
                                              "properties": [],
                                              "type": "PropertyMap[styleMap]"
                                            }
                                          },
                                          {
                                            "k": "width",
                                            "v": 100
                                          },
                                          {
                                            "k": "height",
                                            "v": 32
                                          },
                                          {
                                            "k": "name",
                                            "v": "Field"
                                          },
                                          {
                                            "k": "bindings",
                                            "v": {
                                              "list": [
                                                {
                                                  "sourceExpression": "value",
                                                  "targetExpression": "@datasource.item.oHb1Fn2b6aoEvWGS",
                                                  "targetLiteralExpression": "@datasource.item.Name",
                                                  "type": "BindingInfo"
                                                },
                                                {
                                                  "sourceExpression": "label",
                                                  "targetExpression": "@models.dhv6ujpg5XIU4JVElBmDRqYkr2Gmt44J.fields.oHb1Fn2b6aoEvWGS.displayName",
                                                  "targetLiteralExpression": "@models.Categories.fields.Name.displayName",
                                                  "type": "BindingInfo"
                                                }
                                              ],
                                              "type": "List[BindingInfo]"
                                            }
                                          },
                                          {
                                            "k": "autoWidth",
                                            "v": true
                                          },
                                          {
                                            "k": "align",
                                            "v": "stretch"
                                          },
                                          {
                                            "k": "autoHeight",
                                            "v": true
                                          }
                                        ],
                                        "type": "ComponentInfo"
                                      },
                                      {
                                        "class": "TextField",
                                        "key": "0_963290223",
                                        "propList": [
                                          {
                                            "k": "styleMap",
                                            "v": {
                                              "name": "styleMap",
                                              "properties": [],
                                              "type": "PropertyMap[styleMap]"
                                            }
                                          },
                                          {
                                            "k": "width",
                                            "v": 352
                                          },
                                          {
                                            "k": "height",
                                            "v": 57
                                          },
                                          {
                                            "k": "name",
                                            "v": "Field1"
                                          },
                                          {
                                            "k": "bindings",
                                            "v": {
                                              "list": [
                                                {
                                                  "sourceExpression": "label",
                                                  "targetExpression": "@models.dhv6ujpg5XIU4JVElBmDRqYkr2Gmt44J.fields.PzU6Jp63m4Z3B7kh.displayName",
                                                  "targetLiteralExpression": "@models.Categories.fields.Position.displayName",
                                                  "type": "BindingInfo"
                                                },
                                                {
                                                  "sourceExpression": "value",
                                                  "targetExpression": "@datasource.item.PzU6Jp63m4Z3B7kh",
                                                  "targetLiteralExpression": "@datasource.item.Position",
                                                  "type": "BindingInfo"
                                                }
                                              ],
                                              "type": "List[BindingInfo]"
                                            }
                                          },
                                          {
                                            "k": "autoWidth",
                                            "v": true
                                          },
                                          {
                                            "k": "align",
                                            "v": "stretch"
                                          },
                                          {
                                            "k": "autoHeight",
                                            "v": true
                                          },
                                          {
                                            "k": "constrain_left",
                                            "v": true
                                          },
                                          {
                                            "k": "constrain_right",
                                            "v": false
                                          },
                                          {
                                            "k": "constrain_width",
                                            "v": true
                                          },
                                          {
                                            "k": "constrain_minWidth",
                                            "v": false
                                          },
                                          {
                                            "k": "constrain_maxWidth",
                                            "v": false
                                          },
                                          {
                                            "k": "constrain_top",
                                            "v": true
                                          },
                                          {
                                            "k": "constrain_bottom",
                                            "v": false
                                          },
                                          {
                                            "k": "constrain_height",
                                            "v": true
                                          },
                                          {
                                            "k": "constrain_minHeight",
                                            "v": false
                                          },
                                          {
                                            "k": "constrain_maxHeight",
                                            "v": false
                                          },
                                          {
                                            "k": "left",
                                            "v": 0
                                          },
                                          {
                                            "k": "top",
                                            "v": 0
                                          }
                                        ],
                                        "type": "ComponentInfo"
                                      },
                                      {
                                        "class": "TextField",
                                        "key": "0_677436990",
                                        "propList": [
                                          {
                                            "k": "styleMap",
                                            "v": {
                                              "name": "styleMap",
                                              "properties": [],
                                              "type": "PropertyMap[styleMap]"
                                            }
                                          },
                                          {
                                            "k": "width",
                                            "v": 100
                                          },
                                          {
                                            "k": "height",
                                            "v": 32
                                          },
                                          {
                                            "k": "name",
                                            "v": "Owner"
                                          },
                                          {
                                            "k": "left",
                                            "v": 0
                                          },
                                          {
                                            "k": "top",
                                            "v": 0
                                          },
                                          {
                                            "k": "autoHeight",
                                            "v": true
                                          },
                                          {
                                            "k": "autoWidth",
                                            "v": true
                                          },
                                          {
                                            "k": "align",
                                            "v": "stretch"
                                          },
                                          {
                                            "k": "bindings",
                                            "v": {
                                              "list": [{
                                                "sourceExpression": "value",
                                                "targetExpression": "@datasource.item.miek6bnmMoRNeMJo",
                                                "targetLiteralExpression": "@datasource.item.Owner",
                                                "type": "BindingInfo"
                                              }],
                                              "type": "List[BindingInfo]"
                                            }
                                          },
                                          {
                                            "k": "label",
                                            "v": "Owner"
                                          },
                                          {
                                            "k": "enabled",
                                            "v": false
                                          },
                                          {
                                            "k": "onLoad",
                                            "v": {
                                              "isNull": true,
                                              "type": "String"
                                            }
                                          },
                                          {
                                            "k": "visible",
                                            "v": false
                                          }
                                        ],
                                        "type": "ComponentInfo"
                                      },
                                      {
                                        "class": "Dropdown",
                                        "key": "0_889180577",
                                        "propList": [
                                          {
                                            "k": "styleMap",
                                            "v": {
                                              "name": "styleMap",
                                              "properties": [],
                                              "type": "PropertyMap[styleMap]"
                                            }
                                          },
                                          {
                                            "k": "width",
                                            "v": 150
                                          },
                                          {
                                            "k": "height",
                                            "v": 32
                                          },
                                          {
                                            "k": "name",
                                            "v": "PositionDropdown"
                                          },
                                          {
                                            "k": "left",
                                            "v": 0
                                          },
                                          {
                                            "k": "top",
                                            "v": 0
                                          },
                                          {
                                            "k": "autoHeight",
                                            "v": true
                                          },
                                          {
                                            "k": "label",
                                            "v": "Position"
                                          },
                                          {
                                            "k": "bindings",
                                            "v": {
                                              "list": [{
                                                "sourceExpression": "value",
                                                "targetExpression": "@datasource.item.PzU6Jp63m4Z3B7kh",
                                                "targetLiteralExpression": "@datasource.item.Position",
                                                "type": "BindingInfo"
                                              }],
                                              "type": "List[BindingInfo]"
                                            }
                                          },
                                          {
                                            "k": "enabled",
                                            "v": false
                                          },
                                          {
                                            "k": "visible",
                                            "v": false
                                          }
                                        ],
                                        "type": "ComponentInfo"
                                      }
                                    ],
                                    "type": "List[ComponentInfo]"
                                  }
                                }
                              ],
                              "type": "ComponentInfo"
                            },
                            {
                              "class": "Panel",
                              "key": "0_1119485991",
                              "propList": [
                                {
                                  "k": "styleMap",
                                  "v": {
                                    "name": "styleMap",
                                    "properties": [],
                                    "type": "PropertyMap[styleMap]"
                                  }
                                },
                                {
                                  "k": "width",
                                  "v": 200
                                },
                                {
                                  "k": "height",
                                  "v": 200
                                },
                                {
                                  "k": "name",
                                  "v": "Spring"
                                },
                                {
                                  "k": "layout",
                                  "v": "horizontal"
                                },
                                {
                                  "k": "variant",
                                  "v": "Transparent"
                                },
                                {
                                  "k": "autoWidth",
                                  "v": true
                                },
                                {
                                  "k": "align",
                                  "v": "stretch"
                                },
                                {
                                  "k": "autoHeight",
                                  "v": true
                                },
                                {
                                  "k": "editorNonInheritedLocked",
                                  "v": true
                                },
                                {
                                  "k": "minHeight",
                                  "v": 16
                                },
                                {
                                  "k": "grow",
                                  "v": 1
                                }
                              ],
                              "type": "ComponentInfo"
                            },
                            {
                              "class": "Panel",
                              "key": "0_898813148",
                              "propList": [
                                {
                                  "k": "styleMap",
                                  "v": {
                                    "name": "styleMap",
                                    "properties": [],
                                    "type": "PropertyMap[styleMap]"
                                  }
                                },
                                {
                                  "k": "width",
                                  "v": 200
                                },
                                {
                                  "k": "height",
                                  "v": 200
                                },
                                {
                                  "k": "name",
                                  "v": "Form1Footer"
                                },
                                {
                                  "k": "suffixName",
                                  "v": "Footer"
                                },
                                {
                                  "k": "layout",
                                  "v": "horizontal"
                                },
                                {
                                  "k": "variant",
                                  "v": "Transparent"
                                },
                                {
                                  "k": "styles",
                                  "v": {
                                    "list": ["app-FormFooter"],
                                    "type": "List[String]"
                                  }
                                },
                                {
                                  "k": "autoWidth",
                                  "v": true
                                },
                                {
                                  "k": "align",
                                  "v": "stretch"
                                },
                                {
                                  "k": "autoHeight",
                                  "v": true
                                },
                                {
                                  "k": "justify",
                                  "v": "spaceBetween"
                                },
                                {
                                  "k": "alignChildren",
                                  "v": "center"
                                },
                                {
                                  "k": "editorNonInheritedLocked",
                                  "v": true
                                },
                                {
                                  "k": "children",
                                  "v": {
                                    "list": [
                                      {
                                        "class": "SimpleButton",
                                        "key": "0_874009154",
                                        "propList": [
                                          {
                                            "k": "styleMap",
                                            "v": {
                                              "name": "styleMap",
                                              "properties": [],
                                              "type": "PropertyMap[styleMap]"
                                            }
                                          },
                                          {
                                            "k": "width",
                                            "v": 92
                                          },
                                          {
                                            "k": "height",
                                            "v": 36
                                          },
                                          {
                                            "k": "name",
                                            "v": "Form1DeleteButton"
                                          },
                                          {
                                            "k": "suffixName",
                                            "v": "DeleteButton"
                                          },
                                          {
                                            "k": "variant",
                                            "v": "Icon"
                                          },
                                          {
                                            "k": "text",
                                            "v": "Delete"
                                          },
                                          {
                                            "k": "action",
                                            "v": "app.popups.MyEditCategories.visible \u003d false;\napp.popups.DeleteMyCategory.visible \u003d true;"
                                          },
                                          {
                                            "k": "bindings",
                                            "v": {
                                              "list": [],
                                              "type": "List[BindingInfo]"
                                            }
                                          },
                                          {
                                            "k": "title",
                                            "v": "Delete item"
                                          },
                                          {
                                            "k": "autoWidth",
                                            "v": true
                                          },
                                          {
                                            "k": "autoHeight",
                                            "v": true
                                          },
                                          {
                                            "k": "styles",
                                            "v": {
                                              "list": ["red"],
                                              "type": "List[String]"
                                            }
                                          }
                                        ],
                                        "type": "ComponentInfo"
                                      },
                                      {
                                        "class": "SimpleButton",
                                        "key": "0_1861808212",
                                        "propList": [
                                          {
                                            "k": "styleMap",
                                            "v": {
                                              "name": "styleMap",
                                              "properties": [],
                                              "type": "PropertyMap[styleMap]"
                                            }
                                          },
                                          {
                                            "k": "width",
                                            "v": 92
                                          },
                                          {
                                            "k": "height",
                                            "v": 36
                                          },
                                          {
                                            "k": "name",
                                            "v": "refresh"
                                          },
                                          {
                                            "k": "left",
                                            "v": 0
                                          },
                                          {
                                            "k": "top",
                                            "v": 0
                                          },
                                          {
                                            "k": "autoWidth",
                                            "v": true
                                          },
                                          {
                                            "k": "autoHeight",
                                            "v": true
                                          },
                                          {
                                            "k": "variant",
                                            "v": "Regular"
                                          },
                                          {
                                            "k": "text",
                                            "v": "reload"
                                          },
                                          {
                                            "k": "action",
                                            "v": "widget.datasource.load();"
                                          },
                                          {
                                            "k": "bindings",
                                            "v": {
                                              "list": [],
                                              "type": "List[BindingInfo]"
                                            }
                                          }
                                        ],
                                        "type": "ComponentInfo"
                                      },
                                      {
                                        "class": "Pager",
                                        "key": "0_1087090983",
                                        "propList": [
                                          {
                                            "k": "styleMap",
                                            "v": {
                                              "name": "styleMap",
                                              "properties": [],
                                              "type": "PropertyMap[styleMap]"
                                            }
                                          },
                                          {
                                            "k": "autoHeight",
                                            "v": true
                                          },
                                          {
                                            "k": "width",
                                            "v": 160
                                          },
                                          {
                                            "k": "height",
                                            "v": 32
                                          },
                                          {
                                            "k": "onPreviousClick",
                                            "v": "widget.datasource.prevItem();\napp.datasources.MyButtons.properties.selectedCategoryKey \u003d widget.datasource.item._key;\napp.datasources.MyButtons.load(function () {\n \n});"
                                          },
                                          {
                                            "k": "onNextClick",
                                            "v": "widget.datasource.nextItem();\napp.datasources.MyButtons.properties.selectedCategoryKey \u003d widget.datasource.item._key;\napp.datasources.MyButtons.load(function () {\n \n});"
                                          },
                                          {
                                            "k": "bindings",
                                            "v": {
                                              "list": [
                                                {
                                                  "sourceExpression": "previousEnabled",
                                                  "targetExpression": "(!@datasource.firstPage || @datasource.itemIndex \u003e 0) \u0026\u0026 !@datasource.loading \u0026\u0026 !@datasource.creating",
                                                  "targetLiteralExpression": "(!@datasource.firstPage || @datasource.itemIndex \u003e 0) \u0026\u0026 !@datasource.loading \u0026\u0026 !@datasource.creating",
                                                  "type": "BindingInfo"
                                                },
                                                {
                                                  "sourceExpression": "nextEnabled",
                                                  "targetExpression": "(!@datasource.lastPage || (@datasource.itemIndex \u003c @datasource.items.length - 1)) \u0026\u0026 !@datasource.loading \u0026\u0026 !@datasource.creating",
                                                  "targetLiteralExpression": "(!@datasource.lastPage || (@datasource.itemIndex \u003c @datasource.items.length - 1)) \u0026\u0026 !@datasource.loading \u0026\u0026 !@datasource.creating",
                                                  "type": "BindingInfo"
                                                },
                                                {
                                                  "sourceExpression": "text",
                                                  "targetExpression": "@datasource.loading || @datasource.items.length \u003d\u003d 0 ? \"\" : ((@widget.datasource.itemIndex + 1) + (@datasource.query.pageIndex - 1) * @datasource.query.pageSize + \" of \" + (@widget.datasource.lastPage ? @datasource.items.length + (@datasource.query.pageIndex - 1) * @datasource.query.pageSize : \"many\"))",
                                                  "targetLiteralExpression": "@datasource.loading || @datasource.items.length \u003d\u003d 0 ? \"\" : ((@widget.datasource.itemIndex + 1) + (@datasource.query.pageIndex - 1) * @datasource.query.pageSize + \" of \" + (@widget.datasource.lastPage ? @datasource.items.length + (@datasource.query.pageIndex - 1) * @datasource.query.pageSize : \"many\"))",
                                                  "type": "BindingInfo"
                                                }
                                              ],
                                              "type": "List[BindingInfo]"
                                            }
                                          },
                                          {
                                            "k": "name",
                                            "v": "Form1Pager"
                                          },
                                          {
                                            "k": "suffixName",
                                            "v": "Pager"
                                          },
                                          {
                                            "k": "text",
                                            "v": "@expr"
                                          }
                                        ],
                                        "type": "ComponentInfo"
                                      }
                                    ],
                                    "type": "List[ComponentInfo]"
                                  }
                                }
                              ],
                              "type": "ComponentInfo"
                            }
                          ],
                          "type": "List[ComponentInfo]"
                        }
                      },
                      {
                        "k": "top",
                        "v": 0
                      },
                      {
                        "k": "left",
                        "v": 0
                      },
                      {
                        "k": "autoWidth",
                        "v": true
                      },
                      {
                        "k": "align",
                        "v": "stretch"
                      }
                    ],
                    "type": "ComponentInfo"
                  }
                ],
                "type": "List[ComponentInfo]"
              }
            },
            {
              "k": "bindings",
              "v": {
                "list": [{
                  "sourceExpression": "_dataSource",
                  "targetExpression": "@datasources.oKObr28MXpAR1sK8AZ8kItZfa4ZyoohD",
                  "targetLiteralExpression": "@datasources.MyCategories",
                  "type": "BindingInfo"
                }],
                "type": "List[BindingInfo]"
              }
            }
          ],
          "type": "ComponentInfo"
        }],
        "type": "List[ComponentInfo]"
      }
    },
    {
      "k": "name",
      "v": "MyEditCategories"
    },
    {
      "k": "top",
      "v": 4
    },
    {
      "k": "left",
      "v": 4
    },
    {
      "k": "height",
      "v": 960
    },
    {
      "k": "width",
      "v": 960
    },
    {
      "k": "vertical",
      "v": "top"
    },
    {
      "k": "hasGlass",
      "v": true
    },
    {
      "k": "createChildrenOnInit",
      "v": "ON_LOAD"
    }
  ],
  "type": "ComponentInfo"
}