{
  "class": "PopupOverlay",
  "customPropertyDescriptions": [
    {
      "category": "Custom Properties",
      "deprecated": false,
      "designTime": false,
      "experimental": false,
      "hidden": false,
      "key": "Y72s3nDa",
      "name": "HelpTitle",
      "persisted": true,
      "readonly": false,
      "type": "String"
    },
    {
      "category": "Custom Properties",
      "deprecated": false,
      "designTime": false,
      "experimental": false,
      "hidden": false,
      "key": "fIu84tGh",
      "name": "HelpDescription",
      "persisted": true,
      "readonly": false,
      "type": "String"
    }
  ],
  "customPropertyValues": {
    "name": "CustomProperties",
    "properties": [
      {
        "name": "Y72s3nDa",
        "value": {
          "isNull": true,
          "type": "String"
        }
      },
      {
        "name": "fIu84tGh",
        "value": {
          "isNull": true,
          "type": "String"
        }
      }
    ],
    "type": "PropertyMap[CustomProperties]"
  },
  "key": "SYtEmNw81lRZdAREXarIOnyopH2SHYBo",
  "permission": {
    "name": "canRead",
    "type": "compoundEveryone"
  },
  "propList": [
    {
      "k": "styleMap",
      "v": {
        "name": "styleMap",
        "properties": [],
        "type": "PropertyMap[styleMap]"
      }
    },
    {
      "k": "children",
      "v": {
        "list": [{
          "class": "PopupContent",
          "key": "0_2042526192",
          "propList": [
            {
              "k": "styleMap",
              "v": {
                "name": "styleMap",
                "properties": [],
                "type": "PropertyMap[styleMap]"
              }
            },
            {
              "k": "width",
              "v": 400
            },
            {
              "k": "height",
              "v": 200
            },
            {
              "k": "name",
              "v": "Content"
            },
            {
              "k": "autoHeight",
              "v": true
            },
            {
              "k": "minHeight",
              "v": 200
            },
            {
              "k": "layout",
              "v": "vertical"
            },
            {
              "k": "onLoad",
              "v": "widget.getElement().setAttribute(\"role\", \"dialog\");\nwidget.getElement().setAttribute(\"aria-labelledby\", \"notificationDialogTitle\");\n widget.getElement().setAttribute(\"aria-describedby\", \"confirmationDialogDescription\");\n"
            },
            {
              "k": "children",
              "v": {
                "list": [
                  {
                    "class": "Panel",
                    "key": "0_1102751498",
                    "propList": [
                      {
                        "k": "styleMap",
                        "v": {
                          "name": "styleMap",
                          "properties": [],
                          "type": "PropertyMap[styleMap]"
                        }
                      },
                      {
                        "k": "width",
                        "v": 200
                      },
                      {
                        "k": "height",
                        "v": 200
                      },
                      {
                        "k": "name",
                        "v": "Header"
                      },
                      {
                        "k": "autoHeight",
                        "v": true
                      },
                      {
                        "k": "autoWidth",
                        "v": true
                      },
                      {
                        "k": "layout",
                        "v": "horizontal"
                      },
                      {
                        "k": "justify",
                        "v": "spaceBetween"
                      },
                      {
                        "k": "align",
                        "v": "stretch"
                      },
                      {
                        "k": "styles",
                        "v": {
                          "list": ["header-panel"],
                          "type": "List[String]"
                        }
                      },
                      {
                        "k": "children",
                        "v": {
                          "list": [{
                            "class": "SimpleLabel",
                            "key": "0_288289333",
                            "propList": [
                              {
                                "k": "styleMap",
                                "v": {
                                  "name": "styleMap",
                                  "properties": [],
                                  "type": "PropertyMap[styleMap]"
                                }
                              },
                              {
                                "k": "width",
                                "v": 100
                              },
                              {
                                "k": "height",
                                "v": 20
                              },
                              {
                                "k": "name",
                                "v": "NotificationTitle"
                              },
                              {
                                "k": "autoWidth",
                                "v": true
                              },
                              {
                                "k": "autoHeight",
                                "v": true
                              },
                              {
                                "k": "text",
                                "v": "This is a notification header"
                              },
                              {
                                "k": "variant",
                                "v": "Regular"
                              },
                              {
                                "k": "styles",
                                "v": {
                                  "list": ["title"],
                                  "type": "List[String]"
                                }
                              },
                              {
                                "k": "grow",
                                "v": 1
                              },
                              {
                                "k": "onLoad",
                                "v": "widget.getElement().setAttribute(\"id\", \"notificationDialogTitle\");\n"
                              },
                              {
                                "k": "bindings",
                                "v": {
                                  "list": [{
                                    "sourceExpression": "text",
                                    "targetExpression": "@properties.Y72s3nDa",
                                    "targetLiteralExpression": "@properties.HelpTitle",
                                    "type": "BindingInfo"
                                  }],
                                  "type": "List[BindingInfo]"
                                }
                              }
                            ],
                            "type": "ComponentInfo"
                          }],
                          "type": "List[ComponentInfo]"
                        }
                      }
                    ],
                    "type": "ComponentInfo"
                  },
                  {
                    "class": "Panel",
                    "key": "0_148693170",
                    "propList": [
                      {
                        "k": "styleMap",
                        "v": {
                          "name": "styleMap",
                          "properties": [],
                          "type": "PropertyMap[styleMap]"
                        }
                      },
                      {
                        "k": "width",
                        "v": 200
                      },
                      {
                        "k": "height",
                        "v": 200
                      },
                      {
                        "k": "name",
                        "v": "Body"
                      },
                      {
                        "k": "autoHeight",
                        "v": true
                      },
                      {
                        "k": "autoWidth",
                        "v": true
                      },
                      {
                        "k": "grow",
                        "v": 1
                      },
                      {
                        "k": "layout",
                        "v": "horizontal"
                      },
                      {
                        "k": "justify",
                        "v": "spaceBetween"
                      },
                      {
                        "k": "align",
                        "v": "stretch"
                      },
                      {
                        "k": "styles",
                        "v": {
                          "list": ["body-panel"],
                          "type": "List[String]"
                        }
                      },
                      {
                        "k": "children",
                        "v": {
                          "list": [{
                            "class": "SimpleLabel",
                            "key": "0_956180350",
                            "propList": [
                              {
                                "k": "styleMap",
                                "v": {
                                  "name": "styleMap",
                                  "properties": [],
                                  "type": "PropertyMap[styleMap]"
                                }
                              },
                              {
                                "k": "width",
                                "v": 100
                              },
                              {
                                "k": "height",
                                "v": 20
                              },
                              {
                                "k": "name",
                                "v": "NotificationDescriptionName"
                              },
                              {
                                "k": "autoWidth",
                                "v": true
                              },
                              {
                                "k": "autoHeight",
                                "v": true
                              },
                              {
                                "k": "text",
                                "v": "You can specify some description text here."
                              },
                              {
                                "k": "variant",
                                "v": "Regular"
                              },
                              {
                                "k": "styles",
                                "v": {
                                  "list": ["text"],
                                  "type": "List[String]"
                                }
                              },
                              {
                                "k": "grow",
                                "v": 1
                              },
                              {
                                "k": "onLoad",
                                "v": "widget.getElement().setAttribute(\"id\", \"notificationDialogDescription\");"
                              },
                              {
                                "k": "bindings",
                                "v": {
                                  "list": [{
                                    "sourceExpression": "text",
                                    "targetExpression": "@properties.fIu84tGh",
                                    "targetLiteralExpression": "@properties.HelpDescription",
                                    "type": "BindingInfo"
                                  }],
                                  "type": "List[BindingInfo]"
                                }
                              }
                            ],
                            "type": "ComponentInfo"
                          }],
                          "type": "List[ComponentInfo]"
                        }
                      }
                    ],
                    "type": "ComponentInfo"
                  },
                  {
                    "class": "Panel",
                    "key": "0_1394970820",
                    "propList": [
                      {
                        "k": "styleMap",
                        "v": {
                          "name": "styleMap",
                          "properties": [],
                          "type": "PropertyMap[styleMap]"
                        }
                      },
                      {
                        "k": "width",
                        "v": 200
                      },
                      {
                        "k": "height",
                        "v": 200
                      },
                      {
                        "k": "name",
                        "v": "Footer"
                      },
                      {
                        "k": "autoHeight",
                        "v": true
                      },
                      {
                        "k": "autoWidth",
                        "v": true
                      },
                      {
                        "k": "layout",
                        "v": "horizontal"
                      },
                      {
                        "k": "justify",
                        "v": "end"
                      },
                      {
                        "k": "alignChildren",
                        "v": "center"
                      },
                      {
                        "k": "align",
                        "v": "stretch"
                      },
                      {
                        "k": "styles",
                        "v": {
                          "list": ["footer-panel"],
                          "type": "List[String]"
                        }
                      },
                      {
                        "k": "children",
                        "v": {
                          "list": [{
                            "class": "SimpleButton",
                            "key": "0_550469456",
                            "propList": [
                              {
                                "k": "styleMap",
                                "v": {
                                  "name": "styleMap",
                                  "properties": [],
                                  "type": "PropertyMap[styleMap]"
                                }
                              },
                              {
                                "k": "width",
                                "v": 92
                              },
                              {
                                "k": "height",
                                "v": 36
                              },
                              {
                                "k": "name",
                                "v": "ExitNotificationName"
                              },
                              {
                                "k": "autoWidth",
                                "v": true
                              },
                              {
                                "k": "autoHeight",
                                "v": true
                              },
                              {
                                "k": "text",
                                "v": "Got it!"
                              },
                              {
                                "k": "variant",
                                "v": "FlatColor"
                              },
                              {
                                "k": "styles",
                                "v": {
                                  "list": ["footer-button"],
                                  "type": "List[String]"
                                }
                              },
                              {
                                "k": "action",
                                "v": "// GENERATED CODE: Add your action below.\nwidget.root.visible \u003d false;\n"
                              }
                            ],
                            "type": "ComponentInfo"
                          }],
                          "type": "List[ComponentInfo]"
                        }
                      }
                    ],
                    "type": "ComponentInfo"
                  }
                ],
                "type": "List[ComponentInfo]"
              }
            }
          ],
          "type": "ComponentInfo"
        }],
        "type": "List[ComponentInfo]"
      }
    },
    {
      "k": "name",
      "v": "NotificationDialog"
    },
    {
      "k": "clickOutsideToClose",
      "v": true
    },
    {
      "k": "animation",
      "v": "fromTop"
    },
    {
      "k": "top",
      "v": 4
    },
    {
      "k": "left",
      "v": 4
    },
    {
      "k": "height",
      "v": 960
    },
    {
      "k": "width",
      "v": 960
    },
    {
      "k": "pageCss",
      "v": ".header-panel {\n  padding-bottom: 16px;\n  margin: 24px 24px 0 24px;\n}\n.title {\n  font-size: 20px;\n}\n.body-panel {\n  padding: 4px 0;\n  margin: 0 24px;\n}\n.text {\n  font-size: 14px;\n}\n.footer-panel {\n  padding: 8px 0;\n}\n.footer-button {\n  margin-right: 8px;\n}\n"
    },
    {
      "k": "vertical",
      "v": "top"
    },
    {
      "k": "createChildrenOnInit",
      "v": "ON_LOAD"
    }
  ],
  "type": "ComponentInfo"
}