{
  "class": "PopupOverlay",
  "key": "0_1957548737",
  "permission": {
    "name": "canRead",
    "type": "compoundEveryone"
  },
  "propList": [
    {
      "k": "styleMap",
      "v": {
        "name": "styleMap",
        "properties": [],
        "type": "PropertyMap[styleMap]"
      }
    },
    {
      "k": "children",
      "v": {
        "list": [{
          "class": "PopupContent",
          "key": "1_1074768475",
          "propList": [
            {
              "k": "styleMap",
              "v": {
                "name": "styleMap",
                "properties": [
                  {
                    "name": "margin-right",
                    "value": "20px"
                  },
                  {
                    "name": "margin-top",
                    "value": "4px"
                  },
                  {
                    "name": "margin-bottom",
                    "value": "4px"
                  }
                ],
                "type": "PropertyMap[styleMap]"
              }
            },
            {
              "k": "width",
              "v": 260
            },
            {
              "k": "height",
              "v": 168
            },
            {
              "k": "name",
              "v": "Content"
            },
            {
              "k": "layout",
              "v": "vertical"
            },
            {
              "k": "children",
              "v": {
                "list": [{
                  "class": "ListPanel",
                  "key": "0_762532798",
                  "propList": [
                    {
                      "k": "styleMap",
                      "v": {
                        "name": "styleMap",
                        "properties": [],
                        "type": "PropertyMap[styleMap]"
                      }
                    },
                    {
                      "k": "prototype",
                      "v": {
                        "appKey": "1_1433186395",
                        "type": "AppChildKey"
                      }
                    },
                    {
                      "k": "children",
                      "v": {
                        "list": [{
                          "class": "Panel",
                          "key": "1_1433186395",
                          "propList": [
                            {
                              "k": "styleMap",
                              "v": {
                                "name": "styleMap",
                                "properties": [],
                                "type": "PropertyMap[styleMap]"
                              }
                            },
                            {
                              "k": "height",
                              "v": 40
                            },
                            {
                              "k": "autoWidth",
                              "v": true
                            },
                            {
                              "k": "align",
                              "v": "stretch"
                            },
                            {
                              "k": "name",
                              "v": "List1Row"
                            },
                            {
                              "k": "styleDescriptorName",
                              "v": "ListPanelRow"
                            },
                            {
                              "k": "suffixName",
                              "v": "Row"
                            },
                            {
                              "k": "children",
                              "v": {
                                "list": [{
                                  "class": "SimpleButton",
                                  "key": "2_1798086765",
                                  "propList": [
                                    {
                                      "k": "styleMap",
                                      "v": {
                                        "name": "styleMap",
                                        "properties": [
                                          {
                                            "name": "margin-right",
                                            "value": "3px"
                                          },
                                          {
                                            "name": "margin-top",
                                            "value": "3px"
                                          },
                                          {
                                            "name": "margin-bottom",
                                            "value": "3px"
                                          },
                                          {
                                            "name": "margin-left",
                                            "value": "3px"
                                          }
                                        ],
                                        "type": "PropertyMap[styleMap]"
                                      }
                                    },
                                    {
                                      "k": "width",
                                      "v": 92
                                    },
                                    {
                                      "k": "height",
                                      "v": 36
                                    },
                                    {
                                      "k": "name",
                                      "v": "Button1"
                                    },
                                    {
                                      "k": "left",
                                      "v": 75
                                    },
                                    {
                                      "k": "top",
                                      "v": 3
                                    },
                                    {
                                      "k": "autoWidth",
                                      "v": true
                                    },
                                    {
                                      "k": "autoHeight",
                                      "v": true
                                    },
                                    {
                                      "k": "align",
                                      "v": "stretch"
                                    },
                                    {
                                      "k": "text",
                                      "v": "Students"
                                    },
                                    {
                                      "k": "variant",
                                      "v": "FlatColorDark"
                                    },
                                    {
                                      "k": "action",
                                      "v": "switchContext_(widget, event);"
                                    },
                                    {
                                      "k": "bindings",
                                      "v": {
                                        "list": [
                                          {
                                            "sourceExpression": "text",
                                            "targetExpression": "@datasource.item.Fnsl93qKdiR9OeDF",
                                            "targetLiteralExpression": "@datasource.item.Name",
                                            "type": "BindingInfo"
                                          },
                                          {
                                            "sourceExpression": "visible",
                                            "targetExpression": "@datasource.item.Fnsl93qKdiR9OeDF \u003d\u003d\u003d \u0027Super Admin\u0027 ? @user.role.Admins : (@datasource.item.uQntcpXZItixpsl1 || \u0027any\u0027) \u003d\u003d\u003d \u0027any\u0027 ? true : (@datasources.KkOCLd89JbCF9LgFX5pUqKi3mL7J1eIo_default.item.VW0wrQZC28sUooB3 \u003d\u003d @datasource.item.Fnsl93qKdiR9OeDF  || ( (@datasource.item.uQntcpXZItixpsl1).split(\u0027,\u0027).indexOf(@datasources.KkOCLd89JbCF9LgFX5pUqKi3mL7J1eIo_default.item.VW0wrQZC28sUooB3) !\u003d\u003d -1) );",
                                            "targetLiteralExpression": "@datasource.item.Name \u003d\u003d\u003d \u0027Super Admin\u0027 ? @user.role.Admins : (@datasource.item.Allowed || \u0027any\u0027) \u003d\u003d\u003d \u0027any\u0027 ? true : (@datasources.Settings.item.Ou \u003d\u003d @datasource.item.Name  || ( (@datasource.item.Allowed).split(\u0027,\u0027).indexOf(@datasources.Settings.item.Ou) !\u003d\u003d -1) );",
                                            "type": "BindingInfo"
                                          }
                                        ],
                                        "type": "List[BindingInfo]"
                                      }
                                    },
                                    {
                                      "k": "grow",
                                      "v": 0
                                    }
                                  ],
                                  "type": "ComponentInfo"
                                }],
                                "type": "List[ComponentInfo]"
                              }
                            },
                            {
                              "k": "layout",
                              "v": "vertical"
                            },
                            {
                              "k": "autoHeight",
                              "v": true
                            }
                          ],
                          "type": "ComponentInfo"
                        }],
                        "type": "List[ComponentInfo]"
                      }
                    },
                    {
                      "k": "width",
                      "v": 400
                    },
                    {
                      "k": "height",
                      "v": 200
                    },
                    {
                      "k": "name",
                      "v": "List1"
                    },
                    {
                      "k": "left",
                      "v": 0
                    },
                    {
                      "k": "top",
                      "v": 0
                    },
                    {
                      "k": "right",
                      "v": -110
                    },
                    {
                      "k": "bottom",
                      "v": 711
                    },
                    {
                      "k": "autoWidth",
                      "v": true
                    },
                    {
                      "k": "align",
                      "v": "stretch"
                    },
                    {
                      "k": "autoHeight",
                      "v": true
                    },
                    {
                      "k": "grow",
                      "v": 1
                    },
                    {
                      "k": "bindings",
                      "v": {
                        "list": [{
                          "sourceExpression": "_dataSource",
                          "targetExpression": "@datasources.pwiJzcvvFXAsK3Elqj6eRuJsY9t0qEgI_default",
                          "targetLiteralExpression": "@datasources.Audience",
                          "type": "BindingInfo"
                        }],
                        "type": "List[BindingInfo]"
                      }
                    }
                  ],
                  "type": "ComponentInfo"
                }],
                "type": "List[ComponentInfo]"
              }
            },
            {
              "k": "right",
              "v": 700
            },
            {
              "k": "bottom",
              "v": 792
            },
            {
              "k": "autoHeight",
              "v": true
            },
            {
              "k": "autoWidth",
              "v": true
            },
            {
              "k": "grow",
              "v": 0
            },
            {
              "k": "minWidth",
              "v": 100
            }
          ],
          "type": "ComponentInfo"
        }],
        "type": "List[ComponentInfo]"
      }
    },
    {
      "k": "name",
      "v": "SwitchContext"
    },
    {
      "k": "top",
      "v": 4
    },
    {
      "k": "left",
      "v": 4
    },
    {
      "k": "height",
      "v": 960
    },
    {
      "k": "width",
      "v": 960
    },
    {
      "k": "vertical",
      "v": "top"
    },
    {
      "k": "horizontal",
      "v": "right"
    },
    {
      "k": "animation",
      "v": "fromTop"
    },
    {
      "k": "hasGlass",
      "v": true
    },
    {
      "k": "clickOutsideToClose",
      "v": true
    },
    {
      "k": "isRootComponent",
      "v": true
    },
    {
      "k": "pageCss",
      "v": ""
    },
    {
      "k": "escapeToClose",
      "v": true
    },
    {
      "k": "createChildrenOnInit",
      "v": "ON_LOAD"
    }
  ],
  "type": "ComponentInfo"
}