{
  "class": "Panel",
  "customPropertyDescriptions": [
    {
      "category": "Custom Properties",
      "deprecated": false,
      "designTime": false,
      "experimental": false,
      "hidden": false,
      "key": "z1x0XX9h",
      "name": "Title",
      "persisted": true,
      "readonly": false,
      "type": "String"
    },
    {
      "category": "Custom Properties",
      "deprecated": false,
      "designTime": false,
      "experimental": false,
      "hidden": false,
      "key": "sbxMujeQ",
      "name": "Key",
      "persisted": true,
      "readonly": false,
      "type": "String"
    },
    {
      "category": "Custom Properties",
      "deprecated": false,
      "designTime": false,
      "experimental": false,
      "hidden": false,
      "key": "A1Umsv9H",
      "name": "IsSelected",
      "persisted": true,
      "readonly": false,
      "type": "Boolean"
    },
    {
      "category": "Custom Properties",
      "deprecated": false,
      "designTime": false,
      "experimental": false,
      "hidden": false,
      "key": "fpuESrfD",
      "name": "ButtonDataSource",
      "persisted": true,
      "readonly": false,
      "type": "String"
    },
    {
      "category": "Custom Properties",
      "deprecated": false,
      "designTime": false,
      "experimental": false,
      "hidden": false,
      "key": "4gRNaDdV",
      "name": "NotButtonDataSource",
      "persisted": true,
      "readonly": false,
      "type": "String"
    },
    {
      "category": "Custom Properties",
      "deprecated": false,
      "designTime": false,
      "experimental": false,
      "hidden": false,
      "key": "3AZSGhQv",
      "name": "UseIcon",
      "persisted": true,
      "readonly": false,
      "type": "Boolean"
    }
  ],
  "customPropertyValues": {
    "name": "CustomProperties",
    "properties": [
      {
        "name": "z1x0XX9h",
        "value": {
          "isNull": true,
          "type": "String"
        }
      },
      {
        "name": "sbxMujeQ",
        "value": {
          "isNull": true,
          "type": "String"
        }
      },
      {
        "name": "A1Umsv9H",
        "value": {
          "isNull": true,
          "type": "Boolean"
        }
      },
      {
        "name": "fpuESrfD",
        "value": {
          "isNull": true,
          "type": "String"
        }
      },
      {
        "name": "4gRNaDdV",
        "value": {
          "isNull": true,
          "type": "String"
        }
      },
      {
        "name": "3AZSGhQv",
        "value": {
          "isNull": true,
          "type": "Boolean"
        }
      }
    ],
    "type": "PropertyMap[CustomProperties]"
  },
  "key": "dRiee4RTq3ONcsaJbke3wxYjXKlxZFd7",
  "permission": {
    "name": "canRead",
    "type": "compoundEveryone"
  },
  "propList": [
    {
      "k": "styleMap",
      "v": {
        "name": "styleMap",
        "properties": [],
        "type": "PropertyMap[styleMap]"
      }
    },
    {
      "k": "width",
      "v": 110
    },
    {
      "k": "height",
      "v": 55
    },
    {
      "k": "name",
      "v": "Tab"
    },
    {
      "k": "isCustomWidget",
      "v": true
    },
    {
      "k": "top",
      "v": 4
    },
    {
      "k": "left",
      "v": 4
    },
    {
      "k": "layout",
      "v": "horizontal"
    },
    {
      "k": "children",
      "v": {
        "list": [{
          "class": "SimpleButton",
          "key": "0_2047563944",
          "propList": [
            {
              "k": "styleMap",
              "v": {
                "name": "styleMap",
                "properties": [
                  {
                    "name": "padding-top",
                    "value": "8px"
                  },
                  {
                    "name": "padding-bottom",
                    "value": "4px"
                  },
                  {
                    "name": "padding-left",
                    "value": "15px"
                  },
                  {
                    "name": "padding-right",
                    "value": "15px"
                  }
                ],
                "type": "PropertyMap[styleMap]"
              }
            },
            {
              "k": "width",
              "v": 150
            },
            {
              "k": "height",
              "v": 35
            },
            {
              "k": "name",
              "v": "Button1"
            },
            {
              "k": "left",
              "v": 0
            },
            {
              "k": "top",
              "v": 0
            },
            {
              "k": "autoWidth",
              "v": true
            },
            {
              "k": "autoHeight",
              "v": true
            },
            {
              "k": "right",
              "v": 50
            },
            {
              "k": "bottom",
              "v": 50
            },
            {
              "k": "minWidth",
              "v": 50
            },
            {
              "k": "maxHeight",
              "v": 0
            },
            {
              "k": "variant",
              "v": "Tab"
            },
            {
              "k": "bindings",
              "v": {
                "list": [
                  {
                    "sourceExpression": "text",
                    "targetExpression": "@properties.z1x0XX9h",
                    "targetLiteralExpression": "@properties.Title",
                    "type": "BindingInfo"
                  },
                  {
                    "sourceExpression": "styles",
                    "targetExpression": "[@properties.A1Umsv9H ? \u0027selectedTab\u0027 : null, @properties.3AZSGhQv ? \u0027useIcon\u0027 : null];",
                    "targetLiteralExpression": "[@properties.IsSelected ? \u0027selectedTab\u0027 : null, @properties.UseIcon ? \u0027useIcon\u0027 : null];",
                    "type": "BindingInfo"
                  }
                ],
                "type": "List[BindingInfo]"
              }
            },
            {
              "k": "grow",
              "v": 0
            },
            {
              "k": "align",
              "v": "inherited"
            },
            {
              "k": "action",
              "v": "userClickedTab(widget, event);"
            },
            {
              "k": "minHeight",
              "v": 0
            }
          ],
          "type": "ComponentInfo"
        }],
        "type": "List[ComponentInfo]"
      }
    },
    {
      "k": "justify",
      "v": "center"
    },
    {
      "k": "alignChildren",
      "v": "center"
    },
    {
      "k": "wrapAlign",
      "v": "spaceBetween"
    },
    {
      "k": "bindings",
      "v": {
        "list": [{
          "sourceExpression": "_dataSource",
          "targetExpression": "@datasources.dhv6ujpg5XIU4JVElBmDRqYkr2Gmt44J_default",
          "targetLiteralExpression": "@datasources.Categories",
          "type": "BindingInfo"
        }],
        "type": "List[BindingInfo]"
      }
    },
    {
      "k": "pageCss",
      "v": ".app-Button--Tab {\n  background-color: #d13b32; \n  color: #eee;\n  border-radius: 0px;\n  border-bottom: 2px solid #d13b32;\n  font-size: 1.2em;\n  text-transform: inherit;\n}\n.selectedTab {\n  border-bottom: 2px solid #fff; \n}\n.useIcon {\n  font-family: \"Material Icons Extended\";\n  font-feature-settings: \u0027liga\u0027;\n  font-size: 1rem;\n  text-transform: lowercase;\n}"
    }
  ],
  "type": "ComponentInfo"
}