{
  "applicationTimeZone": "Etc/GMT-8",
  "canBeEmbedded": true,
  "cssUrls": [
    "https://use.fontawesome.com/releases/v5.6.3/css/all.css",
    "https://fonts.googleapis.com/css?family\u003dDosis",
    "https://fonts.googleapis.com/css?family\u003dVollkorn",
    "https://s3-us-west-2.amazonaws.com/colors-css/2.2.0/colors.min.css"
  ],
  "enabledMaestroServices": [
    {
      "devConsoleServiceName": "drive",
      "displayName": "Drive API",
      "documentationLink": "https://developers.google.com/apps-script/advanced/drive",
      "identifier": "Drive",
      "maestroServiceName": "drive",
      "version": "v2"
    },
    {
      "devConsoleServiceName": "admin",
      "displayName": "Google Admin Directory API",
      "documentationLink": "https://developers.google.com/apps-script/advanced/admin-sdk-directory",
      "identifier": "AdminDirectory",
      "maestroServiceName": "admin",
      "version": "directory_v1"
    }
  ],
  "executionMode": "USER",
  "globalCss": ".app-Panel--Primary {\n  font-size: 1em;\n  background-color: #d13b32;\n}\n\n.red {\n color: #d13b32; \n}\n\n.bold {\n  font-weight: 500;\n}\n\n.blue {\n color: #0074D9; \n}\n\n.redBackground {\n  background-color: #d13b32;\n  color: white;\n}\n\n.greyBackground {\n  background-color: #F5F5F5 !important;\n}\n\n.darkgreyBackground {\n  background-color: #bbb !important;\n}\n\n@media (max-width: 1040px) {\n  .hide680 {\n    display: none; \n  }\n  .display680 {\n    display: flex; \n  }\n}\n\n@media (min-width: 1040px) {\n  .display680 {\n    display: none; \n  }\n}\n\n@media (max-width: 1040px) {\n  .wrapper {\n    flex-direction: column !important;\n  }\n  .button-wrapper {\n     flex-direction: column !important; \n  }\n}",
  "groups": [],
  "initialViewKey": "0sPdJgjoyQcGCLnd87XAN7tdie6JHxmi",
  "libraries": ["https://code.jquery.com/jquery-3.3.1.min.js"],
  "onAppStart": "onAppLoad(loader);",
  "templateKey": "sqlTemplate.blank"
}