{
  "databaseId": "SPECKLE",
  "events": [],
  "joinTableName": "ButtonSet_Has_Buttons",
  "joinTablePkColumns": [],
  "key": "pWEsEyzRCoU2rxajyPTpNmkiTDjrfyN5",
  "owner": "NONE",
  "permission": {
    "name": "CanModifyAssociations",
    "type": "inherited"
  },
  "relationSubtype": "joinTableRelation",
  "sourceArity": "MANY",
  "sourceForeignKeyColumn": "ButtonSet_fk",
  "sourceModelKey": "pwiJzcvvFXAsK3Elqj6eRuJsY9t0qEgI",
  "sourceName": "Audience",
  "sourceSortAscending": true,
  "targetArity": "MANY",
  "targetForeignKeyColumn": "Buttons_fk",
  "targetModelKey": "wLPKz9QQjLX2R7BUmSxri7uzCzbZZHE2",
  "targetName": "Buttons",
  "targetSortAscending": true
}