{
  "databaseId": "SPECKLE",
  "events": [],
  "key": "mLmqcTYu0HdenOzEJzsRaQpJ29zpZcOs",
  "owner": "NONE",
  "permission": {
    "name": "CanModifyAssociations",
    "type": "inherited"
  },
  "relationSubtype": "foreignKeyRelation",
  "sourceArity": "MANY",
  "sourceForeignKeyColumn": "kNTFjt1QFqcoIJeT",
  "sourceModelKey": "wLPKz9QQjLX2R7BUmSxri7uzCzbZZHE2",
  "sourceName": "Buttons",
  "sourceSortAscending": true,
  "targetArity": "ONE",
  "targetModelKey": "dhv6ujpg5XIU4JVElBmDRqYkr2Gmt44J",
  "targetName": "Categories",
  "targetSortAscending": true
}