{
  "databaseId": "SPECKLE",
  "events": [],
  "joinTableName": "Categories_Has_Audience",
  "joinTablePkColumns": [],
  "key": "5PoT21LvxcGDn4dmGcMioDk2eqwwJWPw",
  "owner": "NONE",
  "permission": {
    "name": "CanModifyAssociations",
    "type": "inherited"
  },
  "relationSubtype": "joinTableRelation",
  "sourceArity": "MANY",
  "sourceForeignKeyColumn": "Categories_fk",
  "sourceModelKey": "dhv6ujpg5XIU4JVElBmDRqYkr2Gmt44J",
  "sourceName": "Categories",
  "sourceSortAscending": true,
  "targetArity": "MANY",
  "targetForeignKeyColumn": "Audience_fk",
  "targetModelKey": "pwiJzcvvFXAsK3Elqj6eRuJsY9t0qEgI",
  "targetName": "Audience",
  "targetSortAscending": true
}