{
  "class": "PopupOverlay",
  "key": "HIO4OIqTXO6G0jjfYi8187HOlXd01jpU",
  "permission": {
    "name": "canRead",
    "type": "compoundEveryone"
  },
  "propList": [
    {
      "k": "styleMap",
      "v": {
        "name": "styleMap",
        "properties": [],
        "type": "PropertyMap[styleMap]"
      }
    },
    {
      "k": "children",
      "v": {
        "list": [{
          "class": "PopupContent",
          "key": "0_1000046649",
          "propList": [
            {
              "k": "styleMap",
              "v": {
                "name": "styleMap",
                "properties": [],
                "type": "PropertyMap[styleMap]"
              }
            },
            {
              "k": "width",
              "v": 400
            },
            {
              "k": "height",
              "v": 200
            },
            {
              "k": "name",
              "v": "Content"
            },
            {
              "k": "autoHeight",
              "v": true
            },
            {
              "k": "minHeight",
              "v": 200
            },
            {
              "k": "layout",
              "v": "vertical"
            },
            {
              "k": "onLoad",
              "v": "widget.getElement().setAttribute(\"role\", \"dialog\");\nwidget.getElement().setAttribute(\"aria-labelledby\", \"confirmationDialogTitle\");\nwidget.getElement().setAttribute(\"aria-describedby\", \"confirmationDialogDescription\");\n"
            },
            {
              "k": "children",
              "v": {
                "list": [
                  {
                    "class": "Panel",
                    "key": "0_486389388",
                    "propList": [
                      {
                        "k": "styleMap",
                        "v": {
                          "name": "styleMap",
                          "properties": [],
                          "type": "PropertyMap[styleMap]"
                        }
                      },
                      {
                        "k": "width",
                        "v": 200
                      },
                      {
                        "k": "height",
                        "v": 200
                      },
                      {
                        "k": "name",
                        "v": "Header"
                      },
                      {
                        "k": "autoHeight",
                        "v": true
                      },
                      {
                        "k": "autoWidth",
                        "v": true
                      },
                      {
                        "k": "layout",
                        "v": "horizontal"
                      },
                      {
                        "k": "justify",
                        "v": "spaceBetween"
                      },
                      {
                        "k": "align",
                        "v": "stretch"
                      },
                      {
                        "k": "styles",
                        "v": {
                          "list": ["header-panel"],
                          "type": "List[String]"
                        }
                      },
                      {
                        "k": "children",
                        "v": {
                          "list": [{
                            "class": "SimpleLabel",
                            "key": "0_1812465191",
                            "propList": [
                              {
                                "k": "styleMap",
                                "v": {
                                  "name": "styleMap",
                                  "properties": [],
                                  "type": "PropertyMap[styleMap]"
                                }
                              },
                              {
                                "k": "width",
                                "v": 100
                              },
                              {
                                "k": "height",
                                "v": 20
                              },
                              {
                                "k": "name",
                                "v": "ConfirmationTitle"
                              },
                              {
                                "k": "autoWidth",
                                "v": true
                              },
                              {
                                "k": "autoHeight",
                                "v": true
                              },
                              {
                                "k": "text",
                                "v": "You have edited or added without saving."
                              },
                              {
                                "k": "variant",
                                "v": "Regular"
                              },
                              {
                                "k": "styles",
                                "v": {
                                  "list": ["title"],
                                  "type": "List[String]"
                                }
                              },
                              {
                                "k": "grow",
                                "v": 1
                              },
                              {
                                "k": "onLoad",
                                "v": "widget.getElement().setAttribute(\"id\", \"confirmationDialogTitle\");\n"
                              }
                            ],
                            "type": "ComponentInfo"
                          }],
                          "type": "List[ComponentInfo]"
                        }
                      }
                    ],
                    "type": "ComponentInfo"
                  },
                  {
                    "class": "Panel",
                    "key": "0_239237028",
                    "propList": [
                      {
                        "k": "styleMap",
                        "v": {
                          "name": "styleMap",
                          "properties": [],
                          "type": "PropertyMap[styleMap]"
                        }
                      },
                      {
                        "k": "width",
                        "v": 200
                      },
                      {
                        "k": "height",
                        "v": 200
                      },
                      {
                        "k": "name",
                        "v": "Body"
                      },
                      {
                        "k": "autoHeight",
                        "v": true
                      },
                      {
                        "k": "autoWidth",
                        "v": true
                      },
                      {
                        "k": "grow",
                        "v": 1
                      },
                      {
                        "k": "layout",
                        "v": "horizontal"
                      },
                      {
                        "k": "justify",
                        "v": "spaceBetween"
                      },
                      {
                        "k": "align",
                        "v": "stretch"
                      },
                      {
                        "k": "styles",
                        "v": {
                          "list": ["body-panel"],
                          "type": "List[String]"
                        }
                      },
                      {
                        "k": "children",
                        "v": {
                          "list": [{
                            "class": "SimpleLabel",
                            "key": "0_496133786",
                            "propList": [
                              {
                                "k": "styleMap",
                                "v": {
                                  "name": "styleMap",
                                  "properties": [],
                                  "type": "PropertyMap[styleMap]"
                                }
                              },
                              {
                                "k": "width",
                                "v": 100
                              },
                              {
                                "k": "height",
                                "v": 20
                              },
                              {
                                "k": "name",
                                "v": "ConfirmationText"
                              },
                              {
                                "k": "autoWidth",
                                "v": true
                              },
                              {
                                "k": "autoHeight",
                                "v": true
                              },
                              {
                                "k": "text",
                                "v": "If you dismiss, you will lose changes. Or you can return and save your changes."
                              },
                              {
                                "k": "variant",
                                "v": "Regular"
                              },
                              {
                                "k": "styles",
                                "v": {
                                  "list": ["text"],
                                  "type": "List[String]"
                                }
                              },
                              {
                                "k": "grow",
                                "v": 1
                              },
                              {
                                "k": "onLoad",
                                "v": "widget.getElement().setAttribute(\"id\", \"confirmationDialogDescription\");\n"
                              }
                            ],
                            "type": "ComponentInfo"
                          }],
                          "type": "List[ComponentInfo]"
                        }
                      }
                    ],
                    "type": "ComponentInfo"
                  },
                  {
                    "class": "Panel",
                    "key": "0_486208875",
                    "propList": [
                      {
                        "k": "styleMap",
                        "v": {
                          "name": "styleMap",
                          "properties": [],
                          "type": "PropertyMap[styleMap]"
                        }
                      },
                      {
                        "k": "width",
                        "v": 200
                      },
                      {
                        "k": "height",
                        "v": 200
                      },
                      {
                        "k": "name",
                        "v": "Footer"
                      },
                      {
                        "k": "autoHeight",
                        "v": true
                      },
                      {
                        "k": "autoWidth",
                        "v": true
                      },
                      {
                        "k": "layout",
                        "v": "horizontal"
                      },
                      {
                        "k": "justify",
                        "v": "end"
                      },
                      {
                        "k": "alignChildren",
                        "v": "center"
                      },
                      {
                        "k": "align",
                        "v": "stretch"
                      },
                      {
                        "k": "styles",
                        "v": {
                          "list": ["footer-panel"],
                          "type": "List[String]"
                        }
                      },
                      {
                        "k": "children",
                        "v": {
                          "list": [
                            {
                              "class": "SimpleButton",
                              "key": "0_1219022962",
                              "propList": [
                                {
                                  "k": "styleMap",
                                  "v": {
                                    "name": "styleMap",
                                    "properties": [],
                                    "type": "PropertyMap[styleMap]"
                                  }
                                },
                                {
                                  "k": "width",
                                  "v": 92
                                },
                                {
                                  "k": "height",
                                  "v": 36
                                },
                                {
                                  "k": "name",
                                  "v": "CancelButton"
                                },
                                {
                                  "k": "autoWidth",
                                  "v": true
                                },
                                {
                                  "k": "autoHeight",
                                  "v": true
                                },
                                {
                                  "k": "text",
                                  "v": "Return"
                                },
                                {
                                  "k": "variant",
                                  "v": "FlatColor"
                                },
                                {
                                  "k": "styles",
                                  "v": {
                                    "list": ["footer-button"],
                                    "type": "List[String]"
                                  }
                                },
                                {
                                  "k": "action",
                                  "v": "// GENERATED CODE: Add your action below.\nwidget.root.visible \u003d false;\napp.popups.EditAddDailyNotice.visible \u003d true;"
                                }
                              ],
                              "type": "ComponentInfo"
                            },
                            {
                              "class": "SimpleButton",
                              "key": "0_111446598",
                              "propList": [
                                {
                                  "k": "styleMap",
                                  "v": {
                                    "name": "styleMap",
                                    "properties": [],
                                    "type": "PropertyMap[styleMap]"
                                  }
                                },
                                {
                                  "k": "width",
                                  "v": 92
                                },
                                {
                                  "k": "height",
                                  "v": 36
                                },
                                {
                                  "k": "name",
                                  "v": "ConfirmButton"
                                },
                                {
                                  "k": "autoWidth",
                                  "v": true
                                },
                                {
                                  "k": "autoHeight",
                                  "v": true
                                },
                                {
                                  "k": "text",
                                  "v": "Dismiss and forget changes"
                                },
                                {
                                  "k": "variant",
                                  "v": "FlatColor"
                                },
                                {
                                  "k": "styles",
                                  "v": {
                                    "list": ["footer-button"],
                                    "type": "List[String]"
                                  }
                                },
                                {
                                  "k": "action",
                                  "v": "// GENERATED CODE: Add your action below.\nwidget.root.visible \u003d false;\napp.popups.EditAddDailyNotice.visible \u003d false;\nwidget.datasource.clearChanges();"
                                }
                              ],
                              "type": "ComponentInfo"
                            }
                          ],
                          "type": "List[ComponentInfo]"
                        }
                      }
                    ],
                    "type": "ComponentInfo"
                  }
                ],
                "type": "List[ComponentInfo]"
              }
            },
            {
              "k": "bindings",
              "v": {
                "list": [{
                  "sourceExpression": "_dataSource",
                  "targetExpression": "@datasources.KZNHVPaRQtw94UfSsBFi4LCV8oeHbfnU",
                  "targetLiteralExpression": "@datasources.MyNotices",
                  "type": "BindingInfo"
                }],
                "type": "List[BindingInfo]"
              }
            }
          ],
          "type": "ComponentInfo"
        }],
        "type": "List[ComponentInfo]"
      }
    },
    {
      "k": "name",
      "v": "ConfirmationDialog"
    },
    {
      "k": "hasGlass",
      "v": true
    },
    {
      "k": "escapeToClose",
      "v": false
    },
    {
      "k": "navigateToClose",
      "v": false
    },
    {
      "k": "animation",
      "v": "fade"
    },
    {
      "k": "top",
      "v": 4
    },
    {
      "k": "left",
      "v": 4
    },
    {
      "k": "height",
      "v": 960
    },
    {
      "k": "width",
      "v": 960
    },
    {
      "k": "pageCss",
      "v": ".header-panel {\n  padding-bottom: 16px;\n  margin: 24px 24px 0 24px;\n}\n.title {\n  font-size: 20px;\n}\n.body-panel {\n  padding: 4px 0;\n  margin: 0 24px;\n}\n.text {\n  font-size: 14px;\n}\n.footer-panel {\n  padding: 8px 0;\n}\n.footer-button {\n  margin-right: 8px;\n}\n"
    }
  ],
  "type": "ComponentInfo"
}