{
  "class": "Panel",
  "customPropertyDescriptions": [{
    "category": "Custom Properties",
    "deprecated": false,
    "designTime": false,
    "experimental": false,
    "hidden": false,
    "key": "Y5sWNY5Z",
    "name": "Adjective",
    "persisted": true,
    "readonly": false,
    "type": "String"
  }],
  "customPropertyValues": {
    "name": "CustomProperties",
    "properties": [{
      "name": "Y5sWNY5Z",
      "value": {
        "isNull": true,
        "type": "String"
      }
    }],
    "type": "PropertyMap[CustomProperties]"
  },
  "key": "hi5VPO1uz6FMjCRXadoqPxuHtqjF4mvH",
  "permission": {
    "name": "canRead",
    "type": "compoundEveryone"
  },
  "propList": [
    {
      "k": "styleMap",
      "v": {
        "name": "styleMap",
        "properties": [
          {
            "name": "padding-top",
            "value": "0px"
          },
          {
            "name": "padding-bottom",
            "value": "0px"
          },
          {
            "name": "padding-left",
            "value": "0px"
          },
          {
            "name": "padding-right",
            "value": "0px"
          }
        ],
        "type": "PropertyMap[styleMap]"
      }
    },
    {
      "k": "width",
      "v": 887
    },
    {
      "k": "height",
      "v": 66
    },
    {
      "k": "name",
      "v": "Header"
    },
    {
      "k": "isCustomWidget",
      "v": true
    },
    {
      "k": "top",
      "v": 4
    },
    {
      "k": "left",
      "v": 4
    },
    {
      "k": "variant",
      "v": "Background"
    },
    {
      "k": "children",
      "v": {
        "list": [{
          "class": "Panel",
          "key": "0_518022756",
          "propList": [
            {
              "k": "styleMap",
              "v": {
                "name": "styleMap",
                "properties": [
                  {
                    "name": "padding-top",
                    "value": "5px"
                  },
                  {
                    "name": "padding-bottom",
                    "value": "5px"
                  },
                  {
                    "name": "padding-left",
                    "value": "16px"
                  },
                  {
                    "name": "padding-right",
                    "value": "16px"
                  }
                ],
                "type": "PropertyMap[styleMap]"
              }
            },
            {
              "k": "width",
              "v": 200
            },
            {
              "k": "height",
              "v": 400
            },
            {
              "k": "layout",
              "v": "horizontal"
            },
            {
              "k": "name",
              "v": "Panel3"
            },
            {
              "k": "left",
              "v": 0
            },
            {
              "k": "top",
              "v": 0
            },
            {
              "k": "autoWidth",
              "v": true
            },
            {
              "k": "autoHeight",
              "v": true
            },
            {
              "k": "align",
              "v": "inherited"
            },
            {
              "k": "children",
              "v": {
                "list": [
                  {
                    "class": "Panel",
                    "key": "0_1508336242",
                    "propList": [
                      {
                        "k": "styleMap",
                        "v": {
                          "name": "styleMap",
                          "properties": [],
                          "type": "PropertyMap[styleMap]"
                        }
                      },
                      {
                        "k": "width",
                        "v": 400
                      },
                      {
                        "k": "height",
                        "v": 200
                      },
                      {
                        "k": "layout",
                        "v": "horizontal"
                      },
                      {
                        "k": "name",
                        "v": "Panel1"
                      },
                      {
                        "k": "left",
                        "v": 1
                      },
                      {
                        "k": "top",
                        "v": 14
                      },
                      {
                        "k": "autoWidth",
                        "v": true
                      },
                      {
                        "k": "autoHeight",
                        "v": true
                      },
                      {
                        "k": "align",
                        "v": "stretch"
                      },
                      {
                        "k": "variant",
                        "v": "Transparent"
                      },
                      {
                        "k": "children",
                        "v": {
                          "list": [{
                            "class": "SimpleLabel",
                            "key": "0_1936540232",
                            "propList": [
                              {
                                "k": "styleMap",
                                "v": {
                                  "name": "styleMap",
                                  "properties": [
                                    {
                                      "name": "margin-left",
                                      "value": "5px"
                                    },
                                    {
                                      "name": "margin-right",
                                      "value": "15px"
                                    }
                                  ],
                                  "type": "PropertyMap[styleMap]"
                                }
                              },
                              {
                                "k": "width",
                                "v": 100
                              },
                              {
                                "k": "height",
                                "v": 20
                              },
                              {
                                "k": "name",
                                "v": "Label1"
                              },
                              {
                                "k": "left",
                                "v": 0
                              },
                              {
                                "k": "top",
                                "v": 0
                              },
                              {
                                "k": "autoWidth",
                                "v": true
                              },
                              {
                                "k": "autoHeight",
                                "v": true
                              },
                              {
                                "k": "text",
                                "v": "Daily Notices"
                              },
                              {
                                "k": "variant",
                                "v": "Headline"
                              },
                              {
                                "k": "bindings",
                                "v": {
                                  "list": [],
                                  "type": "List[BindingInfo]"
                                }
                              }
                            ],
                            "type": "ComponentInfo"
                          }],
                          "type": "List[ComponentInfo]"
                        }
                      },
                      {
                        "k": "alignChildren",
                        "v": "center"
                      },
                      {
                        "k": "styles",
                        "v": {
                          "list": [],
                          "type": "List[String]"
                        }
                      }
                    ],
                    "type": "ComponentInfo"
                  },
                  {
                    "class": "Panel",
                    "key": "0_229170129",
                    "propList": [
                      {
                        "k": "styleMap",
                        "v": {
                          "name": "styleMap",
                          "properties": [],
                          "type": "PropertyMap[styleMap]"
                        }
                      },
                      {
                        "k": "width",
                        "v": 400
                      },
                      {
                        "k": "height",
                        "v": 200
                      },
                      {
                        "k": "layout",
                        "v": "horizontal"
                      },
                      {
                        "k": "name",
                        "v": "Panel5"
                      },
                      {
                        "k": "left",
                        "v": 0
                      },
                      {
                        "k": "top",
                        "v": 0
                      },
                      {
                        "k": "autoWidth",
                        "v": true
                      },
                      {
                        "k": "autoHeight",
                        "v": true
                      },
                      {
                        "k": "align",
                        "v": "stretch"
                      },
                      {
                        "k": "variant",
                        "v": "Transparent"
                      },
                      {
                        "k": "children",
                        "v": {
                          "list": [{
                            "class": "Panel",
                            "key": "0_1320953454",
                            "propList": [
                              {
                                "k": "styleMap",
                                "v": {
                                  "name": "styleMap",
                                  "properties": [],
                                  "type": "PropertyMap[styleMap]"
                                }
                              },
                              {
                                "k": "width",
                                "v": 400
                              },
                              {
                                "k": "height",
                                "v": 200
                              },
                              {
                                "k": "layout",
                                "v": "horizontal"
                              },
                              {
                                "k": "name",
                                "v": "Panel2"
                              },
                              {
                                "k": "left",
                                "v": 1
                              },
                              {
                                "k": "top",
                                "v": 1
                              },
                              {
                                "k": "autoWidth",
                                "v": true
                              },
                              {
                                "k": "autoHeight",
                                "v": true
                              },
                              {
                                "k": "align",
                                "v": "stretch"
                              },
                              {
                                "k": "variant",
                                "v": "Transparent"
                              },
                              {
                                "k": "children",
                                "v": {
                                  "list": [
                                    {
                                      "class": "SimpleButton",
                                      "key": "0_811023482",
                                      "propList": [
                                        {
                                          "k": "styleMap",
                                          "v": {
                                            "name": "styleMap",
                                            "properties": [],
                                            "type": "PropertyMap[styleMap]"
                                          }
                                        },
                                        {
                                          "k": "width",
                                          "v": 92
                                        },
                                        {
                                          "k": "height",
                                          "v": 36
                                        },
                                        {
                                          "k": "name",
                                          "v": "Button4"
                                        },
                                        {
                                          "k": "left",
                                          "v": 0
                                        },
                                        {
                                          "k": "top",
                                          "v": 0
                                        },
                                        {
                                          "k": "autoWidth",
                                          "v": true
                                        },
                                        {
                                          "k": "autoHeight",
                                          "v": true
                                        },
                                        {
                                          "k": "text",
                                          "v": "add_circle_outline"
                                        },
                                        {
                                          "k": "variant",
                                          "v": "IconDark"
                                        },
                                        {
                                          "k": "action",
                                          "v": "var popup;\npopup \u003d app.popups.EditAddDailyNotice;\npopup.visible \u003d true;\napp.datasources.MyNotices.createItem(function() {\n  app.popups.EditAddDailyNotice.properties.Creating \u003d true;\n  popup.root.descendants.NoticeTitle.focus();\n});"
                                        },
                                        {
                                          "k": "title",
                                          "v": "Add New Notice"
                                        }
                                      ],
                                      "type": "ComponentInfo"
                                    },
                                    {
                                      "class": "SimpleButton",
                                      "key": "0_77017134",
                                      "propList": [
                                        {
                                          "k": "styleMap",
                                          "v": {
                                            "name": "styleMap",
                                            "properties": [],
                                            "type": "PropertyMap[styleMap]"
                                          }
                                        },
                                        {
                                          "k": "width",
                                          "v": 92
                                        },
                                        {
                                          "k": "height",
                                          "v": 36
                                        },
                                        {
                                          "k": "name",
                                          "v": "Button3"
                                        },
                                        {
                                          "k": "left",
                                          "v": 0
                                        },
                                        {
                                          "k": "top",
                                          "v": 0
                                        },
                                        {
                                          "k": "autoWidth",
                                          "v": true
                                        },
                                        {
                                          "k": "autoHeight",
                                          "v": true
                                        },
                                        {
                                          "k": "text",
                                          "v": "perm_identity"
                                        },
                                        {
                                          "k": "variant",
                                          "v": "IconDark"
                                        },
                                        {
                                          "k": "action",
                                          "v": "var popup;\npopup \u003d app.popups.EditAddDailyNotice;\npopup.visible \u003d true;\napp.datasources.MyNotices.load(function () {\n  app.datasources.MyNotices.selectIndex(app.datasources.MyNotices.items.length-1);\n  app.popups.EditAddDailyNotice.properties.Creating \u003d false;\n  popup.root.descendants.NoticeTitle.focus();\n});"
                                        },
                                        {
                                          "k": "title",
                                          "v": "View My Notices"
                                        }
                                      ],
                                      "type": "ComponentInfo"
                                    },
                                    {
                                      "class": "SimpleButton",
                                      "key": "0_1012543741",
                                      "propList": [
                                        {
                                          "k": "styleMap",
                                          "v": {
                                            "name": "styleMap",
                                            "properties": [],
                                            "type": "PropertyMap[styleMap]"
                                          }
                                        },
                                        {
                                          "k": "width",
                                          "v": 92
                                        },
                                        {
                                          "k": "height",
                                          "v": 36
                                        },
                                        {
                                          "k": "name",
                                          "v": "Button1"
                                        },
                                        {
                                          "k": "left",
                                          "v": 0
                                        },
                                        {
                                          "k": "top",
                                          "v": 0
                                        },
                                        {
                                          "k": "autoWidth",
                                          "v": true
                                        },
                                        {
                                          "k": "autoHeight",
                                          "v": true
                                        },
                                        {
                                          "k": "variant",
                                          "v": "IconDark"
                                        },
                                        {
                                          "k": "text",
                                          "v": "Search"
                                        },
                                        {
                                          "k": "action",
                                          "v": "app.pages.Main.properties.ShowSearch \u003d !(app.pages.Main.properties.ShowSearch)\napp.datasources.TheseNotices.properties.SelectField \u003d \u0027Content\u0027;\napp.pages.Main.descendants.ContentCheckbox.value \u003d true;\napp.pages.Main.descendants.AuthorCheckbox.value \u003d false;\napp.pages.Main.descendants.TitleCheckbox.value \u003d false;"
                                        },
                                        {
                                          "k": "title",
                                          "v": "Show Search Bar"
                                        }
                                      ],
                                      "type": "ComponentInfo"
                                    },
                                    {
                                      "class": "SimpleButton",
                                      "key": "0_1848543060",
                                      "propList": [
                                        {
                                          "k": "styleMap",
                                          "v": {
                                            "name": "styleMap",
                                            "properties": [],
                                            "type": "PropertyMap[styleMap]"
                                          }
                                        },
                                        {
                                          "k": "width",
                                          "v": 92
                                        },
                                        {
                                          "k": "height",
                                          "v": 36
                                        },
                                        {
                                          "k": "name",
                                          "v": "Button2"
                                        },
                                        {
                                          "k": "left",
                                          "v": 9
                                        },
                                        {
                                          "k": "top",
                                          "v": 2
                                        },
                                        {
                                          "k": "autoWidth",
                                          "v": true
                                        },
                                        {
                                          "k": "autoHeight",
                                          "v": true
                                        },
                                        {
                                          "k": "text",
                                          "v": "help"
                                        },
                                        {
                                          "k": "variant",
                                          "v": "IconDark"
                                        }
                                      ],
                                      "type": "ComponentInfo"
                                    }
                                  ],
                                  "type": "List[ComponentInfo]"
                                }
                              },
                              {
                                "k": "alignChildren",
                                "v": "center"
                              }
                            ],
                            "type": "ComponentInfo"
                          }],
                          "type": "List[ComponentInfo]"
                        }
                      }
                    ],
                    "type": "ComponentInfo"
                  }
                ],
                "type": "List[ComponentInfo]"
              }
            },
            {
              "k": "variant",
              "v": "Primary"
            },
            {
              "k": "grow",
              "v": 1
            },
            {
              "k": "justify",
              "v": "spaceBetween"
            },
            {
              "k": "styles",
              "v": {
                "list": ["red"],
                "type": "List[String]"
              }
            }
          ],
          "type": "ComponentInfo"
        }],
        "type": "List[ComponentInfo]"
      }
    },
    {
      "k": "layout",
      "v": "horizontal"
    },
    {
      "k": "justify",
      "v": "spaceBetween"
    },
    {
      "k": "alignChildren",
      "v": "center"
    },
    {
      "k": "wrapAlign",
      "v": "start"
    }
  ],
  "type": "ComponentInfo"
}