{
  "class": "PopupOverlay",
  "customPropertyDescriptions": [{
    "category": "Custom Properties",
    "deprecated": false,
    "designTime": false,
    "experimental": false,
    "hidden": false,
    "key": "d31c9rvi",
    "name": "Text",
    "persisted": true,
    "readonly": false,
    "type": "String"
  }],
  "customPropertyValues": {
    "name": "CustomProperties",
    "properties": [{
      "name": "d31c9rvi",
      "value": {
        "isNull": true,
        "type": "String"
      }
    }],
    "type": "PropertyMap[CustomProperties]"
  },
  "key": "1QXSCogegdmZ59SBIrurn1pByb2mY2Zo",
  "permission": {
    "name": "canRead",
    "type": "compoundEveryone"
  },
  "propList": [
    {
      "k": "styleMap",
      "v": {
        "name": "styleMap",
        "properties": [],
        "type": "PropertyMap[styleMap]"
      }
    },
    {
      "k": "children",
      "v": {
        "list": [{
          "class": "PopupContent",
          "key": "0_1008298760",
          "propList": [
            {
              "k": "styleMap",
              "v": {
                "name": "styleMap",
                "properties": [],
                "type": "PropertyMap[styleMap]"
              }
            },
            {
              "k": "width",
              "v": 400
            },
            {
              "k": "height",
              "v": 200
            },
            {
              "k": "name",
              "v": "Content"
            },
            {
              "k": "autoWidth",
              "v": true
            },
            {
              "k": "autoHeight",
              "v": true
            },
            {
              "k": "layout",
              "v": "horizontal"
            },
            {
              "k": "variant",
              "v": "Flat"
            },
            {
              "k": "alignChildren",
              "v": "center"
            },
            {
              "k": "maxWidth",
              "v": 568
            },
            {
              "k": "grow",
              "v": 1
            },
            {
              "k": "onLoad",
              "v": "app.accessibility.announce(widget.descendants.SnackbarText.text);\n"
            },
            {
              "k": "children",
              "v": {
                "list": [{
                  "class": "SimpleLabel",
                  "key": "0_1381435303",
                  "propList": [
                    {
                      "k": "styleMap",
                      "v": {
                        "name": "styleMap",
                        "properties": [],
                        "type": "PropertyMap[styleMap]"
                      }
                    },
                    {
                      "k": "width",
                      "v": 100
                    },
                    {
                      "k": "height",
                      "v": 20
                    },
                    {
                      "k": "name",
                      "v": "SnackbarText"
                    },
                    {
                      "k": "autoWidth",
                      "v": true
                    },
                    {
                      "k": "autoHeight",
                      "v": true
                    },
                    {
                      "k": "text",
                      "v": "This is a snackbar notification"
                    },
                    {
                      "k": "grow",
                      "v": 1
                    },
                    {
                      "k": "styles",
                      "v": {
                        "list": ["text"],
                        "type": "List[String]"
                      }
                    },
                    {
                      "k": "bindings",
                      "v": {
                        "list": [{
                          "sourceExpression": "text",
                          "targetExpression": "@properties.d31c9rvi",
                          "targetLiteralExpression": "@properties.Text",
                          "type": "BindingInfo"
                        }],
                        "type": "List[BindingInfo]"
                      }
                    }
                  ],
                  "type": "ComponentInfo"
                }],
                "type": "List[ComponentInfo]"
              }
            },
            {
              "k": "styles",
              "v": {
                "list": ["panel"],
                "type": "List[String]"
              }
            }
          ],
          "type": "ComponentInfo"
        }],
        "type": "List[ComponentInfo]"
      }
    },
    {
      "k": "name",
      "v": "InformSnackbar"
    },
    {
      "k": "vertical",
      "v": "bottom"
    },
    {
      "k": "navigateToClose",
      "v": false
    },
    {
      "k": "animation",
      "v": "fromBottom"
    },
    {
      "k": "top",
      "v": 4
    },
    {
      "k": "left",
      "v": 4
    },
    {
      "k": "height",
      "v": 960
    },
    {
      "k": "width",
      "v": 960
    },
    {
      "k": "pageCss",
      "v": ".panel {\n  background-color: rgb(66, 66, 66);\n  border-radius: 2px;\n  color: white;\n  padding: 14px 24px;\n}\n.text {\n  color: white;\n  font-size: 14px;\n}\n.close-button {\n  margin-left: 24px;\n}\n.close-button:focus {\n  color: white;\n}\n"
    }
  ],
  "type": "ComponentInfo"
}