{
  "class": "PopupOverlay",
  "key": "atLwPDNL3nmGj3t27RsOGhIXDDUhYsR9",
  "permission": {
    "name": "canRead",
    "type": "compoundEveryone"
  },
  "propList": [
    {
      "k": "styleMap",
      "v": {
        "name": "styleMap",
        "properties": [],
        "type": "PropertyMap[styleMap]"
      }
    },
    {
      "k": "children",
      "v": {
        "list": [{
          "class": "PopupContent",
          "key": "0_374339918",
          "propList": [
            {
              "k": "styleMap",
              "v": {
                "name": "styleMap",
                "properties": [
                  {
                    "name": "margin-top",
                    "value": "3px"
                  },
                  {
                    "name": "margin-bottom",
                    "value": "3px"
                  },
                  {
                    "name": "margin-left",
                    "value": "3px"
                  },
                  {
                    "name": "margin-right",
                    "value": "3px"
                  },
                  {
                    "name": "padding-top",
                    "value": "3px"
                  },
                  {
                    "name": "padding-bottom",
                    "value": "3px"
                  },
                  {
                    "name": "padding-left",
                    "value": "3px"
                  },
                  {
                    "name": "padding-right",
                    "value": "3px"
                  }
                ],
                "type": "PropertyMap[styleMap]"
              }
            },
            {
              "k": "width",
              "v": 400
            },
            {
              "k": "height",
              "v": 200
            },
            {
              "k": "name",
              "v": "Content"
            },
            {
              "k": "children",
              "v": {
                "list": [{
                  "class": "Panel",
                  "key": "0_462614145",
                  "propList": [
                    {
                      "k": "styleMap",
                      "v": {
                        "name": "styleMap",
                        "properties": [
                          {
                            "name": "margin-top",
                            "value": {
                              "isNull": true,
                              "type": "String"
                            }
                          },
                          {
                            "name": "margin-left",
                            "value": {
                              "isNull": true,
                              "type": "String"
                            }
                          },
                          {
                            "name": "padding-left",
                            "value": "5px"
                          },
                          {
                            "name": "padding-right",
                            "value": "5px"
                          },
                          {
                            "name": "padding-top",
                            "value": "20px"
                          },
                          {
                            "name": "padding-bottom",
                            "value": "20px"
                          }
                        ],
                        "type": "PropertyMap[styleMap]"
                      }
                    },
                    {
                      "k": "width",
                      "v": 400
                    },
                    {
                      "k": "height",
                      "v": 400
                    },
                    {
                      "k": "layout",
                      "v": "horizontal"
                    },
                    {
                      "k": "name",
                      "v": "Panel1"
                    },
                    {
                      "k": "left",
                      "v": 0
                    },
                    {
                      "k": "top",
                      "v": 0
                    },
                    {
                      "k": "right",
                      "v": 540
                    },
                    {
                      "k": "bottom",
                      "v": 83
                    },
                    {
                      "k": "autoWidth",
                      "v": true
                    },
                    {
                      "k": "align",
                      "v": "inherited"
                    },
                    {
                      "k": "autoHeight",
                      "v": true
                    },
                    {
                      "k": "children",
                      "v": {
                        "list": [{
                          "class": "CustomComponent_Jb6JLdILCa8gWAuvFnVZ7OuqB8513DH3",
                          "customPropertyDescriptions": [
                            {
                              "category": "Custom Properties",
                              "deprecated": false,
                              "designTime": false,
                              "experimental": false,
                              "hidden": false,
                              "key": "KUuAT4vA",
                              "name": "Title",
                              "persisted": true,
                              "readonly": false,
                              "type": "String"
                            },
                            {
                              "category": "Custom Properties",
                              "deprecated": false,
                              "designTime": false,
                              "experimental": false,
                              "hidden": false,
                              "key": "1WhKZDEw",
                              "name": "Content",
                              "persisted": true,
                              "readonly": false,
                              "type": "String"
                            },
                            {
                              "category": "Custom Properties",
                              "deprecated": false,
                              "designTime": false,
                              "experimental": false,
                              "hidden": false,
                              "key": "42L3v68h",
                              "name": "IsStudentNotice",
                              "persisted": true,
                              "readonly": false,
                              "type": "Boolean"
                            },
                            {
                              "category": "Custom Properties",
                              "deprecated": false,
                              "designTime": false,
                              "experimental": false,
                              "hidden": false,
                              "key": "hpwpmTcv",
                              "name": "IsParentNotice",
                              "persisted": true,
                              "readonly": false,
                              "type": "Boolean"
                            },
                            {
                              "category": "Custom Properties",
                              "deprecated": false,
                              "designTime": false,
                              "experimental": false,
                              "hidden": false,
                              "key": "RjhzyLcT",
                              "name": "IsStaffNotice",
                              "persisted": true,
                              "readonly": false,
                              "type": "Boolean"
                            },
                            {
                              "category": "Custom Properties",
                              "deprecated": false,
                              "designTime": false,
                              "experimental": false,
                              "hidden": false,
                              "key": "WPe7aAwK",
                              "name": "DigestPresent",
                              "persisted": true,
                              "readonly": false,
                              "type": "Boolean"
                            },
                            {
                              "category": "Custom Properties",
                              "deprecated": false,
                              "designTime": false,
                              "experimental": false,
                              "hidden": false,
                              "key": "u0mgQXtA",
                              "name": "DigestContent",
                              "persisted": true,
                              "readonly": false,
                              "type": "String"
                            },
                            {
                              "category": "Custom Properties",
                              "deprecated": false,
                              "designTime": false,
                              "experimental": false,
                              "hidden": false,
                              "key": "eV3IMlTP",
                              "name": "NewProperty",
                              "persisted": true,
                              "readonly": false,
                              "type": "String"
                            }
                          ],
                          "customPropertyValues": {
                            "name": "CustomProperties",
                            "properties": [
                              {
                                "name": "KUuAT4vA",
                                "value": {
                                  "isNull": true,
                                  "type": "String"
                                }
                              },
                              {
                                "name": "1WhKZDEw",
                                "value": {
                                  "isNull": true,
                                  "type": "String"
                                }
                              },
                              {
                                "name": "42L3v68h",
                                "value": {
                                  "isNull": true,
                                  "type": "Boolean"
                                }
                              },
                              {
                                "name": "hpwpmTcv",
                                "value": {
                                  "isNull": true,
                                  "type": "Boolean"
                                }
                              },
                              {
                                "name": "RjhzyLcT",
                                "value": {
                                  "isNull": true,
                                  "type": "Boolean"
                                }
                              },
                              {
                                "name": "WPe7aAwK",
                                "value": {
                                  "isNull": true,
                                  "type": "Boolean"
                                }
                              },
                              {
                                "name": "u0mgQXtA",
                                "value": {
                                  "isNull": true,
                                  "type": "String"
                                }
                              },
                              {
                                "name": "eV3IMlTP",
                                "value": {
                                  "isNull": true,
                                  "type": "String"
                                }
                              }
                            ],
                            "type": "PropertyMap[CustomProperties]"
                          },
                          "key": "0_896209146",
                          "propList": [
                            {
                              "k": "styleMap",
                              "v": {
                                "name": "styleMap",
                                "properties": [
                                  {
                                    "name": "margin-top",
                                    "value": {
                                      "isNull": true,
                                      "type": "String"
                                    }
                                  },
                                  {
                                    "name": "padding-top",
                                    "value": {
                                      "isNull": true,
                                      "type": "String"
                                    }
                                  }
                                ],
                                "type": "PropertyMap[styleMap]"
                              }
                            },
                            {
                              "k": "customWidgetKey",
                              "v": {
                                "appKey": "Jb6JLdILCa8gWAuvFnVZ7OuqB8513DH3",
                                "type": "AppChildKey"
                              }
                            },
                            {
                              "k": "width",
                              "v": 500
                            },
                            {
                              "k": "height",
                              "v": 62
                            },
                            {
                              "k": "name",
                              "v": "NoticeFragment1"
                            },
                            {
                              "k": "left",
                              "v": 1
                            },
                            {
                              "k": "top",
                              "v": 1
                            },
                            {
                              "k": "right",
                              "v": -127
                            },
                            {
                              "k": "bottom",
                              "v": 69
                            },
                            {
                              "k": "bindings",
                              "v": {
                                "list": [
                                  {
                                    "sourceExpression": "properties.1WhKZDEw",
                                    "targetExpression": "@datasource.item.VSaUEGwfVkfCE3xt",
                                    "targetLiteralExpression": "@datasource.item.Content",
                                    "type": "BindingInfo"
                                  },
                                  {
                                    "sourceExpression": "properties.KUuAT4vA",
                                    "targetExpression": "@datasource.item.fdPBAckZXEwDMwuU",
                                    "targetLiteralExpression": "@datasource.item.Title",
                                    "type": "BindingInfo"
                                  },
                                  {
                                    "sourceExpression": "properties.42L3v68h",
                                    "targetExpression": "(@datasource.item._cDu1i8xjF91HZnAC5GPLkZAQyX28OmmI..s7GSQ9btIIo1Tmzk).indexOf(\u0027Students\u0027) !\u003d -1;",
                                    "targetLiteralExpression": "(@datasource.item.Audience..Name).indexOf(\u0027Students\u0027) !\u003d -1;",
                                    "type": "BindingInfo"
                                  },
                                  {
                                    "sourceExpression": "properties.hpwpmTcv",
                                    "targetExpression": "(@datasource.item._cDu1i8xjF91HZnAC5GPLkZAQyX28OmmI..s7GSQ9btIIo1Tmzk).indexOf(\u0027Parents\u0027) !\u003d -1;",
                                    "targetLiteralExpression": "(@datasource.item.Audience..Name).indexOf(\u0027Parents\u0027) !\u003d -1;",
                                    "type": "BindingInfo"
                                  },
                                  {
                                    "sourceExpression": "properties.RjhzyLcT",
                                    "targetExpression": "(@datasource.item._cDu1i8xjF91HZnAC5GPLkZAQyX28OmmI..s7GSQ9btIIo1Tmzk).indexOf(\u0027Staff\u0027) !\u003d -1;",
                                    "targetLiteralExpression": "(@datasource.item.Audience..Name).indexOf(\u0027Staff\u0027) !\u003d -1;",
                                    "type": "BindingInfo"
                                  },
                                  {
                                    "sourceExpression": "properties.eV3IMlTP",
                                    "targetExpression": "@datasource.item.UKfacR75K1gCCENo",
                                    "targetLiteralExpression": "@datasource.item.Owner",
                                    "type": "BindingInfo"
                                  },
                                  {
                                    "sourceExpression": "properties.yg6ky7St",
                                    "targetExpression": "@datasource.item.pMOXYCtiYGyuC9aL",
                                    "targetLiteralExpression": "@datasource.item.StartsOn",
                                    "type": "BindingInfo"
                                  },
                                  {
                                    "sourceExpression": "properties.zUNlJJdF",
                                    "targetExpression": "@datasource.item.xW6nPMgI411JtpUF",
                                    "targetLiteralExpression": "@datasource.item.EndsOn",
                                    "type": "BindingInfo"
                                  }
                                ],
                                "type": "List[BindingInfo]"
                              }
                            },
                            {
                              "k": "autoWidth",
                              "v": true
                            },
                            {
                              "k": "autoHeight",
                              "v": true
                            },
                            {
                              "k": "align",
                              "v": "stretch"
                            },
                            {
                              "k": "grow",
                              "v": 1
                            }
                          ],
                          "type": "ComponentInfo"
                        }],
                        "type": "List[ComponentInfo]"
                      }
                    },
                    {
                      "k": "styles",
                      "v": {
                        "list": [],
                        "type": "List[String]"
                      }
                    },
                    {
                      "k": "minWidth",
                      "v": 400
                    }
                  ],
                  "type": "ComponentInfo"
                }],
                "type": "List[ComponentInfo]"
              }
            },
            {
              "k": "layout",
              "v": "vertical"
            },
            {
              "k": "autoWidth",
              "v": true
            },
            {
              "k": "autoHeight",
              "v": true
            },
            {
              "k": "bindings",
              "v": {
                "list": [{
                  "sourceExpression": "_dataSource",
                  "targetExpression": "@datasources.OX97XxpFhd2bE5vYSjDEoI3heIt2Rcdg_default",
                  "targetLiteralExpression": "@datasources.AllNotices",
                  "type": "BindingInfo"
                }],
                "type": "List[BindingInfo]"
              }
            },
            {
              "k": "styles",
              "v": {
                "list": [
                  "box",
                  "bordered"
                ],
                "type": "List[String]"
              }
            },
            {
              "k": "variant",
              "v": "Menu"
            },
            {
              "k": "maxWidth",
              "v": 600
            }
          ],
          "type": "ComponentInfo"
        }],
        "type": "List[ComponentInfo]"
      }
    },
    {
      "k": "name",
      "v": "NoticePopup"
    },
    {
      "k": "top",
      "v": 4
    },
    {
      "k": "left",
      "v": 4
    },
    {
      "k": "height",
      "v": 960
    },
    {
      "k": "width",
      "v": 960
    },
    {
      "k": "hasGlass",
      "v": true
    },
    {
      "k": "clickOutsideToClose",
      "v": true
    },
    {
      "k": "animation",
      "v": "fade"
    }
  ],
  "type": "ComponentInfo"
}