{
  "class": "Panel",
  "customPropertyDescriptions": [
    {
      "category": "Custom Properties",
      "deprecated": false,
      "designTime": false,
      "experimental": false,
      "hidden": false,
      "key": "KUuAT4vA",
      "name": "Title",
      "persisted": true,
      "readonly": false,
      "type": "String"
    },
    {
      "category": "Custom Properties",
      "deprecated": false,
      "designTime": false,
      "experimental": false,
      "hidden": false,
      "key": "1WhKZDEw",
      "name": "Content",
      "persisted": true,
      "readonly": false,
      "type": "String"
    },
    {
      "category": "Custom Properties",
      "deprecated": false,
      "designTime": false,
      "experimental": false,
      "hidden": false,
      "key": "42L3v68h",
      "name": "IsStudentNotice",
      "persisted": true,
      "readonly": false,
      "type": "Boolean"
    },
    {
      "category": "Custom Properties",
      "deprecated": false,
      "designTime": false,
      "experimental": false,
      "hidden": false,
      "key": "hpwpmTcv",
      "name": "IsParentNotice",
      "persisted": true,
      "readonly": false,
      "type": "Boolean"
    },
    {
      "category": "Custom Properties",
      "deprecated": false,
      "designTime": false,
      "experimental": false,
      "hidden": false,
      "key": "RjhzyLcT",
      "name": "IsStaffNotice",
      "persisted": true,
      "readonly": false,
      "type": "Boolean"
    },
    {
      "category": "Custom Properties",
      "deprecated": false,
      "designTime": false,
      "experimental": false,
      "hidden": false,
      "key": "WPe7aAwK",
      "name": "DigestPresent",
      "persisted": true,
      "readonly": false,
      "type": "Boolean"
    },
    {
      "category": "Custom Properties",
      "deprecated": false,
      "designTime": false,
      "experimental": false,
      "hidden": false,
      "key": "u0mgQXtA",
      "name": "DigestContent",
      "persisted": true,
      "readonly": false,
      "type": "String"
    },
    {
      "category": "Custom Properties",
      "deprecated": false,
      "designTime": false,
      "experimental": false,
      "hidden": false,
      "key": "eV3IMlTP",
      "name": "Owner",
      "persisted": true,
      "readonly": false,
      "type": "String"
    },
    {
      "category": "Custom Properties",
      "deprecated": false,
      "designTime": false,
      "experimental": false,
      "hidden": false,
      "key": "O8037YlT",
      "name": "DigestMode",
      "persisted": true,
      "readonly": false,
      "type": "Boolean"
    },
    {
      "category": "Custom Properties",
      "deprecated": false,
      "designTime": false,
      "experimental": false,
      "hidden": false,
      "key": "yg6ky7St",
      "name": "StartDate",
      "persisted": true,
      "readonly": false,
      "type": "Date"
    },
    {
      "category": "Custom Properties",
      "deprecated": false,
      "designTime": false,
      "experimental": false,
      "hidden": false,
      "key": "zUNlJJdF",
      "name": "EndDate",
      "persisted": true,
      "readonly": false,
      "type": "Date"
    },
    {
      "category": "Custom Properties",
      "deprecated": false,
      "designTime": false,
      "experimental": false,
      "hidden": false,
      "key": "VE02yWK5",
      "name": "IsNew",
      "persisted": true,
      "readonly": false,
      "type": "Boolean"
    }
  ],
  "customPropertyValues": {
    "name": "CustomProperties",
    "properties": [
      {
        "name": "KUuAT4vA",
        "value": {
          "isNull": true,
          "type": "String"
        }
      },
      {
        "name": "1WhKZDEw",
        "value": {
          "isNull": true,
          "type": "String"
        }
      },
      {
        "name": "42L3v68h",
        "value": {
          "isNull": true,
          "type": "Boolean"
        }
      },
      {
        "name": "hpwpmTcv",
        "value": {
          "isNull": true,
          "type": "Boolean"
        }
      },
      {
        "name": "RjhzyLcT",
        "value": {
          "isNull": true,
          "type": "Boolean"
        }
      },
      {
        "name": "WPe7aAwK",
        "value": {
          "isNull": true,
          "type": "Boolean"
        }
      },
      {
        "name": "u0mgQXtA",
        "value": {
          "isNull": true,
          "type": "String"
        }
      },
      {
        "name": "eV3IMlTP",
        "value": {
          "isNull": true,
          "type": "String"
        }
      },
      {
        "name": "O8037YlT",
        "value": {
          "isNull": true,
          "type": "Boolean"
        }
      },
      {
        "name": "yg6ky7St",
        "value": {
          "isNull": true,
          "type": "Date"
        }
      },
      {
        "name": "zUNlJJdF",
        "value": {
          "isNull": true,
          "type": "Date"
        }
      },
      {
        "name": "VE02yWK5",
        "value": {
          "isNull": true,
          "type": "Boolean"
        }
      }
    ],
    "type": "PropertyMap[CustomProperties]"
  },
  "key": "Jb6JLdILCa8gWAuvFnVZ7OuqB8513DH3",
  "permission": {
    "name": "canRead",
    "type": "compoundEveryone"
  },
  "propList": [
    {
      "k": "styleMap",
      "v": {
        "name": "styleMap",
        "properties": [
          {
            "name": "padding-top",
            "value": "0px"
          },
          {
            "name": "padding-bottom",
            "value": "0px"
          },
          {
            "name": "padding-left",
            "value": "0px"
          },
          {
            "name": "padding-right",
            "value": "0px"
          }
        ],
        "type": "PropertyMap[styleMap]"
      }
    },
    {
      "k": "width",
      "v": 642
    },
    {
      "k": "height",
      "v": 224
    },
    {
      "k": "name",
      "v": "NoticeFragment"
    },
    {
      "k": "isCustomWidget",
      "v": true
    },
    {
      "k": "top",
      "v": 4
    },
    {
      "k": "left",
      "v": 4
    },
    {
      "k": "layout",
      "v": "vertical"
    },
    {
      "k": "children",
      "v": {
        "list": [{
          "class": "Panel",
          "key": "0_1693520034",
          "propList": [
            {
              "k": "styleMap",
              "v": {
                "name": "styleMap",
                "properties": [
                  {
                    "name": "padding-top",
                    "value": {
                      "isNull": true,
                      "type": "String"
                    }
                  },
                  {
                    "name": "padding-left",
                    "value": "15px"
                  },
                  {
                    "name": "padding-right",
                    "value": "15px"
                  }
                ],
                "type": "PropertyMap[styleMap]"
              }
            },
            {
              "k": "width",
              "v": 500
            },
            {
              "k": "height",
              "v": 200
            },
            {
              "k": "layout",
              "v": "vertical"
            },
            {
              "k": "name",
              "v": "BoxPanel"
            },
            {
              "k": "top",
              "v": 0
            },
            {
              "k": "autoWidth",
              "v": true
            },
            {
              "k": "align",
              "v": "stretch"
            },
            {
              "k": "autoHeight",
              "v": true
            },
            {
              "k": "children",
              "v": {
                "list": [
                  {
                    "class": "Panel",
                    "key": "0_54319978",
                    "propList": [
                      {
                        "k": "styleMap",
                        "v": {
                          "name": "styleMap",
                          "properties": [{
                            "name": "margin-bottom",
                            "value": "5px"
                          }],
                          "type": "PropertyMap[styleMap]"
                        }
                      },
                      {
                        "k": "width",
                        "v": 400
                      },
                      {
                        "k": "height",
                        "v": 200
                      },
                      {
                        "k": "layout",
                        "v": "horizontal"
                      },
                      {
                        "k": "name",
                        "v": "Panel1"
                      },
                      {
                        "k": "left",
                        "v": 189
                      },
                      {
                        "k": "top",
                        "v": 1
                      },
                      {
                        "k": "autoWidth",
                        "v": true
                      },
                      {
                        "k": "align",
                        "v": "stretch"
                      },
                      {
                        "k": "autoHeight",
                        "v": true
                      },
                      {
                        "k": "children",
                        "v": {
                          "list": [
                            {
                              "class": "SimpleLabel",
                              "key": "0_216886860",
                              "propList": [
                                {
                                  "k": "styleMap",
                                  "v": {
                                    "name": "styleMap",
                                    "properties": [{
                                      "name": "margin-bottom",
                                      "value": "0px"
                                    }],
                                    "type": "PropertyMap[styleMap]"
                                  }
                                },
                                {
                                  "k": "width",
                                  "v": 100
                                },
                                {
                                  "k": "height",
                                  "v": 20
                                },
                                {
                                  "k": "name",
                                  "v": "Label1"
                                },
                                {
                                  "k": "left",
                                  "v": 246
                                },
                                {
                                  "k": "top",
                                  "v": 5
                                },
                                {
                                  "k": "autoWidth",
                                  "v": true
                                },
                                {
                                  "k": "autoHeight",
                                  "v": true
                                },
                                {
                                  "k": "variant",
                                  "v": "DisplayOne"
                                },
                                {
                                  "k": "bindings",
                                  "v": {
                                    "list": [{
                                      "sourceExpression": "text",
                                      "targetExpression": "@properties.KUuAT4vA",
                                      "targetLiteralExpression": "@properties.Title",
                                      "type": "BindingInfo"
                                    }],
                                    "type": "List[BindingInfo]"
                                  }
                                },
                                {
                                  "k": "grow",
                                  "v": 1
                                },
                                {
                                  "k": "align",
                                  "v": "inherited"
                                }
                              ],
                              "type": "ComponentInfo"
                            },
                            {
                              "class": "Panel",
                              "key": "0_134939382",
                              "propList": [
                                {
                                  "k": "styleMap",
                                  "v": {
                                    "name": "styleMap",
                                    "properties": [],
                                    "type": "PropertyMap[styleMap]"
                                  }
                                },
                                {
                                  "k": "width",
                                  "v": 94
                                },
                                {
                                  "k": "height",
                                  "v": 35
                                },
                                {
                                  "k": "layout",
                                  "v": "horizontal"
                                },
                                {
                                  "k": "name",
                                  "v": "Panel2"
                                },
                                {
                                  "k": "left",
                                  "v": 0
                                },
                                {
                                  "k": "top",
                                  "v": 0
                                },
                                {
                                  "k": "autoWidth",
                                  "v": true
                                },
                                {
                                  "k": "autoHeight",
                                  "v": true
                                },
                                {
                                  "k": "align",
                                  "v": "inherited"
                                },
                                {
                                  "k": "children",
                                  "v": {
                                    "list": [
                                      {
                                        "class": "SimpleLabel",
                                        "key": "0_180520352",
                                        "propList": [
                                          {
                                            "k": "styleMap",
                                            "v": {
                                              "name": "styleMap",
                                              "properties": [
                                                {
                                                  "name": "padding-left",
                                                  "value": "1px"
                                                },
                                                {
                                                  "name": "padding-right",
                                                  "value": "1px"
                                                }
                                              ],
                                              "type": "PropertyMap[styleMap]"
                                            }
                                          },
                                          {
                                            "k": "width",
                                            "v": 100
                                          },
                                          {
                                            "k": "height",
                                            "v": 20
                                          },
                                          {
                                            "k": "name",
                                            "v": "Label2"
                                          },
                                          {
                                            "k": "top",
                                            "v": 1
                                          },
                                          {
                                            "k": "autoWidth",
                                            "v": true
                                          },
                                          {
                                            "k": "autoHeight",
                                            "v": true
                                          },
                                          {
                                            "k": "text",
                                            "v": "face"
                                          },
                                          {
                                            "k": "variant",
                                            "v": "Icon"
                                          },
                                          {
                                            "k": "title",
                                            "v": "Sent to Student Notices"
                                          },
                                          {
                                            "k": "bindings",
                                            "v": {
                                              "list": [{
                                                "sourceExpression": "styles",
                                                "targetExpression": "@properties.42L3v68h ? [\u0027on\u0027] : []",
                                                "targetLiteralExpression": "@properties.IsStudentNotice ? [\u0027on\u0027] : []",
                                                "type": "BindingInfo"
                                              }],
                                              "type": "List[BindingInfo]"
                                            }
                                          },
                                          {
                                            "k": "left",
                                            "v": 0
                                          },
                                          {
                                            "k": "right",
                                            "v": -10
                                          },
                                          {
                                            "k": "bottom",
                                            "v": 14
                                          }
                                        ],
                                        "type": "ComponentInfo"
                                      },
                                      {
                                        "class": "SimpleLabel",
                                        "key": "0_881116057",
                                        "propList": [
                                          {
                                            "k": "styleMap",
                                            "v": {
                                              "name": "styleMap",
                                              "properties": [
                                                {
                                                  "name": "padding-left",
                                                  "value": "1px"
                                                },
                                                {
                                                  "name": "padding-right",
                                                  "value": "1px"
                                                }
                                              ],
                                              "type": "PropertyMap[styleMap]"
                                            }
                                          },
                                          {
                                            "k": "width",
                                            "v": 100
                                          },
                                          {
                                            "k": "height",
                                            "v": 20
                                          },
                                          {
                                            "k": "name",
                                            "v": "Label3"
                                          },
                                          {
                                            "k": "left",
                                            "v": 34
                                          },
                                          {
                                            "k": "top",
                                            "v": 1
                                          },
                                          {
                                            "k": "autoWidth",
                                            "v": true
                                          },
                                          {
                                            "k": "autoHeight",
                                            "v": true
                                          },
                                          {
                                            "k": "text",
                                            "v": "People"
                                          },
                                          {
                                            "k": "variant",
                                            "v": "Icon"
                                          },
                                          {
                                            "k": "title",
                                            "v": "Sent to Parent (Family) Notices"
                                          },
                                          {
                                            "k": "bindings",
                                            "v": {
                                              "list": [{
                                                "sourceExpression": "styles",
                                                "targetExpression": "@properties.hpwpmTcv ? [\u0027on\u0027] : []",
                                                "targetLiteralExpression": "@properties.IsParentNotice ? [\u0027on\u0027] : []",
                                                "type": "BindingInfo"
                                              }],
                                              "type": "List[BindingInfo]"
                                            }
                                          },
                                          {
                                            "k": "right",
                                            "v": -40
                                          },
                                          {
                                            "k": "bottom",
                                            "v": 14
                                          }
                                        ],
                                        "type": "ComponentInfo"
                                      },
                                      {
                                        "class": "SimpleLabel",
                                        "key": "0_821758551",
                                        "propList": [
                                          {
                                            "k": "styleMap",
                                            "v": {
                                              "name": "styleMap",
                                              "properties": [
                                                {
                                                  "name": "padding-left",
                                                  "value": "1px"
                                                },
                                                {
                                                  "name": "padding-right",
                                                  "value": "1px"
                                                }
                                              ],
                                              "type": "PropertyMap[styleMap]"
                                            }
                                          },
                                          {
                                            "k": "width",
                                            "v": 100
                                          },
                                          {
                                            "k": "height",
                                            "v": 20
                                          },
                                          {
                                            "k": "name",
                                            "v": "Label4"
                                          },
                                          {
                                            "k": "top",
                                            "v": 1
                                          },
                                          {
                                            "k": "autoWidth",
                                            "v": true
                                          },
                                          {
                                            "k": "autoHeight",
                                            "v": true
                                          },
                                          {
                                            "k": "text",
                                            "v": "location_city"
                                          },
                                          {
                                            "k": "variant",
                                            "v": "Icon"
                                          },
                                          {
                                            "k": "title",
                                            "v": "Sent to Staff Notices"
                                          },
                                          {
                                            "k": "bindings",
                                            "v": {
                                              "list": [{
                                                "sourceExpression": "styles",
                                                "targetExpression": "@properties.RjhzyLcT ? [\u0027on\u0027] : []",
                                                "targetLiteralExpression": "@properties.IsStaffNotice ? [\u0027on\u0027] : []",
                                                "type": "BindingInfo"
                                              }],
                                              "type": "List[BindingInfo]"
                                            }
                                          },
                                          {
                                            "k": "left",
                                            "v": 63
                                          },
                                          {
                                            "k": "right",
                                            "v": -69
                                          },
                                          {
                                            "k": "bottom",
                                            "v": 14
                                          }
                                        ],
                                        "type": "ComponentInfo"
                                      }
                                    ],
                                    "type": "List[ComponentInfo]"
                                  }
                                },
                                {
                                  "k": "justify",
                                  "v": "end"
                                },
                                {
                                  "k": "alignChildren",
                                  "v": "center"
                                },
                                {
                                  "k": "right",
                                  "v": 0
                                },
                                {
                                  "k": "bottom",
                                  "v": 0
                                },
                                {
                                  "k": "variant",
                                  "v": "Transparent"
                                }
                              ],
                              "type": "ComponentInfo"
                            }
                          ],
                          "type": "List[ComponentInfo]"
                        }
                      },
                      {
                        "k": "justify",
                        "v": "spaceBetween"
                      },
                      {
                        "k": "grow",
                        "v": 0
                      },
                      {
                        "k": "alignChildren",
                        "v": "center"
                      },
                      {
                        "k": "variant",
                        "v": "Transparent"
                      }
                    ],
                    "type": "ComponentInfo"
                  },
                  {
                    "class": "Panel",
                    "key": "0_590530469",
                    "propList": [
                      {
                        "k": "styleMap",
                        "v": {
                          "name": "styleMap",
                          "properties": [{
                            "name": "margin-bottom",
                            "value": "15px"
                          }],
                          "type": "PropertyMap[styleMap]"
                        }
                      },
                      {
                        "k": "width",
                        "v": 400
                      },
                      {
                        "k": "height",
                        "v": 200
                      },
                      {
                        "k": "layout",
                        "v": "vertical"
                      },
                      {
                        "k": "name",
                        "v": "Attribution"
                      },
                      {
                        "k": "left",
                        "v": 0
                      },
                      {
                        "k": "top",
                        "v": 0
                      },
                      {
                        "k": "autoWidth",
                        "v": true
                      },
                      {
                        "k": "align",
                        "v": "stretch"
                      },
                      {
                        "k": "autoHeight",
                        "v": true
                      },
                      {
                        "k": "children",
                        "v": {
                          "list": [
                            {
                              "class": "Panel",
                              "key": "0_1921073872",
                              "propList": [
                                {
                                  "k": "styleMap",
                                  "v": {
                                    "name": "styleMap",
                                    "properties": [],
                                    "type": "PropertyMap[styleMap]"
                                  }
                                },
                                {
                                  "k": "width",
                                  "v": 400
                                },
                                {
                                  "k": "height",
                                  "v": 200
                                },
                                {
                                  "k": "layout",
                                  "v": "horizontal"
                                },
                                {
                                  "k": "name",
                                  "v": "AttrAuthor"
                                },
                                {
                                  "k": "top",
                                  "v": 42
                                },
                                {
                                  "k": "autoWidth",
                                  "v": true
                                },
                                {
                                  "k": "align",
                                  "v": "stretch"
                                },
                                {
                                  "k": "autoHeight",
                                  "v": true
                                },
                                {
                                  "k": "children",
                                  "v": {
                                    "list": [
                                      {
                                        "class": "SimpleLabel",
                                        "key": "0_423674392",
                                        "propList": [
                                          {
                                            "k": "styleMap",
                                            "v": {
                                              "name": "styleMap",
                                              "properties": [{
                                                "name": "margin-left",
                                                "value": "0px"
                                              }],
                                              "type": "PropertyMap[styleMap]"
                                            }
                                          },
                                          {
                                            "k": "width",
                                            "v": 100
                                          },
                                          {
                                            "k": "height",
                                            "v": 20
                                          },
                                          {
                                            "k": "name",
                                            "v": "Label7"
                                          },
                                          {
                                            "k": "left",
                                            "v": 0
                                          },
                                          {
                                            "k": "top",
                                            "v": 0
                                          },
                                          {
                                            "k": "autoWidth",
                                            "v": true
                                          },
                                          {
                                            "k": "autoHeight",
                                            "v": true
                                          },
                                          {
                                            "k": "text",
                                            "v": "by"
                                          },
                                          {
                                            "k": "variant",
                                            "v": "Caption"
                                          }
                                        ],
                                        "type": "ComponentInfo"
                                      },
                                      {
                                        "class": "SimpleLabel",
                                        "key": "0_1815387669",
                                        "propList": [
                                          {
                                            "k": "styleMap",
                                            "v": {
                                              "name": "styleMap",
                                              "properties": [
                                                {
                                                  "name": "margin-bottom",
                                                  "value": "0px"
                                                },
                                                {
                                                  "name": "margin-left",
                                                  "value": "5px"
                                                }
                                              ],
                                              "type": "PropertyMap[styleMap]"
                                            }
                                          },
                                          {
                                            "k": "width",
                                            "v": 100
                                          },
                                          {
                                            "k": "height",
                                            "v": 20
                                          },
                                          {
                                            "k": "name",
                                            "v": "Label5"
                                          },
                                          {
                                            "k": "left",
                                            "v": 0
                                          },
                                          {
                                            "k": "top",
                                            "v": 0
                                          },
                                          {
                                            "k": "autoWidth",
                                            "v": true
                                          },
                                          {
                                            "k": "autoHeight",
                                            "v": true
                                          },
                                          {
                                            "k": "variant",
                                            "v": "Caption"
                                          },
                                          {
                                            "k": "bindings",
                                            "v": {
                                              "list": [{
                                                "sourceExpression": "text",
                                                "targetExpression": "@properties.eV3IMlTP",
                                                "targetLiteralExpression": "@properties.Owner",
                                                "type": "BindingInfo"
                                              }],
                                              "type": "List[BindingInfo]"
                                            }
                                          }
                                        ],
                                        "type": "ComponentInfo"
                                      }
                                    ],
                                    "type": "List[ComponentInfo]"
                                  }
                                },
                                {
                                  "k": "variant",
                                  "v": "Transparent"
                                },
                                {
                                  "k": "left",
                                  "v": 0
                                }
                              ],
                              "type": "ComponentInfo"
                            },
                            {
                              "class": "Panel",
                              "key": "0_210974325",
                              "propList": [
                                {
                                  "k": "styleMap",
                                  "v": {
                                    "name": "styleMap",
                                    "properties": [],
                                    "type": "PropertyMap[styleMap]"
                                  }
                                },
                                {
                                  "k": "width",
                                  "v": 400
                                },
                                {
                                  "k": "height",
                                  "v": 200
                                },
                                {
                                  "k": "layout",
                                  "v": "horizontal"
                                },
                                {
                                  "k": "name",
                                  "v": "AttrDates"
                                },
                                {
                                  "k": "left",
                                  "v": 0
                                },
                                {
                                  "k": "top",
                                  "v": 59
                                },
                                {
                                  "k": "autoWidth",
                                  "v": true
                                },
                                {
                                  "k": "align",
                                  "v": "stretch"
                                },
                                {
                                  "k": "autoHeight",
                                  "v": true
                                },
                                {
                                  "k": "children",
                                  "v": {
                                    "list": [
                                      {
                                        "class": "SimpleLabel",
                                        "key": "7_738668684",
                                        "propList": [
                                          {
                                            "k": "styleMap",
                                            "v": {
                                              "name": "styleMap",
                                              "properties": [{
                                                "name": "margin-left",
                                                "value": "0px"
                                              }],
                                              "type": "PropertyMap[styleMap]"
                                            }
                                          },
                                          {
                                            "k": "width",
                                            "v": 28
                                          },
                                          {
                                            "k": "height",
                                            "v": 15
                                          },
                                          {
                                            "k": "name",
                                            "v": "Label10"
                                          },
                                          {
                                            "k": "left",
                                            "v": 244
                                          },
                                          {
                                            "k": "top",
                                            "v": 0
                                          },
                                          {
                                            "k": "autoWidth",
                                            "v": true
                                          },
                                          {
                                            "k": "autoHeight",
                                            "v": true
                                          },
                                          {
                                            "k": "text",
                                            "v": "from "
                                          },
                                          {
                                            "k": "constrain_left",
                                            "v": true
                                          },
                                          {
                                            "k": "constrain_right",
                                            "v": false
                                          },
                                          {
                                            "k": "constrain_width",
                                            "v": true
                                          },
                                          {
                                            "k": "constrain_minWidth",
                                            "v": false
                                          },
                                          {
                                            "k": "constrain_maxWidth",
                                            "v": false
                                          },
                                          {
                                            "k": "constrain_top",
                                            "v": true
                                          },
                                          {
                                            "k": "constrain_bottom",
                                            "v": false
                                          },
                                          {
                                            "k": "constrain_height",
                                            "v": true
                                          },
                                          {
                                            "k": "constrain_minHeight",
                                            "v": false
                                          },
                                          {
                                            "k": "constrain_maxHeight",
                                            "v": false
                                          },
                                          {
                                            "k": "variant",
                                            "v": "Caption"
                                          }
                                        ],
                                        "type": "ComponentInfo"
                                      },
                                      {
                                        "class": "SimpleLabel",
                                        "key": "2_1486449746",
                                        "propList": [
                                          {
                                            "k": "styleMap",
                                            "v": {
                                              "name": "styleMap",
                                              "properties": [
                                                {
                                                  "name": "margin-bottom",
                                                  "value": "15px"
                                                },
                                                {
                                                  "name": "margin-left",
                                                  "value": "0px"
                                                }
                                              ],
                                              "type": "PropertyMap[styleMap]"
                                            }
                                          },
                                          {
                                            "k": "width",
                                            "v": 45
                                          },
                                          {
                                            "k": "height",
                                            "v": 19
                                          },
                                          {
                                            "k": "name",
                                            "v": "Label6"
                                          },
                                          {
                                            "k": "left",
                                            "v": 227
                                          },
                                          {
                                            "k": "top",
                                            "v": 8
                                          },
                                          {
                                            "k": "autoWidth",
                                            "v": true
                                          },
                                          {
                                            "k": "autoHeight",
                                            "v": true
                                          },
                                          {
                                            "k": "variant",
                                            "v": "Caption"
                                          },
                                          {
                                            "k": "bindings",
                                            "v": {
                                              "list": [{
                                                "sourceExpression": "text",
                                                "targetExpression": "@properties.yg6ky7St#formatDate(\u0027MMM d\u0027)",
                                                "targetLiteralExpression": "@properties.StartDate#formatDate(\u0027MMM d\u0027)",
                                                "type": "BindingInfo"
                                              }],
                                              "type": "List[BindingInfo]"
                                            }
                                          },
                                          {
                                            "k": "text",
                                            "v": "@Owner"
                                          },
                                          {
                                            "k": "constrain_left",
                                            "v": true
                                          },
                                          {
                                            "k": "constrain_right",
                                            "v": false
                                          },
                                          {
                                            "k": "constrain_width",
                                            "v": true
                                          },
                                          {
                                            "k": "constrain_minWidth",
                                            "v": false
                                          },
                                          {
                                            "k": "constrain_maxWidth",
                                            "v": false
                                          },
                                          {
                                            "k": "constrain_top",
                                            "v": true
                                          },
                                          {
                                            "k": "constrain_bottom",
                                            "v": false
                                          },
                                          {
                                            "k": "constrain_height",
                                            "v": true
                                          },
                                          {
                                            "k": "constrain_minHeight",
                                            "v": false
                                          },
                                          {
                                            "k": "constrain_maxHeight",
                                            "v": false
                                          }
                                        ],
                                        "type": "ComponentInfo"
                                      },
                                      {
                                        "class": "SimpleLabel",
                                        "key": "3_2083332787",
                                        "propList": [
                                          {
                                            "k": "styleMap",
                                            "v": {
                                              "name": "styleMap",
                                              "properties": [{
                                                "name": "margin-left",
                                                "value": "0px"
                                              }],
                                              "type": "PropertyMap[styleMap]"
                                            }
                                          },
                                          {
                                            "k": "width",
                                            "v": 28
                                          },
                                          {
                                            "k": "height",
                                            "v": 15
                                          },
                                          {
                                            "k": "name",
                                            "v": "Label8"
                                          },
                                          {
                                            "k": "left",
                                            "v": 252
                                          },
                                          {
                                            "k": "top",
                                            "v": 10
                                          },
                                          {
                                            "k": "autoWidth",
                                            "v": true
                                          },
                                          {
                                            "k": "autoHeight",
                                            "v": true
                                          },
                                          {
                                            "k": "text",
                                            "v": " to "
                                          },
                                          {
                                            "k": "constrain_left",
                                            "v": true
                                          },
                                          {
                                            "k": "constrain_right",
                                            "v": false
                                          },
                                          {
                                            "k": "constrain_width",
                                            "v": true
                                          },
                                          {
                                            "k": "constrain_minWidth",
                                            "v": false
                                          },
                                          {
                                            "k": "constrain_maxWidth",
                                            "v": false
                                          },
                                          {
                                            "k": "constrain_top",
                                            "v": true
                                          },
                                          {
                                            "k": "constrain_bottom",
                                            "v": false
                                          },
                                          {
                                            "k": "constrain_height",
                                            "v": true
                                          },
                                          {
                                            "k": "constrain_minHeight",
                                            "v": false
                                          },
                                          {
                                            "k": "constrain_maxHeight",
                                            "v": false
                                          },
                                          {
                                            "k": "variant",
                                            "v": "Caption"
                                          }
                                        ],
                                        "type": "ComponentInfo"
                                      },
                                      {
                                        "class": "SimpleLabel",
                                        "key": "5_1410829166",
                                        "propList": [
                                          {
                                            "k": "styleMap",
                                            "v": {
                                              "name": "styleMap",
                                              "properties": [
                                                {
                                                  "name": "margin-bottom",
                                                  "value": "15px"
                                                },
                                                {
                                                  "name": "margin-left",
                                                  "value": "0px"
                                                }
                                              ],
                                              "type": "PropertyMap[styleMap]"
                                            }
                                          },
                                          {
                                            "k": "width",
                                            "v": 61
                                          },
                                          {
                                            "k": "height",
                                            "v": 19
                                          },
                                          {
                                            "k": "name",
                                            "v": "Label9"
                                          },
                                          {
                                            "k": "left",
                                            "v": 230
                                          },
                                          {
                                            "k": "top",
                                            "v": 8
                                          },
                                          {
                                            "k": "autoWidth",
                                            "v": true
                                          },
                                          {
                                            "k": "autoHeight",
                                            "v": true
                                          },
                                          {
                                            "k": "variant",
                                            "v": "Caption"
                                          },
                                          {
                                            "k": "bindings",
                                            "v": {
                                              "list": [{
                                                "sourceExpression": "text",
                                                "targetExpression": "@properties.zUNlJJdF#formatDate(\u0027MMM d\u0027)",
                                                "targetLiteralExpression": "@properties.EndDate#formatDate(\u0027MMM d\u0027)",
                                                "type": "BindingInfo"
                                              }],
                                              "type": "List[BindingInfo]"
                                            }
                                          },
                                          {
                                            "k": "text",
                                            "v": "@StartDate"
                                          },
                                          {
                                            "k": "constrain_left",
                                            "v": true
                                          },
                                          {
                                            "k": "constrain_right",
                                            "v": false
                                          },
                                          {
                                            "k": "constrain_width",
                                            "v": true
                                          },
                                          {
                                            "k": "constrain_minWidth",
                                            "v": false
                                          },
                                          {
                                            "k": "constrain_maxWidth",
                                            "v": false
                                          },
                                          {
                                            "k": "constrain_top",
                                            "v": true
                                          },
                                          {
                                            "k": "constrain_bottom",
                                            "v": false
                                          },
                                          {
                                            "k": "constrain_height",
                                            "v": true
                                          },
                                          {
                                            "k": "constrain_minHeight",
                                            "v": false
                                          },
                                          {
                                            "k": "constrain_maxHeight",
                                            "v": false
                                          }
                                        ],
                                        "type": "ComponentInfo"
                                      }
                                    ],
                                    "type": "List[ComponentInfo]"
                                  }
                                },
                                {
                                  "k": "variant",
                                  "v": "Transparent"
                                }
                              ],
                              "type": "ComponentInfo"
                            }
                          ],
                          "type": "List[ComponentInfo]"
                        }
                      },
                      {
                        "k": "variant",
                        "v": "Transparent"
                      }
                    ],
                    "type": "ComponentInfo"
                  },
                  {
                    "class": "HtmlArea",
                    "key": "0_1884795797",
                    "propList": [
                      {
                        "k": "styleMap",
                        "v": {
                          "name": "styleMap",
                          "properties": [],
                          "type": "PropertyMap[styleMap]"
                        }
                      },
                      {
                        "k": "html",
                        "v": "HTML"
                      },
                      {
                        "k": "width",
                        "v": 200
                      },
                      {
                        "k": "height",
                        "v": 100
                      },
                      {
                        "k": "name",
                        "v": "Html1"
                      },
                      {
                        "k": "left",
                        "v": 263
                      },
                      {
                        "k": "top",
                        "v": 6
                      },
                      {
                        "k": "autoWidth",
                        "v": true
                      },
                      {
                        "k": "autoHeight",
                        "v": true
                      },
                      {
                        "k": "align",
                        "v": "stretch"
                      },
                      {
                        "k": "grow",
                        "v": 0
                      },
                      {
                        "k": "bindings",
                        "v": {
                          "list": [{
                            "sourceExpression": "html",
                            "targetExpression": "@properties.1WhKZDEw",
                            "targetLiteralExpression": "@properties.Content",
                            "type": "BindingInfo"
                          }],
                          "type": "List[BindingInfo]"
                        }
                      },
                      {
                        "k": "styles",
                        "v": {
                          "list": ["largerText"],
                          "type": "List[String]"
                        }
                      }
                    ],
                    "type": "ComponentInfo"
                  },
                  {
                    "class": "Panel",
                    "key": "0_998442732",
                    "propList": [
                      {
                        "k": "styleMap",
                        "v": {
                          "name": "styleMap",
                          "properties": [
                            {
                              "name": "padding-bottom",
                              "value": "5px"
                            },
                            {
                              "name": "padding-top",
                              "value": "30px"
                            }
                          ],
                          "type": "PropertyMap[styleMap]"
                        }
                      },
                      {
                        "k": "width",
                        "v": 400
                      },
                      {
                        "k": "height",
                        "v": 200
                      },
                      {
                        "k": "layout",
                        "v": "horizontal"
                      },
                      {
                        "k": "name",
                        "v": "Footer"
                      },
                      {
                        "k": "left",
                        "v": 0
                      },
                      {
                        "k": "top",
                        "v": 0
                      },
                      {
                        "k": "autoWidth",
                        "v": true
                      },
                      {
                        "k": "align",
                        "v": "stretch"
                      },
                      {
                        "k": "autoHeight",
                        "v": true
                      },
                      {
                        "k": "variant",
                        "v": "Transparent"
                      },
                      {
                        "k": "children",
                        "v": {
                          "list": [{
                            "class": "SimpleLabel",
                            "key": "0_553397558",
                            "propList": [
                              {
                                "k": "styleMap",
                                "v": {
                                  "name": "styleMap",
                                  "properties": [],
                                  "type": "PropertyMap[styleMap]"
                                }
                              },
                              {
                                "k": "width",
                                "v": 100
                              },
                              {
                                "k": "height",
                                "v": 20
                              },
                              {
                                "k": "name",
                                "v": "Label11"
                              },
                              {
                                "k": "left",
                                "v": 0
                              },
                              {
                                "k": "top",
                                "v": 0
                              },
                              {
                                "k": "autoWidth",
                                "v": true
                              },
                              {
                                "k": "autoHeight",
                                "v": true
                              },
                              {
                                "k": "text",
                                "v": "#new"
                              },
                              {
                                "k": "styles",
                                "v": {
                                  "list": [
                                    "hashtag",
                                    "new"
                                  ],
                                  "type": "List[String]"
                                }
                              },
                              {
                                "k": "bindings",
                                "v": {
                                  "list": [{
                                    "sourceExpression": "visible",
                                    "targetExpression": "@properties.VE02yWK5",
                                    "targetLiteralExpression": "@properties.IsNew",
                                    "type": "BindingInfo"
                                  }],
                                  "type": "List[BindingInfo]"
                                }
                              }
                            ],
                            "type": "ComponentInfo"
                          }],
                          "type": "List[ComponentInfo]"
                        }
                      },
                      {
                        "k": "alignChildren",
                        "v": "center"
                      }
                    ],
                    "type": "ComponentInfo"
                  }
                ],
                "type": "List[ComponentInfo]"
              }
            },
            {
              "k": "variant",
              "v": "Transparent"
            },
            {
              "k": "grow",
              "v": 1
            },
            {
              "k": "justify",
              "v": "start"
            },
            {
              "k": "right",
              "v": 0
            },
            {
              "k": "constrain_right",
              "v": true
            },
            {
              "k": "constrain_width",
              "v": false
            },
            {
              "k": "bottom",
              "v": 100
            },
            {
              "k": "constrain_bottom",
              "v": false
            },
            {
              "k": "constrain_height",
              "v": true
            },
            {
              "k": "styles",
              "v": {
                "list": [],
                "type": "List[String]"
              }
            }
          ],
          "type": "ComponentInfo"
        }],
        "type": "List[ComponentInfo]"
      }
    },
    {
      "k": "pageCss",
      "v": ".largerText {\n  font-size: 16px;\n  line-height: 1.3em;\n}\n\n.app-Panel--Audience {\n  border: 1px solid #565; \n}\n.app-Panel--Box {\n  padding: 3px 5px 3px 5px;\n  border: 1px dotted #eee;\n\n}\n.app-Label--Digest {\n  color: #999;\n  text-decoration-line: underline;\n  text-decoration-style: wavy;\n}\n\n.hashtag {\n  color: rgb(255, 255, 255);\n  font-size: 14px;\n  padding: 5px;\n  padding-right: 8px;\n  -webkit-border-radius: 10px;\n  -moz-border-radius: 10px;\n  border-radius: 5px;\n  background: rgb(210, 20, 20);\n  background: -moz-linear-gradient(90deg, rgb(210, 20, 20) 30%, rgb(250, 20, 20) 70%);\n  background: -webkit-linear-gradient(90deg, rgb(210, 20, 20) 30%, rgb(250, 20, 20) 70%);\n  background: -o-linear-gradient(90deg, rgb(210, 20, 20) 30%, rgb(250, 20, 20) 70%);\n  background: -ms-linear-gradient(90deg, rgb(210, 20, 20) 30%, rgb(250, 20, 20) 70%);\n  background: linear-gradient(0deg, rgb(210, 20, 20) 30%, rgb(250, 20, 20) 70%);\n  -webkit-box-shadow: 0px 1px 1px rgba(50, 50, 50, 0.75);\n  -moz-box-shadow:    0px 1px 1px rgba(50, 50, 50, 0.75);\n  box-shadow:         0px 1px 1px rgba(50, 50, 50, 0.75);\n}\n\n.new {\n  color: rgb(10, 10, 10) !important;\n  background: rgb(20, 220, 20) !important;\n}\n\n.app-Label--Icon {\n  color: #ddd;\n  font-size:1.2em;\n}\n\n.on {\n  color: black;\n}"
    },
    {
      "k": "variant",
      "v": "Transparent"
    }
  ],
  "type": "ComponentInfo"
}