{
  "applicationTimeZone": "Asia/Kuala_Lumpur",
  "executionMode": "USER",
  "globalCss": ".app-Panel--Background {\n  background-color: #999; \n}\n\n.audienceSelect {\n  color: #d13b32 !important;\n}\n\n.bordered {\n  border: 1px solid #d13b32; \n  border-radius: 5px;\n\n}\n\n.box {\n    overflow: hidden !important;\n \tposition: relative;\n\twidth: 500px;\n\tpadding: 50px;\n\tmargin: 0 auto;\n\tbackground-color: #fff;\n\t-webkit-box-shadow: 0 0 4px rgba(0, 0, 0, 0.2), inset 0 0 50px rgba(0, 0, 0, 0.1);\n\t-moz-box-shadow: 0 0 4px rgba(0, 0, 0, 0.2), inset 0 0 50px rgba(0, 0, 0, 0.1);\n\tbox-shadow: 0 0 5px rgba(0, 0, 0, 0.2), inset 0 0 10px rgba(0, 0, 0, 0.1);\n}\n\n.box:before, .box:after\n{\n\tposition: absolute;\n\twidth: 40%;\n\theight: 10px;\n\tcontent: \u0027 \u0027;\n\tleft: 12px;\n\tbottom: 12px;\n\tbackground: transparent;\n\t-webkit-transform: skew(-5deg) rotate(-5deg);\n\t-moz-transform: skew(-5deg) rotate(-5deg);\n\t-ms-transform: skew(-5deg) rotate(-5deg);\n\t-o-transform: skew(-5deg) rotate(-5deg);\n\ttransform: skew(-5deg) rotate(-5deg);\n\t-webkit-box-shadow: 0 6px 12px rgba(0, 0, 0, 0.3);\n\t-moz-box-shadow: 0 6px 12px rgba(0, 0, 0, 0.3);\n\tbox-shadow: 0 6px 12px rgba(0, 0, 0, 0.3);\n\tz-index: -1;\n} \n\n.box:after {\n\tleft: auto;\n\tright: 12px;\n\t-webkit-transform: skew(5deg) rotate(5deg);\n\t-moz-transform: skew(5deg) rotate(5deg);\n\t-ms-transform: skew(5deg) rotate(5deg);\n\t-o-transform: skew(5deg) rotate(5deg);\n\ttransform: skew(5deg) rotate(5deg);\n}\n\n.red {\n  background-color: #d13b32;\n}\n\n.app-ListRow {\n  border-left: initial;\n}\n\n\n.light {\n  background-color: #eee;\n}\n\n.white {\n  background-color: #fff;\n}\n\n.dark {\n  background-color: #aaa;\n}",
  "groups": [],
  "initialViewKey": "WUQtOvH9awk8YYBHh53vGblXXPBWZqYh",
  "libraries": [
    "https://ajax.googleapis.com/ajax/libs/jquery/3.3.1/jquery.min.js",
    "https://momentjs.com/downloads/moment.min.js",
    "https://momentjs.com/downloads/moment-timezone-with-data-10-year-range.min.js"
  ],
  "onAppStart": "onAppLoad(loader);",
  "templateKey": "1rj_hh7-pcsjZ94js41t_3CgNMbGmZWQp",
  "viewportResolutions": [{
    "height": 1000,
    "key": "zLj2v09u",
    "name": "Breakpoint",
    "width": 950
  }]
}